"Area nr"	Prioritet	Ankomst	Starttid	Kund	Ordernr	Transportör	Status	Timestamp	Zon	Aktiv	"Max pall"	"Min pall"	Kund	Transportör	Yta	"Dispatch dag"	Noteringar	Lagerplats	Bolag	Rutt	Stopp	Användare
1							30	"2026-03-10 20:04:11"							UTL01	1		UTL01	GG			FILI10
1							30	"2024-11-05 09:07:00"							UTL01	2		UTL01	GG			IT
1							30	"2024-11-05 09:07:00"							UTL01	3		UTL01	GG			IT
1							30	"2024-11-05 09:07:00"							UTL01	4		UTL01	GG			IT
1							30	"2024-11-05 09:07:00"							UTL01	5		UTL01	GG			IT
1							30	"2024-11-05 09:07:00"							UTL01	6		UTL01	GG			IT
10							30	"2025-12-23 09:37:43"							UTL10	1		UTL10	GG			IT
10							30	"2026-03-09 08:13:04"							UTL10	2		UTL10	GG			FILI10
10							30	"2024-11-05 09:07:00"							UTL10	3		UTL10	GG			IT
10							30	"2024-11-05 09:07:00"							UTL10	4		UTL10	GG			IT
10							30	"2024-11-05 09:07:00"							UTL10	5		UTL10	GG			IT
10							30	"2024-11-05 09:07:00"							UTL10	6		UTL10	GG			IT
102							30	"2024-11-29 13:14:00"							PORT25	2		PORT25	GG			IT
102							30	"2024-11-29 13:14:00"							PORT25	3		PORT25	GG			IT
102							30	"2025-02-26 11:07:29"							PORT25	4		PORT25	GG			HANN85
102							30	"2024-11-29 13:14:00"							PORT25	5		PORT25	GG			IT
102							30	"2024-11-29 13:14:00"							PORT25	6		PORT25	GG			IT
102							30	"2025-04-16 07:13:20"							PORT25	7		PORT25	GG			
103							30	"2024-11-29 13:14:00"							PORT26	1		PORT26	GG			IT
103							30	"2024-11-29 13:14:00"							PORT26	2		PORT26	GG			IT
103							30	"2024-11-29 13:14:00"							PORT26	3		PORT26	GG			IT
103							30	"2024-11-29 13:14:00"							PORT26	4		PORT26	GG			IT
103							30	"2024-11-29 13:14:00"							PORT26	5		PORT26	GG			IT
103							30	"2024-11-29 13:14:00"							PORT26	6		PORT26	GG			IT
104							30	"2024-11-29 13:14:00"							PORT27	1		PORT27	GG			IT
104							30	"2024-11-29 13:14:00"							PORT27	2		PORT27	GG			IT
104							30	"2024-11-29 13:14:00"							PORT27	3		PORT27	GG			IT
104							30	"2024-11-29 13:14:00"							PORT27	4		PORT27	GG			IT
104							30	"2024-11-29 13:14:00"							PORT27	5		PORT27	GG			IT
104							30	"2024-11-29 13:14:00"							PORT27	6		PORT27	GG			IT
105							30	"2024-11-29 13:14:00"							PORT28	1		PORT28	GG			IT
105							30	"2025-01-28 08:21:00"							PORT28	2		PORT28	GG			ELLI92
105							30	"2024-11-29 13:14:00"							PORT28	3		PORT28	GG			IT
105							30	"2024-11-29 13:14:00"							PORT28	4		PORT28	GG			IT
105							30	"2024-11-29 13:14:00"							PORT28	5		PORT28	GG			IT
105							30	"2024-11-29 13:14:00"							PORT28	6		PORT28	GG			IT
106							30	"2025-02-21 14:29:00"							PORT29	1		PORT29	GG			OSCA45
106							30	"2024-11-29 13:14:00"							PORT29	2		PORT29	GG			IT
106							30	"2024-11-29 13:14:00"							PORT29	3		PORT29	GG			IT
106							30	"2024-11-29 13:14:00"							PORT29	4		PORT29	GG			IT
106							30	"2024-11-29 13:14:00"							PORT29	5		PORT29	GG			IT
106							30	"2024-11-29 13:14:00"							PORT29	6		PORT29	GG			IT
107							30	"2024-11-29 13:14:00"							PORT30	1		PORT30	GG			IT
107							30	"2024-11-29 13:14:00"							PORT30	2		PORT30	GG			IT
107							30	"2024-11-29 13:14:00"							PORT30	3		PORT30	GG			IT
107							30	"2024-11-29 13:14:00"							PORT30	4		PORT30	GG			IT
107							30	"2024-11-29 13:14:00"							PORT30	5		PORT30	GG			IT
107							30	"2024-11-29 13:14:00"							PORT30	6		PORT30	GG			IT
108							30	"2024-11-29 13:14:00"							PORT31	1		PORT31	GG			IT
108							30	"2024-11-29 13:14:00"							PORT31	2		PORT31	GG			IT
108							30	"2024-11-29 13:14:00"							PORT31	3		PORT31	GG			IT
108							30	"2024-11-29 13:14:00"							PORT31	4		PORT31	GG			IT
108							30	"2024-11-29 13:14:00"							PORT31	5		PORT31	GG			IT
108							30	"2024-11-29 13:14:00"							PORT31	6		PORT31	GG			IT
109							30	"2024-11-29 13:14:00"							PORT32	1		PORT32	GG			IT
109							30	"2024-11-29 13:14:00"							PORT32	2		PORT32	GG			IT
109							30	"2024-11-29 13:14:00"							PORT32	3		PORT32	GG			IT
109							30	"2024-11-29 13:14:00"							PORT32	4		PORT32	GG			IT
109							30	"2024-11-29 13:14:00"							PORT32	5		PORT32	GG			IT
109							30	"2024-11-29 13:14:00"							PORT32	6		PORT32	GG			IT
11							30	"2025-12-23 09:37:43"							UTL11	1		UTL11	GG			IT
11							30	"2025-12-22 10:29:54"							UTL11	2		UTL11	GG			IT
11							30	"2024-11-05 09:07:00"							UTL11	3		UTL11	GG			IT
11							30	"2024-11-05 09:07:00"							UTL11	4		UTL11	GG			IT
11							30	"2024-11-05 09:07:00"							UTL11	5		UTL11	GG			IT
11							30	"2024-11-05 09:07:00"							UTL11	6		UTL11	GG			IT
110							30	"2024-11-29 13:14:00"							PORT33	1		PORT33	GG			IT
110							30	"2024-11-29 13:14:00"							PORT33	2		PORT33	GG			IT
110							30	"2024-11-29 13:14:00"							PORT33	3		PORT33	GG			IT
110							30	"2024-11-29 13:14:00"							PORT33	4		PORT33	GG			IT
110							30	"2024-11-29 13:14:00"							PORT33	5		PORT33	GG			IT
110							30	"2024-11-29 13:14:00"							PORT33	6		PORT33	GG			IT
111							30	"2024-11-29 13:14:00"							PORT34	1		PORT34	GG			IT
111							30	"2024-11-29 13:14:00"							PORT34	2		PORT34	GG			IT
111							30	"2024-11-29 13:14:00"							PORT34	3		PORT34	GG			IT
111							30	"2024-11-29 13:14:00"							PORT34	4		PORT34	GG			IT
111							30	"2024-11-29 13:14:00"							PORT34	5		PORT34	GG			IT
111							30	"2024-11-29 13:14:00"							PORT34	6		PORT34	GG			IT
112							30	"2025-05-06 06:57:51"							PORT35	1		PORT35	GG			MUNC85
112							30	"2025-05-06 06:57:51"							PORT35	2		PORT35	GG			MUNC85
112							30	"2025-05-06 06:57:51"							PORT35	3		PORT35	GG			MUNC85
112							30	"2025-05-06 06:57:51"							PORT35	4		PORT35	GG			MUNC85
112							30	"2025-05-06 06:58:38"							PORT35	5		PORT35	GG			MUNC85
112							30	"2025-05-06 06:57:51"							PORT35	6		PORT35	GG			MUNC85
113							30	"2024-11-29 13:14:00"							PORT36	1		PORT36	GG			IT
113							30	"2024-11-29 13:14:00"							PORT36	2		PORT36	GG			IT
113							30	"2024-11-29 13:14:00"							PORT36	3		PORT36	GG			IT
113							30	"2024-11-29 13:14:00"							PORT36	4		PORT36	GG			IT
113							30	"2024-11-29 13:14:00"							PORT36	5		PORT36	GG			IT
113							30	"2024-11-29 13:14:00"							PORT36	6		PORT36	GG			IT
114							30	"2024-11-29 13:14:00"							PORT37	1		PORT37	GG			IT
114							30	"2024-11-29 13:14:00"							PORT37	2		PORT37	GG			IT
114							30	"2024-11-29 13:14:00"							PORT37	3		PORT37	GG			IT
114							30	"2024-11-29 13:14:00"							PORT37	4		PORT37	GG			IT
114							30	"2024-11-29 13:14:00"							PORT37	5		PORT37	GG			IT
114							30	"2024-11-29 13:14:00"							PORT37	6		PORT37	GG			IT
115							30	"2024-11-29 13:14:00"							PORT38	1		PORT38	GG			IT
115							30	"2024-11-29 13:14:00"							PORT38	2		PORT38	GG			IT
115							30	"2024-11-29 13:14:00"							PORT38	3		PORT38	GG			IT
115							30	"2024-11-29 13:14:00"							PORT38	4		PORT38	GG			IT
115							30	"2024-11-29 13:14:00"							PORT38	5		PORT38	GG			IT
115							30	"2024-11-29 13:14:00"							PORT38	6		PORT38	GG			IT
116							30	"2024-11-29 13:14:00"							PORT39	1		PORT39	GG			IT
116							30	"2024-11-29 13:14:00"							PORT39	2		PORT39	GG			IT
116							30	"2024-11-29 13:14:00"							PORT39	3		PORT39	GG			IT
116							30	"2024-11-29 13:14:00"							PORT39	4		PORT39	GG			IT
116							30	"2024-11-29 13:14:00"							PORT39	5		PORT39	GG			IT
116							30	"2024-11-29 13:14:00"							PORT39	6		PORT39	GG			IT
117							30	"2024-11-29 13:14:00"							PORT40	1		PORT40	GG			IT
117							30	"2024-11-29 13:14:00"							PORT40	2		PORT40	GG			IT
117							30	"2024-11-29 13:14:00"							PORT40	3		PORT40	GG			IT
117							30	"2024-11-29 13:14:00"							PORT40	4		PORT40	GG			IT
117							30	"2024-11-29 13:14:00"							PORT40	5		PORT40	GG			IT
117							30	"2024-11-29 13:14:00"							PORT40	6		PORT40	GG			IT
118							30	"2024-11-29 13:14:00"							PORT41	1		PORT41	GG			IT
118							30	"2024-11-29 13:14:00"							PORT41	2		PORT41	GG			IT
118							30	"2024-11-29 13:14:00"							PORT41	3		PORT41	GG			IT
118							30	"2024-11-29 13:14:00"							PORT41	4		PORT41	GG			IT
118							30	"2024-11-29 13:14:00"							PORT41	5		PORT41	GG			IT
118							30	"2024-11-29 13:14:00"							PORT41	6		PORT41	GG			IT
119							30	"2024-11-29 13:14:00"							PORT42	1		PORT42	GG			IT
119							30	"2024-11-29 13:14:00"							PORT42	2		PORT42	GG			IT
119							30	"2024-11-29 13:14:00"							PORT42	3		PORT42	GG			IT
119							30	"2024-11-29 13:14:00"							PORT42	4		PORT42	GG			IT
119							30	"2024-11-29 13:14:00"							PORT42	5		PORT42	GG			IT
119							30	"2024-11-29 13:14:00"							PORT42	6		PORT42	GG			IT
12							30	"2026-03-10 20:04:11"							UTL12	1		UTL12	GG			FILI10
12							30	"2025-12-22 10:29:54"							UTL12	2		UTL12	GG			IT
12							30	"2024-11-05 09:07:00"							UTL12	3		UTL12	GG			IT
12							30	"2024-11-05 09:07:00"							UTL12	4		UTL12	GG			IT
12							30	"2024-11-05 09:07:00"							UTL12	5		UTL12	GG			IT
12							30	"2024-11-05 09:07:00"							UTL12	6		UTL12	GG			IT
120							30	"2024-11-29 13:14:00"							PORT43	1		PORT43	GG			IT
120							30	"2024-11-29 13:14:00"							PORT43	2		PORT43	GG			IT
120							30	"2024-11-29 13:14:00"							PORT43	3		PORT43	GG			IT
120							30	"2024-11-29 13:14:00"							PORT43	4		PORT43	GG			IT
120							30	"2024-11-29 13:14:00"							PORT43	5		PORT43	GG			IT
120							30	"2024-11-29 13:14:00"							PORT43	6		PORT43	GG			IT
121							30	"2024-11-29 13:14:00"							PORT44	1		PORT44	GG			IT
121							30	"2024-11-29 13:14:00"							PORT44	2		PORT44	GG			IT
121							30	"2024-11-29 13:14:00"							PORT44	3		PORT44	GG			IT
121							30	"2024-11-29 13:14:00"							PORT44	4		PORT44	GG			IT
121							30	"2024-11-29 13:14:00"							PORT44	5		PORT44	GG			IT
121							30	"2024-11-29 13:14:00"							PORT44	6		PORT44	GG			IT
122							30	"2024-11-29 13:14:00"							PORT45	1		PORT45	GG			IT
122							30	"2024-11-29 13:14:00"							PORT45	2		PORT45	GG			IT
122							30	"2024-11-29 13:14:00"							PORT45	3		PORT45	GG			IT
122							30	"2024-11-29 13:14:00"							PORT45	4		PORT45	GG			IT
122							30	"2024-11-29 13:14:00"							PORT45	5		PORT45	GG			IT
122							30	"2024-11-29 13:14:00"							PORT45	6		PORT45	GG			IT
123							30	"2024-11-29 13:14:00"							PORT46	1		PORT46	GG			IT
123							30	"2024-11-29 13:14:00"							PORT46	2		PORT46	GG			IT
123							30	"2024-11-29 13:14:00"							PORT46	3		PORT46	GG			IT
123							30	"2024-11-29 13:14:00"							PORT46	4		PORT46	GG			IT
123							30	"2024-11-29 13:14:00"							PORT46	5		PORT46	GG			IT
123							30	"2024-11-29 13:14:00"							PORT46	6		PORT46	GG			IT
124							30	"2024-11-29 13:14:00"							PORT47	1		PORT47	GG			IT
124							30	"2024-11-29 13:14:00"							PORT47	2		PORT47	GG			IT
124							30	"2024-11-29 13:14:00"							PORT47	3		PORT47	GG			IT
124							30	"2024-11-29 13:14:00"							PORT47	4		PORT47	GG			IT
124							30	"2024-11-29 13:14:00"							PORT47	5		PORT47	GG			IT
124							30	"2024-11-29 13:14:00"							PORT47	6		PORT47	GG			IT
125							30	"2024-11-29 13:14:00"							PORT48	1		PORT48	GG			IT
125							30	"2024-11-29 13:14:00"							PORT48	2		PORT48	GG			IT
125							30	"2024-11-29 13:14:00"							PORT48	3		PORT48	GG			IT
125							30	"2024-11-29 13:14:00"							PORT48	4		PORT48	GG			IT
125							30	"2024-11-29 13:14:00"							PORT48	5		PORT48	GG			IT
125							30	"2024-11-29 13:14:00"							PORT48	6		PORT48	GG			IT
13							30	"2025-12-23 09:37:43"							UTL13	1		UTL13	GG			IT
13							30	"2025-12-22 10:29:54"							UTL13	2		UTL13	GG			IT
13							30	"2024-11-05 09:07:00"							UTL13	3		UTL13	GG			IT
13							30	"2024-11-05 09:07:00"							UTL13	4		UTL13	GG			IT
13							30	"2024-11-05 09:07:00"							UTL13	5		UTL13	GG			IT
13							30	"2024-11-05 09:07:00"							UTL13	6		UTL13	GG			IT
14							30	"2025-12-23 09:37:44"							UTL14	1		UTL14	GG			IT
14							30	"2025-12-22 10:29:54"							UTL14	2		UTL14	GG			IT
14							30	"2024-11-05 09:07:00"							UTL14	3		UTL14	GG			IT
14							30	"2024-11-05 09:07:00"							UTL14	4		UTL14	GG			IT
14							30	"2024-11-05 09:07:00"							UTL14	5		UTL14	GG			IT
14							30	"2024-11-05 09:07:00"							UTL14	6		UTL14	GG			IT
15							30	"2025-12-23 09:37:44"							UTL15	1		UTL15	GG			IT
15							30	"2025-12-22 10:29:55"							UTL15	2		UTL15	GG			IT
15							30	"2024-11-05 09:07:00"							UTL15	3		UTL15	GG			IT
15							30	"2024-11-05 09:07:00"							UTL15	4		UTL15	GG			IT
15							30	"2024-11-05 09:07:00"							UTL15	5		UTL15	GG			IT
15							30	"2024-11-05 09:07:00"							UTL15	6		UTL15	GG			IT
16							30	"2025-12-23 09:37:44"							UTL16	1		UTL16	GG			IT
16							30	"2026-03-09 08:13:05"							UTL16	2		UTL16	GG			FILI10
16							30	"2024-11-05 09:07:00"							UTL16	3		UTL16	GG			IT
16							30	"2024-11-05 09:07:00"							UTL16	4		UTL16	GG			IT
16							30	"2024-11-05 09:07:00"							UTL16	5		UTL16	GG			IT
16							30	"2024-11-05 09:07:00"							UTL16	6		UTL16	GG			IT
17							30	"2025-12-23 09:37:44"							UTL17	1		UTL17	GG			IT
17							30	"2025-12-22 10:29:55"							UTL17	2		UTL17	GG			IT
17							30	"2024-11-05 09:07:00"							UTL17	3		UTL17	GG			IT
17							30	"2024-11-05 09:07:00"							UTL17	4		UTL17	GG			IT
17							30	"2024-11-05 09:07:00"							UTL17	5		UTL17	GG			IT
17							30	"2024-11-05 09:07:00"							UTL17	6		UTL17	GG			IT
18							30	"2025-12-23 09:37:44"							UTL18	1		UTL18	GG			IT
18							30	"2025-12-22 10:29:55"							UTL18	2		UTL18	GG			IT
18							30	"2024-11-05 09:07:00"							UTL18	3		UTL18	GG			IT
18							30	"2024-11-05 09:07:00"							UTL18	4		UTL18	GG			IT
18							30	"2024-11-05 09:07:00"							UTL18	5		UTL18	GG			IT
18							30	"2024-11-05 09:07:00"							UTL18	6		UTL18	GG			IT
19							30	"2025-12-23 09:37:44"							UTL19	1		UTL19	GG			IT
19							30	"2025-12-22 10:29:56"							UTL19	2		UTL19	GG			IT
19							30	"2024-11-05 09:07:00"							UTL19	3		UTL19	GG			IT
19							30	"2024-11-05 09:07:00"							UTL19	4		UTL19	GG			IT
19							30	"2024-11-05 09:07:00"							UTL19	5		UTL19	GG			IT
19							30	"2024-11-05 09:07:00"							UTL19	6		UTL19	GG			IT
2							30	"2025-12-23 09:37:43"							UTL02	1		UTL02	GG			IT
2							30	"2025-12-22 10:29:51"							UTL02	2		UTL02	GG			IT
2							30	"2024-11-05 09:07:00"							UTL02	3		UTL02	GG			IT
2							30	"2024-11-05 09:07:00"							UTL02	4		UTL02	GG			IT
2							30	"2024-11-05 09:07:00"							UTL02	5		UTL02	GG			IT
2							30	"2024-11-05 09:07:00"							UTL02	6		UTL02	GG			IT
20							30	"2025-12-23 09:37:44"							UTL20	1		UTL20	GG			IT
20							30	"2025-12-22 10:29:56"							UTL20	2		UTL20	GG			IT
20							30	"2024-11-05 09:07:00"							UTL20	3		UTL20	GG			IT
20							30	"2024-11-05 09:07:00"							UTL20	4		UTL20	GG			IT
20							30	"2024-11-05 09:07:00"							UTL20	5		UTL20	GG			IT
20							30	"2024-11-05 09:07:00"							UTL20	6		UTL20	GG			IT
21							30	"2025-12-23 09:37:44"							UTL21	1		UTL21	GG			IT
21							30	"2025-12-22 10:29:56"							UTL21	2		UTL21	GG			IT
21							30	"2024-11-05 09:07:00"							UTL21	3		UTL21	GG			IT
21							30	"2024-11-05 09:07:00"							UTL21	4		UTL21	GG			IT
21							30	"2024-11-05 09:07:00"							UTL21	5		UTL21	GG			IT
21							30	"2024-11-05 09:07:00"							UTL21	6		UTL21	GG			IT
22							30	"2025-12-23 09:37:44"							UTL22	1		UTL22	GG			IT
22							30	"2025-12-22 10:29:56"							UTL22	2		UTL22	GG			IT
22							30	"2024-11-05 09:07:00"							UTL22	3		UTL22	GG			IT
22							30	"2024-11-05 09:07:00"							UTL22	4		UTL22	GG			IT
22							30	"2024-11-05 09:07:00"							UTL22	5		UTL22	GG			IT
22							30	"2024-11-05 09:07:00"							UTL22	6		UTL22	GG			IT
23							30	"2025-12-23 09:37:44"							UTL23	1		UTL23	GG			IT
23							30	"2025-12-22 10:29:56"							UTL23	2		UTL23	GG			IT
23							30	"2024-11-05 09:07:00"							UTL23	3		UTL23	GG			IT
23							30	"2024-11-05 09:07:00"							UTL23	4		UTL23	GG			IT
23							30	"2024-11-05 09:07:00"							UTL23	5		UTL23	GG			IT
23							30	"2024-11-05 09:07:00"							UTL23	6		UTL23	GG			IT
24							30	"2025-12-23 09:37:44"							UTL24	1		UTL24	GG			IT
24							30	"2025-12-22 10:29:56"							UTL24	2		UTL24	GG			IT
24							30	"2024-11-05 09:07:00"							UTL24	3		UTL24	GG			IT
24							30	"2024-11-05 09:07:00"							UTL24	4		UTL24	GG			IT
24							30	"2024-11-05 09:07:00"							UTL24	5		UTL24	GG			IT
24							30	"2024-11-05 09:07:00"							UTL24	6		UTL24	GG			IT
25							30	"2025-12-23 09:37:44"							UTL25	1		UTL25	GG			IT
25							30	"2025-12-22 10:29:57"							UTL25	2		UTL25	GG			IT
25							30	"2024-11-05 09:07:00"							UTL25	3		UTL25	GG			IT
25							30	"2024-11-05 09:07:00"							UTL25	4		UTL25	GG			IT
25							30	"2024-11-05 09:07:00"							UTL25	5		UTL25	GG			IT
25							30	"2024-11-05 09:07:00"							UTL25	6		UTL25	GG			IT
26							30	"2025-12-23 09:37:44"							UTL26	1		UTL26	GG			IT
26							30	"2025-12-22 10:29:57"							UTL26	2		UTL26	GG			IT
26							30	"2024-11-05 09:07:00"							UTL26	3		UTL26	GG			IT
26							30	"2024-11-05 09:07:00"							UTL26	4		UTL26	GG			IT
26							30	"2024-11-05 09:07:00"							UTL26	5		UTL26	GG			IT
26							30	"2024-11-05 09:07:00"							UTL26	6		UTL26	GG			IT
27							30	"2025-12-23 09:37:45"							UTL27	1		UTL27	GG			IT
27							30	"2025-12-22 10:29:57"							UTL27	2		UTL27	GG			IT
27							30	"2024-11-05 09:07:00"							UTL27	3		UTL27	GG			IT
27							30	"2024-11-05 09:07:00"							UTL27	4		UTL27	GG			IT
27							30	"2024-11-05 09:07:00"							UTL27	5		UTL27	GG			IT
27							30	"2024-11-05 09:07:00"							UTL27	6		UTL27	GG			IT
28							30	"2025-12-23 09:37:45"							UTL28	1		UTL28	GG			IT
28							30	"2025-12-22 10:29:57"							UTL28	2		UTL28	GG			IT
28							30	"2024-11-05 09:07:00"							UTL28	3		UTL28	GG			IT
28							30	"2024-11-05 09:07:00"							UTL28	4		UTL28	GG			IT
28							30	"2024-11-05 09:07:00"							UTL28	5		UTL28	GG			IT
28							30	"2024-11-05 09:07:00"							UTL28	6		UTL28	GG			IT
29							30	"2025-12-23 09:37:45"							UTL29	1		UTL29	GG			IT
29							30	"2025-12-22 10:29:57"							UTL29	2		UTL29	GG			IT
29							30	"2024-11-05 09:07:00"							UTL29	3		UTL29	GG			IT
29							30	"2024-11-05 09:07:00"							UTL29	4		UTL29	GG			IT
29							30	"2024-11-05 09:07:00"							UTL29	5		UTL29	GG			IT
29							30	"2024-11-05 09:07:00"							UTL29	6		UTL29	GG			IT
3							30	"2025-12-23 09:37:43"							UTL03	1		UTL03	GG			IT
3							30	"2025-12-22 10:29:52"							UTL03	2		UTL03	GG			IT
3							30	"2024-11-05 09:07:00"							UTL03	3		UTL03	GG			IT
3							30	"2024-11-05 09:07:00"							UTL03	4		UTL03	GG			IT
3							30	"2024-11-05 09:07:00"							UTL03	5		UTL03	GG			IT
3							30	"2024-11-05 09:07:00"							UTL03	6		UTL03	GG			IT
30							30	"2025-12-23 09:37:45"							UTL30	1		UTL30	GG			IT
30							30	"2025-12-22 10:29:58"							UTL30	2		UTL30	GG			IT
30							30	"2024-11-05 09:07:00"							UTL30	3		UTL30	GG			IT
30							30	"2024-11-05 09:07:00"							UTL30	4		UTL30	GG			IT
30							30	"2024-11-05 09:07:00"							UTL30	5		UTL30	GG			IT
30							30	"2024-11-05 09:07:00"							UTL30	6		UTL30	GG			IT
31							30	"2025-12-23 09:37:45"							UTL31	1		UTL31	GG			IT
31							30	"2025-12-22 10:29:58"							UTL31	2		UTL31	GG			IT
31							30	"2024-11-05 09:07:00"							UTL31	3		UTL31	GG			IT
31							30	"2024-11-05 09:07:00"							UTL31	4		UTL31	GG			IT
31							30	"2024-11-05 09:07:00"							UTL31	5		UTL31	GG			IT
31							30	"2024-11-05 09:07:00"							UTL31	6		UTL31	GG			IT
32							30	"2025-12-23 09:37:45"							UTL32	1		UTL32	GG			IT
32							30	"2025-12-22 10:29:58"							UTL32	2		UTL32	GG			IT
32							30	"2024-11-05 09:07:00"							UTL32	3		UTL32	GG			IT
32							30	"2024-11-05 09:07:00"							UTL32	4		UTL32	GG			IT
32							30	"2024-11-05 09:07:00"							UTL32	5		UTL32	GG			IT
32							30	"2024-11-05 09:07:00"							UTL32	6		UTL32	GG			IT
33							30	"2025-12-23 09:37:45"							UTL33	1		UTL33	GG			IT
33							30	"2025-12-22 10:29:58"							UTL33	2		UTL33	GG			IT
33							30	"2024-11-05 09:07:00"							UTL33	3		UTL33	GG			IT
33							30	"2024-11-05 09:07:00"							UTL33	4		UTL33	GG			IT
33							30	"2024-11-05 09:07:00"							UTL33	5		UTL33	GG			IT
33							30	"2024-11-05 09:07:00"							UTL33	6		UTL33	GG			IT
34							30	"2025-12-23 09:37:45"							UTL34	1		UTL34	GG			IT
34							30	"2025-12-22 10:29:58"							UTL34	2		UTL34	GG			IT
34							30	"2024-11-05 09:07:00"							UTL34	3		UTL34	GG			IT
34							30	"2024-11-05 09:07:00"							UTL34	4		UTL34	GG			IT
34							30	"2024-11-05 09:07:00"							UTL34	5		UTL34	GG			IT
34							30	"2024-11-05 09:07:00"							UTL34	6		UTL34	GG			IT
35							30	"2025-12-23 09:37:45"							UTL35	1		UTL35	GG			IT
35							30	"2025-12-22 10:29:58"							UTL35	2		UTL35	GG			IT
35							30	"2024-11-05 09:07:00"							UTL35	3		UTL35	GG			IT
35							30	"2024-11-05 09:07:00"							UTL35	4		UTL35	GG			IT
35							30	"2024-11-05 09:07:00"							UTL35	5		UTL35	GG			IT
35							30	"2024-11-05 09:07:00"							UTL35	6		UTL35	GG			IT
36							30	"2025-12-23 09:37:45"							UTL36	1		UTL36	GG			IT
36							30	"2026-03-09 08:13:05"							UTL36	2		UTL36	GG			ELLI92
36							30	"2024-11-05 09:07:00"							UTL36	3		UTL36	GG			IT
36							30	"2024-11-05 09:07:00"							UTL36	4		UTL36	GG			IT
36							30	"2024-11-05 09:07:00"							UTL36	5		UTL36	GG			IT
36							30	"2024-11-05 09:07:00"							UTL36	6		UTL36	GG			IT
37							30	"2025-12-23 09:37:45"							UTL37	1		UTL37	GG			IT
37							30	"2025-12-22 10:29:59"							UTL37	2		UTL37	GG			IT
37							30	"2024-11-05 09:07:00"							UTL37	3		UTL37	GG			IT
37							30	"2024-11-05 09:07:00"							UTL37	4		UTL37	GG			IT
37							30	"2024-11-05 09:07:00"							UTL37	5		UTL37	GG			IT
37							30	"2024-11-05 09:07:00"							UTL37	6		UTL37	GG			IT
38							30	"2025-12-23 09:37:45"							UTL38	1		UTL38	GG			IT
38							30	"2026-01-08 12:32:01"							UTL38	2		UTL38	GG			IT
38							30	"2024-11-05 09:07:00"							UTL38	3		UTL38	GG			IT
38							30	"2024-11-05 09:07:00"							UTL38	4		UTL38	GG			IT
38							30	"2024-11-05 09:07:00"							UTL38	5		UTL38	GG			IT
38							30	"2024-11-05 09:07:00"							UTL38	6		UTL38	GG			IT
39							30	"2025-12-23 09:37:45"							UTL39	1		UTL39	GG			IT
39							30	"2026-01-08 12:32:01"							UTL39	2		UTL39	GG			IT
39							30	"2024-11-05 09:07:00"							UTL39	3		UTL39	GG			IT
39							30	"2024-11-05 09:07:00"							UTL39	4		UTL39	GG			IT
39							30	"2024-11-05 09:07:00"							UTL39	5		UTL39	GG			IT
39							30	"2024-11-05 09:07:00"							UTL39	6		UTL39	GG			IT
4							30	"2025-12-23 09:37:43"							UTL04	1		UTL04	GG			IT
4							30	"2025-12-22 10:29:52"							UTL04	2		UTL04	GG			IT
4							30	"2024-11-05 09:07:00"							UTL04	3		UTL04	GG			IT
4							30	"2024-11-05 09:07:00"							UTL04	4		UTL04	GG			IT
4							30	"2024-11-05 09:07:00"							UTL04	5		UTL04	GG			IT
4							30	"2024-11-05 09:07:00"							UTL04	6		UTL04	GG			IT
42							30	"2026-01-05 06:01:26"							UTL42	1		UTL42	GG			IT
42							30	"2025-12-22 10:30:02"							UTL42	2		UTL42	GG			IT
42							30	"2024-11-05 09:07:00"							UTL42	3		UTL42	GG			IT
42							30	"2024-11-05 09:07:00"							UTL42	4		UTL42	GG			IT
42							30	"2024-11-05 09:07:00"							UTL42	5		UTL42	GG			IT
42							30	"2024-11-05 09:07:00"							UTL42	6		UTL42	GG			IT
43							30	"2026-01-05 06:01:27"							UTL43	1		UTL43	GG			IT
43							30	"2025-12-22 10:30:03"							UTL43	2		UTL43	GG			IT
43							30	"2024-11-05 09:07:00"							UTL43	3		UTL43	GG			IT
43							30	"2024-11-05 09:07:00"							UTL43	4		UTL43	GG			IT
43							30	"2024-11-05 09:07:00"							UTL43	5		UTL43	GG			IT
43							30	"2024-11-05 09:07:00"							UTL43	6		UTL43	GG			IT
44							30	"2026-01-05 06:01:27"							UTL44	1		UTL44	GG			IT
44							30	"2025-12-22 10:30:04"							UTL44	2		UTL44	GG			IT
44							30	"2025-10-15 12:48:26"							UTL44	3		UTL44	GG			IT
44							30	"2024-11-05 09:07:00"							UTL44	4		UTL44	GG			IT
44							30	"2024-11-05 09:07:00"							UTL44	5		UTL44	GG			IT
44							30	"2024-11-05 09:07:00"							UTL44	6		UTL44	GG			IT
45							30	"2026-01-05 06:01:27"							UTL45	1		UTL45	GG			IT
45							30	"2025-12-22 10:30:04"							UTL45	2		UTL45	GG			IT
45							30	"2024-11-05 09:07:00"							UTL45	3		UTL45	GG			IT
45							30	"2024-11-05 09:07:00"							UTL45	4		UTL45	GG			IT
45							30	"2024-11-05 09:07:00"							UTL45	5		UTL45	GG			IT
45							30	"2024-11-05 09:07:00"							UTL45	6		UTL45	GG			IT
46							30	"2026-01-05 06:01:27"							UTL46	1		UTL46	GG			IT
46							30	"2025-12-22 10:30:04"							UTL46	2		UTL46	GG			IT
46							30	"2024-11-05 09:07:00"							UTL46	3		UTL46	GG			IT
46							30	"2024-11-05 09:07:00"							UTL46	4		UTL46	GG			IT
46							30	"2024-11-05 09:07:00"							UTL46	5		UTL46	GG			IT
46							30	"2024-11-05 09:07:00"							UTL46	6		UTL46	GG			IT
47							30	"2025-12-23 09:37:46"							UTL47	1		UTL47	GG			IT
47							30	"2025-12-22 10:30:04"							UTL47	2		UTL47	GG			IT
47							30	"2024-11-05 09:07:00"							UTL47	3		UTL47	GG			IT
47							30	"2024-11-05 09:07:00"							UTL47	4		UTL47	GG			IT
47							30	"2024-11-05 09:07:00"							UTL47	5		UTL47	GG			IT
47							30	"2024-11-05 09:07:00"							UTL47	6		UTL47	GG			IT
48							30	"2025-12-23 09:37:46"							UTL48	1		UTL48	GG			IT
48							30	"2025-12-22 10:30:05"							UTL48	2		UTL48	GG			IT
48							30	"2024-11-05 09:07:00"							UTL48	3		UTL48	GG			IT
48							30	"2024-11-05 09:07:00"							UTL48	4		UTL48	GG			IT
48							30	"2024-11-05 09:07:00"							UTL48	5		UTL48	GG			IT
48							30	"2024-11-05 09:07:00"							UTL48	6		UTL48	GG			IT
49							30	"2025-12-23 09:37:46"							UTL49	1		UTL49	GG			IT
49							30	"2025-12-22 10:30:05"							UTL49	2		UTL49	GG			IT
49							30	"2024-11-05 09:07:00"							UTL49	3		UTL49	GG			IT
49							30	"2024-11-05 09:07:00"							UTL49	4		UTL49	GG			IT
49							30	"2024-11-05 09:07:00"							UTL49	5		UTL49	GG			IT
49							30	"2024-11-05 09:07:00"							UTL49	6		UTL49	GG			IT
5							30	"2025-12-23 09:37:43"							UTL05	1		UTL05	GG			IT
5							30	"2025-12-22 10:29:52"							UTL05	2		UTL05	GG			IT
5							30	"2024-11-05 09:07:00"							UTL05	3		UTL05	GG			IT
5							30	"2024-11-05 09:07:00"							UTL05	4		UTL05	GG			IT
5							30	"2024-11-05 09:07:00"							UTL05	5		UTL05	GG			IT
5							30	"2024-11-05 09:07:00"							UTL05	6		UTL05	GG			IT
50							30	"2025-12-23 09:37:46"							UTL50	1		UTL50	GG			IT
50							30	"2025-12-22 10:30:05"							UTL50	2		UTL50	GG			IT
50							30	"2024-11-05 09:07:00"							UTL50	3		UTL50	GG			IT
50							30	"2024-11-05 09:07:00"							UTL50	4		UTL50	GG			IT
50							30	"2024-11-05 09:07:00"							UTL50	5		UTL50	GG			IT
50							30	"2024-11-05 09:07:00"							UTL50	6		UTL50	GG			IT
51							30	"2026-03-10 20:04:11"							UTL51	1		UTL51	GG			FILI10
51							30	"2025-12-22 10:30:05"							UTL51	2		UTL51	GG			IT
51							30	"2024-11-05 09:07:00"							UTL51	3		UTL51	GG			IT
51							30	"2024-11-05 09:07:00"							UTL51	4		UTL51	GG			IT
51							30	"2024-11-05 09:07:00"							UTL51	5		UTL51	GG			IT
51							30	"2024-11-05 09:07:00"							UTL51	6		UTL51	GG			IT
52							30	"2026-03-10 20:04:11"							UTL52	1		UTL52	GG			FILI10
52							30	"2025-12-22 10:30:06"							UTL52	2		UTL52	GG			IT
52							30	"2024-11-05 09:07:00"							UTL52	3		UTL52	GG			IT
52							30	"2024-11-05 09:07:00"							UTL52	4		UTL52	GG			IT
52							30	"2024-11-05 09:07:00"							UTL52	5		UTL52	GG			IT
52							30	"2024-11-05 09:07:00"							UTL52	6		UTL52	GG			IT
54							30	"2026-03-10 20:04:11"							UTL54	1		UTL54	GG			FILI10
54							30	"2025-12-22 10:30:07"							UTL54	2		UTL54	GG			IT
54							30	"2025-11-20 12:08:11"							UTL54	3		UTL54	GG			IT
54							30	"2024-11-05 09:07:00"							UTL54	4		UTL54	GG			IT
54							30	"2024-11-05 09:07:00"							UTL54	5		UTL54	GG			IT
54							30	"2024-11-05 09:07:00"							UTL54	6		UTL54	GG			IT
55							30	"2025-12-23 09:37:47"							UTL55	1		UTL55	GG			IT
55							30	"2025-12-22 10:30:07"							UTL55	2		UTL55	GG			IT
55							30	"2025-11-20 12:08:11"							UTL55	3		UTL55	GG			IT
55							30	"2024-11-05 09:07:00"							UTL55	4		UTL55	GG			IT
55							30	"2024-11-05 09:07:00"							UTL55	5		UTL55	GG			IT
55							30	"2024-11-05 09:07:00"							UTL55	6		UTL55	GG			IT
56							30	"2025-12-23 09:37:47"							UTL56	1		UTL56	GG			IT
56							30	"2025-12-22 10:30:08"							UTL56	2		UTL56	GG			IT
56							30	"2024-11-05 09:07:00"							UTL56	3		UTL56	GG			IT
56							30	"2024-11-05 09:07:00"							UTL56	4		UTL56	GG			IT
56							30	"2024-11-05 09:07:00"							UTL56	5		UTL56	GG			IT
56							30	"2024-11-05 09:07:00"							UTL56	6		UTL56	GG			IT
57							30	"2025-12-23 09:37:47"							UTL57	1		UTL57	GG			IT
57							30	"2025-12-22 10:30:09"							UTL57	2		UTL57	GG			IT
57							30	"2024-11-05 09:07:00"							UTL57	3		UTL57	GG			IT
57							30	"2024-11-05 09:07:00"							UTL57	4		UTL57	GG			IT
57							30	"2024-11-05 09:07:00"							UTL57	5		UTL57	GG			IT
57							30	"2024-11-05 09:07:00"							UTL57	6		UTL57	GG			IT
58							30	"2025-12-23 09:37:47"							UTL58	1		UTL58	GG			IT
58							30	"2025-12-22 10:30:09"							UTL58	2		UTL58	GG			IT
58							30	"2024-11-05 09:07:00"							UTL58	3		UTL58	GG			IT
58							30	"2024-11-05 09:07:00"							UTL58	4		UTL58	GG			IT
58							30	"2024-11-05 09:07:00"							UTL58	5		UTL58	GG			IT
58							30	"2024-11-05 09:07:00"							UTL58	6		UTL58	GG			IT
59							30	"2025-12-23 09:37:47"							UTL59	1		UTL59	GG			IT
59							30	"2025-12-22 10:30:09"							UTL59	2		UTL59	GG			IT
59							30	"2024-11-05 09:07:00"							UTL59	3		UTL59	GG			IT
59							30	"2024-11-05 09:07:00"							UTL59	4		UTL59	GG			IT
59							30	"2024-11-05 09:07:00"							UTL59	5		UTL59	GG			IT
59							30	"2024-11-05 09:07:00"							UTL59	6		UTL59	GG			IT
6							30	"2025-12-23 09:37:43"							UTL06	1		UTL06	GG			IT
6							30	"2025-12-22 10:29:53"							UTL06	2		UTL06	GG			IT
6							30	"2024-11-05 09:07:00"							UTL06	3		UTL06	GG			IT
6							30	"2024-11-05 09:07:00"							UTL06	4		UTL06	GG			IT
6							30	"2024-11-05 09:07:00"							UTL06	5		UTL06	GG			IT
6							30	"2024-11-05 09:07:00"							UTL06	6		UTL06	GG			IT
60							30	"2025-12-23 09:37:47"							UTL60	1		UTL60	GG			IT
60							30	"2025-12-22 10:30:09"							UTL60	2		UTL60	GG			IT
60							30	"2024-11-05 09:07:00"							UTL60	3		UTL60	GG			IT
60							30	"2024-11-05 09:07:00"							UTL60	4		UTL60	GG			IT
60							30	"2024-11-05 09:07:00"							UTL60	5		UTL60	GG			IT
60							30	"2024-11-05 09:07:00"							UTL60	6		UTL60	GG			IT
61							30	"2025-10-29 06:05:09"							UTL61	1		UTL61	GG			IT
61							30	"2024-11-05 09:07:00"							UTL61	2		UTL61	GG			IT
61							30	"2024-11-05 09:07:00"							UTL61	3		UTL61	GG			IT
61							30	"2024-11-05 09:07:00"							UTL61	4		UTL61	GG			IT
61							30	"2024-11-05 09:07:00"							UTL61	5		UTL61	GG			IT
61							30	"2024-11-05 09:07:00"							UTL61	6		UTL61	GG			IT
62							30	"2025-10-29 06:05:09"							UTL62	1		UTL62	GG			IT
62							30	"2025-08-26 06:20:32"							UTL62	2		UTL62	GG			IT
62							30	"2024-11-05 09:07:00"							UTL62	3		UTL62	GG			IT
62							30	"2025-08-28 06:20:56"							UTL62	4		UTL62	GG			IT
62							30	"2024-11-05 09:07:00"							UTL62	5		UTL62	GG			IT
62							30	"2024-11-05 09:07:00"							UTL62	6		UTL62	GG			IT
63							30	"2025-10-29 06:05:09"							UTL63	1		UTL63	GG			IT
63							30	"2025-08-26 06:20:32"							UTL63	2		UTL63	GG			IT
63							30	"2024-11-05 09:07:00"							UTL63	3		UTL63	GG			IT
63							30	"2024-11-05 09:07:00"							UTL63	4		UTL63	GG			IT
63							30	"2024-11-05 09:07:00"							UTL63	5		UTL63	GG			IT
63							30	"2024-11-05 09:07:00"							UTL63	6		UTL63	GG			IT
64							30	"2025-10-29 06:05:09"							UTL64	1		UTL64	GG			IT
64							30	"2024-11-05 09:07:00"							UTL64	2		UTL64	GG			IT
64							30	"2024-11-05 09:07:00"							UTL64	3		UTL64	GG			IT
64							30	"2024-11-05 09:07:00"							UTL64	4		UTL64	GG			IT
64							30	"2024-11-05 09:07:00"							UTL64	5		UTL64	GG			IT
64							30	"2024-11-05 09:07:00"							UTL64	6		UTL64	GG			IT
65							30	"2025-10-29 06:05:09"							UTL65	1		UTL65	GG			IT
65							30	"2026-03-09 08:13:05"							UTL65	2		UTL65	GG			FILI10
65							30	"2024-11-05 09:07:00"							UTL65	3		UTL65	GG			IT
65							30	"2025-10-09 06:41:12"							UTL65	4		UTL65	GG			IT
65							30	"2024-11-05 09:07:00"							UTL65	5		UTL65	GG			IT
65							30	"2024-11-05 09:07:00"							UTL65	6		UTL65	GG			IT
66							30	"2025-10-29 06:05:09"							UTL66	1		UTL66	GG			IT
66							30	"2026-03-09 08:13:05"							UTL66	2		UTL66	GG			FILI10
66							30	"2024-11-05 09:07:00"							UTL66	3		UTL66	GG			IT
66							30	"2025-10-09 06:41:12"							UTL66	4		UTL66	GG			IT
66							30	"2024-11-05 09:07:00"							UTL66	5		UTL66	GG			IT
66							30	"2024-11-05 09:07:00"							UTL66	6		UTL66	GG			IT
67							30	"2025-10-29 06:05:09"							UTL67	1		UTL67	GG			IT
67							30	"2024-11-05 09:07:00"							UTL67	2		UTL67	GG			IT
67							30	"2024-11-05 09:07:00"							UTL67	3		UTL67	GG			IT
67							30	"2025-10-09 06:41:12"							UTL67	4		UTL67	GG			IT
67							30	"2024-11-05 09:07:00"							UTL67	5		UTL67	GG			IT
67							30	"2024-11-05 09:07:00"							UTL67	6		UTL67	GG			IT
68							30	"2025-10-29 06:05:09"							UTL68	1		UTL68	GG			IT
68							30	"2024-11-05 09:07:00"							UTL68	2		UTL68	GG			IT
68							30	"2024-11-05 09:07:00"							UTL68	3		UTL68	GG			IT
68							30	"2025-10-09 06:41:12"							UTL68	4		UTL68	GG			IT
68							30	"2024-11-05 09:07:00"							UTL68	5		UTL68	GG			IT
68							30	"2024-11-05 09:07:00"							UTL68	6		UTL68	GG			IT
69							30	"2025-10-29 06:05:09"							UTL69	1		UTL69	GG			IT
69							30	"2024-11-05 09:07:00"							UTL69	2		UTL69	GG			IT
69							30	"2024-11-05 09:07:00"							UTL69	3		UTL69	GG			IT
69							30	"2025-10-09 06:41:12"							UTL69	4		UTL69	GG			IT
69							30	"2024-11-05 09:07:00"							UTL69	5		UTL69	GG			IT
69							30	"2024-11-05 09:07:00"							UTL69	6		UTL69	GG			IT
7							30	"2025-12-23 09:37:43"							UTL07	1		UTL07	GG			IT
7							30	"2025-12-22 10:29:53"							UTL07	2		UTL07	GG			IT
7							30	"2024-11-05 09:07:00"							UTL07	3		UTL07	GG			IT
7							30	"2024-11-05 09:07:00"							UTL07	4		UTL07	GG			IT
7							30	"2024-11-05 09:07:00"							UTL07	5		UTL07	GG			IT
7							30	"2024-11-05 09:07:00"							UTL07	6		UTL07	GG			IT
70							30	"2024-11-05 09:07:00"							UTL70	1		UTL70	GG			IT
70							30	"2024-11-05 09:07:00"							UTL70	2		UTL70	GG			IT
70							30	"2024-11-05 09:07:00"							UTL70	3		UTL70	GG			IT
70							30	"2024-11-05 09:07:00"							UTL70	4		UTL70	GG			IT
70							30	"2024-11-05 09:07:00"							UTL70	5		UTL70	GG			IT
70							30	"2024-11-05 09:07:00"							UTL70	6		UTL70	GG			IT
71							30	"2024-11-05 09:07:00"							UTL71	1		UTL71	GG			IT
71							30	"2024-11-05 09:07:00"							UTL71	2		UTL71	GG			IT
71							30	"2024-11-05 09:07:00"							UTL71	3		UTL71	GG			IT
71							30	"2024-11-05 09:07:00"							UTL71	4		UTL71	GG			IT
71							30	"2024-11-05 09:07:00"							UTL71	5		UTL71	GG			IT
71							30	"2024-11-05 09:07:00"							UTL71	6		UTL71	GG			IT
72							30	"2024-11-05 09:07:00"							UTL72	1		UTL72	GG			IT
72							30	"2024-11-05 09:07:00"							UTL72	2		UTL72	GG			IT
72							30	"2024-11-05 09:07:00"							UTL72	3		UTL72	GG			IT
72							30	"2024-11-05 09:07:00"							UTL72	4		UTL72	GG			IT
72							30	"2024-11-05 09:07:00"							UTL72	5		UTL72	GG			IT
72							30	"2024-11-05 09:07:00"							UTL72	6		UTL72	GG			IT
73							30	"2024-11-05 09:07:00"							UTL73	1		UTL73	GG			IT
73							30	"2024-11-05 09:07:00"							UTL73	2		UTL73	GG			IT
73							30	"2024-11-05 09:07:00"							UTL73	3		UTL73	GG			IT
73							30	"2024-11-05 09:07:00"							UTL73	4		UTL73	GG			IT
73							30	"2024-11-05 09:07:00"							UTL73	5		UTL73	GG			IT
73							30	"2024-11-05 09:07:00"							UTL73	6		UTL73	GG			IT
74							30	"2024-11-05 09:07:00"							UTL74	1		UTL74	GG			IT
74							30	"2024-11-05 09:07:00"							UTL74	2		UTL74	GG			IT
74							30	"2024-11-05 09:07:00"							UTL74	3		UTL74	GG			IT
74							30	"2024-11-05 09:07:00"							UTL74	4		UTL74	GG			IT
74							30	"2024-11-05 09:07:00"							UTL74	5		UTL74	GG			IT
74							30	"2024-11-05 09:07:00"							UTL74	6		UTL74	GG			IT
75							30	"2024-11-05 09:07:00"							UTL75	1		UTL75	GG			IT
75							30	"2024-11-05 09:07:00"							UTL75	2		UTL75	GG			IT
75							30	"2024-11-05 09:07:00"							UTL75	3		UTL75	GG			IT
75							30	"2024-11-05 09:07:00"							UTL75	4		UTL75	GG			IT
75							30	"2024-11-05 09:07:00"							UTL75	5		UTL75	GG			IT
75							30	"2024-11-05 09:07:00"							UTL75	6		UTL75	GG			IT
76							30	"2024-11-05 09:07:00"							UTL76	1		UTL76	GG			IT
76							30	"2024-11-05 09:07:00"							UTL76	2		UTL76	GG			IT
76							30	"2024-11-05 09:07:00"							UTL76	3		UTL76	GG			IT
76							30	"2024-11-05 09:07:00"							UTL76	4		UTL76	GG			IT
76							30	"2024-11-05 09:07:00"							UTL76	5		UTL76	GG			IT
76							30	"2024-11-05 09:07:00"							UTL76	6		UTL76	GG			IT
77							30	"2024-11-05 09:07:00"							UTL77	1		UTL77	GG			IT
77							30	"2024-11-05 09:07:00"							UTL77	2		UTL77	GG			IT
77							30	"2024-11-05 09:07:00"							UTL77	3		UTL77	GG			IT
77							30	"2024-11-05 09:07:00"							UTL77	4		UTL77	GG			IT
77							30	"2024-11-05 09:07:00"							UTL77	5		UTL77	GG			IT
77							30	"2024-11-05 09:07:00"							UTL77	6		UTL77	GG			IT
78							30	"2024-11-05 09:07:00"							UTL78	1		UTL78	GG			IT
78							30	"2024-11-05 09:07:00"							UTL78	2		UTL78	GG			IT
78							30	"2024-11-05 09:07:00"							UTL78	3		UTL78	GG			IT
78							30	"2024-11-05 09:07:00"							UTL78	4		UTL78	GG			IT
78							30	"2024-11-05 09:07:00"							UTL78	5		UTL78	GG			IT
78							30	"2024-11-05 09:07:00"							UTL78	6		UTL78	GG			IT
79							30	"2024-11-05 09:07:00"							UTL79	1		UTL79	GG			IT
79							30	"2024-11-05 09:07:00"							UTL79	2		UTL79	GG			IT
79							30	"2024-11-05 09:07:00"							UTL79	3		UTL79	GG			IT
79							30	"2024-11-05 09:07:00"							UTL79	4		UTL79	GG			IT
79							30	"2024-11-05 09:07:00"							UTL79	5		UTL79	GG			IT
79							30	"2024-11-05 09:07:00"							UTL79	6		UTL79	GG			IT
8							30	"2025-12-23 09:37:43"							UTL08	1		UTL08	GG			IT
8							30	"2025-12-22 10:29:53"							UTL08	2		UTL08	GG			IT
8							30	"2024-11-05 09:07:00"							UTL08	3		UTL08	GG			IT
8							30	"2024-11-05 09:07:00"							UTL08	4		UTL08	GG			IT
8							30	"2024-11-05 09:07:00"							UTL08	5		UTL08	GG			IT
8							30	"2024-11-05 09:07:00"							UTL08	6		UTL08	GG			IT
82							30	"2024-11-05 09:07:00"							UTL82	1		UTL82	GG			IT
82							30	"2024-11-05 09:07:00"							UTL82	2		UTL82	GG			IT
82							30	"2024-11-05 09:07:00"							UTL82	3		UTL82	GG			IT
82							30	"2024-11-05 09:07:00"							UTL82	4		UTL82	GG			IT
82							30	"2024-11-05 09:07:00"							UTL82	5		UTL82	GG			IT
82							30	"2024-11-05 09:07:00"							UTL82	6		UTL82	GG			IT
83							30	"2024-11-05 09:07:00"							UTL83	1		UTL83	GG			IT
83							30	"2024-11-05 09:07:00"							UTL83	2		UTL83	GG			IT
83							30	"2024-11-05 09:07:00"							UTL83	3		UTL83	GG			IT
83							30	"2024-11-05 09:07:00"							UTL83	4		UTL83	GG			IT
83							30	"2024-11-05 09:07:00"							UTL83	5		UTL83	GG			IT
83							30	"2024-11-05 09:07:00"							UTL83	6		UTL83	GG			IT
84							30	"2024-11-05 09:07:00"							UTL84	1		UTL84	GG			IT
84							30	"2024-11-05 09:07:00"							UTL84	2		UTL84	GG			IT
84							30	"2024-11-05 09:07:00"							UTL84	3		UTL84	GG			IT
84							30	"2024-11-05 09:07:00"							UTL84	4		UTL84	GG			IT
84							30	"2024-11-05 09:07:00"							UTL84	5		UTL84	GG			IT
84							30	"2024-11-05 09:07:00"							UTL84	6		UTL84	GG			IT
85							30	"2024-11-05 09:07:00"							UTL85	1		UTL85	GG			IT
85							30	"2024-11-05 09:07:00"							UTL85	2		UTL85	GG			IT
85							30	"2024-11-05 09:07:00"							UTL85	3		UTL85	GG			IT
85							30	"2024-11-05 09:07:00"							UTL85	4		UTL85	GG			IT
85							30	"2024-11-05 09:07:00"							UTL85	5		UTL85	GG			IT
85							30	"2024-11-05 09:07:00"							UTL85	6		UTL85	GG			IT
86							30	"2024-11-05 09:07:00"							UTL86	1		UTL86	GG			IT
86							30	"2024-11-05 09:07:00"							UTL86	2		UTL86	GG			IT
86							30	"2024-11-05 09:07:00"							UTL86	3		UTL86	GG			IT
86							30	"2024-11-05 09:07:00"							UTL86	4		UTL86	GG			IT
86							30	"2024-11-05 09:07:00"							UTL86	5		UTL86	GG			IT
86							30	"2024-11-05 09:07:00"							UTL86	6		UTL86	GG			IT
87							30	"2026-03-23 09:01:31"							UTL87	1		UTL87	GG			SEBA80
87							30	"2026-01-01 13:31:52"							UTL87	2		UTL87	GG			FILI10
87							30	"2026-01-01 13:31:52"							UTL87	3		UTL87	GG			FILI10
87							30	"2026-03-26 06:19:53"							UTL87	4		UTL87	GG			SEBA80
87							30	"2026-03-26 06:19:53"							UTL87	5		UTL87	GG			SEBA80
87							30	"2026-01-01 13:31:52"							UTL87	6		UTL87	GG			IT
88							30	"2026-01-05 16:02:41"							UTL88	1		UTL88	GG			FILI10
88							30	"2026-01-01 13:31:52"							UTL88	2		UTL88	GG			FILI10
88							30	"2026-01-01 13:31:53"							UTL88	3		UTL88	GG			FILI10
88							30	"2026-03-26 06:19:53"							UTL88	4		UTL88	GG			SEBA80
88							30	"2026-03-26 06:19:53"							UTL88	5		UTL88	GG			SEBA80
88							30	"2026-01-01 13:31:53"							UTL88	6		UTL88	GG			IT
89							30	"2026-01-05 08:35:19"							UTL89	1		UTL89	GG			FILI10
89							30	"2026-01-01 13:31:53"							UTL89	2		UTL89	GG			FILI10
89							30	"2026-01-01 13:31:53"							UTL89	3		UTL89	GG			FILI10
89							30	"2026-03-19 09:36:44"							UTL89	4		UTL89	GG			SEBA80
89							30	"2026-02-06 15:57:06"							UTL89	5		UTL89	GG			FILI10
89							30	"2026-01-01 13:31:53"							UTL89	6		UTL89	GG			IT
9							30	"2025-12-23 09:37:43"							UTL09	1		UTL09	GG			IT
9							30	"2025-12-22 10:29:54"							UTL09	2		UTL09	GG			IT
9							30	"2024-11-05 09:07:00"							UTL09	3		UTL09	GG			IT
9							30	"2024-11-05 09:07:00"							UTL09	4		UTL09	GG			IT
9							30	"2024-11-05 09:07:00"							UTL09	5		UTL09	GG			IT
9							30	"2024-11-05 09:07:00"							UTL09	6		UTL09	GG			IT
90							30	"2026-01-05 16:02:41"							UTL90	1		UTL90	GG			OSCA45
90							30	"2026-01-01 13:31:53"							UTL90	2		UTL90	GG			FILI10
90							30	"2026-01-01 13:31:53"							UTL90	3		UTL90	GG			FILI10
90							30	"2026-01-08 15:15:58"							UTL90	4		UTL90	GG			FILI10
90							30	"2026-02-06 15:57:07"							UTL90	5		UTL90	GG			FILI10
90							30	"2026-01-01 13:31:53"							UTL90	6		UTL90	GG			IT
91							30	"2026-03-23 08:55:36"							UTL91	1		UTL91	GG			SEBA80
91							30	"2026-03-23 08:55:36"							UTL91	2		UTL91	GG			SEBA80
91							30	"2026-01-01 13:31:53"							UTL91	3		UTL91	GG			FILI10
91							30	"2026-01-08 14:22:23"							UTL91	4		UTL91	GG			FILI10
91							30	"2026-02-06 15:57:07"							UTL91	5		UTL91	GG			FILI10
91							30	"2026-01-01 13:31:53"							UTL91	6		UTL91	GG			IT
92							30	"2026-03-23 08:55:36"							UTL92	1		UTL92	GG			SEBA80
92							30	"2026-03-23 08:55:36"							UTL92	2		UTL92	GG			SEBA80
92							30	"2026-01-01 13:31:53"							UTL92	3		UTL92	GG			FILI10
92							30	"2026-01-08 14:22:24"							UTL92	4		UTL92	GG			FILI10
92							30	"2026-02-06 15:57:07"							UTL92	5		UTL92	GG			FILI10
92							30	"2026-01-01 13:31:54"							UTL92	6		UTL92	GG			IT
93							30	"2026-03-23 08:55:36"							UTL93	1		UTL93	GG			SEBA80
93							30	"2026-03-23 08:55:36"							UTL93	2		UTL93	GG			SEBA80
93							30	"2026-01-01 13:31:54"							UTL93	3		UTL93	GG			FILI10
93							30	"2026-01-01 13:31:54"							UTL93	4		UTL93	GG			FILI10
93							30	"2026-02-06 15:57:07"							UTL93	5		UTL93	GG			FILI10
EH							30	"2026-02-13 14:27:17"							EH	4		EH	MG			
Ehaandel							30	"2025-11-27 08:58:45"							Ehaandel	1		Ehaandel	MG			
Ehaandel							30	"2026-02-13 14:25:41"							Ehaandel	2		Ehaandel	MG			
Ehaandel							30	"2026-02-13 14:26:21"							Ehaandel	3		Ehaandel	MG			
Ehaandel							30	"2026-02-13 14:27:17"							Ehaandel	4		Ehaandel	MG			
Ehaandel							30	"2026-02-13 15:16:50"							Ehaandel	5		Ehaandel	MG			MUNC85
Ehaandel							30	"2025-08-26 06:50:51"							Ehaandel	6		Ehaandel	MG			
Ehaandel							30	"2025-08-26 06:50:51"							Ehaandel	7		Ehaandel	MG			
EHandel							30	"2025-11-27 08:58:45"							EHandel	1		EHandel	MG			
EHandel							30	"2026-02-13 14:25:41"							EHandel	2		EHandel	MG			
EHandel							30	"2026-02-13 14:26:25"							EHandel	3		EHandel	MG			
EHandel							30	"2026-02-13 14:27:17"							EHandel	4		EHandel	MG			
EHandel							30	"2026-02-13 15:16:51"							EHandel	5		EHandel	MG			MUNC85
EHandel							30	"2025-08-26 06:50:51"							EHandel	6		EHandel	MG			
EHandel							30	"2025-08-26 06:50:51"							EHandel	7		EHandel	MG			
LagtOV							30	"2026-02-13 14:27:18"								4		LagtOV	MG			
MGEH							30	"2026-02-13 14:25:41"								2		MGEH	MG			
MGLKON							30	"2025-11-27 08:58:45"							MGLKON	1		"MG LKON 1250"	MG			
MGLKON							30	"2026-02-13 14:25:42"							MGLKON	2		"MG LKON 1250"	MG			
MGLKON							30	"2026-02-13 14:26:25"							MGLKON	3		"MG LKON 1250"	MG			
MGLKON							30	"2026-02-13 14:27:18"							MGLKON	4		"MG LKON 1250"	MG			
MGLKON							30	"2026-02-13 15:16:51"							MGLKON	5		"MG LKON 1250"	MG			MUNC85
MGLKON							30	"2025-08-26 06:50:51"							MGLKON	6		"MG LKON 1250"	MG			
MGLKON							30	"2025-08-26 06:50:51"							MGLKON	7		"MG LKON 1250"	MG			
MGPORT25				40002			30	"2026-03-12 12:41:46"					"E-handelskund Bolist"		MGPORT25	1		MGPORT25	MG			ANTO87
MGPORT25				40002			30	"2026-03-12 12:41:46"					"E-handelskund Bolist"		MGPORT25	2		MGPORT25	MG			ANTO87
MGPORT25				40002			30	"2026-03-12 12:41:46"					"E-handelskund Bolist"		MGPORT25	3		MGPORT25	MG			ANTO87
MGPORT25				40002			30	"2025-02-26 18:58:34"					"E-handelskund Bolist"		MGPORT25	4		MGPORT25	MG			HANN85
MGPORT25				40002			30	"2026-03-12 12:42:02"					"E-handelskund Bolist"		MGPORT25	5		MGPORT25	MG			ANTO87
MGPORT25							30	"2026-03-12 12:41:15"							MGPORT25	6		MGPORT25	MG			HANN85
MGPORT25							30	"2026-03-12 12:41:15"							MGPORT25	7		MGPORT25	MG			NICAKE
MGTORGET							30	"2026-02-13 14:25:42"							MGTORGET	2		MGTORGET	MG			
P24-1				500488			30	"2025-11-05 12:59:23"					"Granngården Åmål"		PORT24	1		PORT24	GG			
P24-10				500464			30	"2025-11-05 12:59:23"					"Granngården Alingsås"		PORT24	1		PORT24	GG			
P24-100				500165			30	"2025-11-05 12:59:23"					"Granngården Örnsköldsvik"		PORT24	1		PORT24	GG			
P24-101				500164			30	"2025-11-05 12:59:23"					"Granngården Ljusdal"		PORT24	1		PORT24	GG			
P24-102				500163			30	"2025-11-05 12:59:23"					"Granngården Hudiksvall"		PORT24	1		PORT24	GG			
P24-103				500162			30	"2025-11-05 12:59:23"					"Granngården Sundsvall"		PORT24	1		PORT24	GG			
P24-104				500156			30	"2025-11-05 12:59:23"					"Granngården Hammarstrand"		PORT24	1		PORT24	GG			
P24-105				500155			30	"2025-11-05 12:59:23"					"Granngården Östersund"		PORT24	1		PORT24	GG			
P24-106				500488			30	"2025-11-05 12:59:23"					"Granngården Åmål"		PORT24	2		PORT24	GG			
P24-107				500486			30	"2025-11-05 12:59:23"					"Granngården Tanumshede"		PORT24	2		PORT24	GG			
P24-108				500483			30	"2025-11-05 12:59:23"					"Granngården Uddevalla"		PORT24	2		PORT24	GG			
P24-109				500482			30	"2025-11-05 12:59:23"					"Granngården Trollhättan"		PORT24	2		PORT24	GG			
P24-11				500463			30	"2025-11-05 12:59:23"					"Granngården Vara"		PORT24	1		PORT24	GG			
P24-110				500481			30	"2025-11-05 12:59:23"					"Granngården Kungälv"		PORT24	2		PORT24	GG			
P24-111				500475			30	"2025-11-05 12:59:23"					"Granngården Kinna"		PORT24	2		PORT24	GG			
P24-112				500474			30	"2025-11-05 12:59:23"					"Granngården Borås"		PORT24	2		PORT24	GG			
P24-113				500473			30	"2025-11-05 12:59:23"					"Granngården Ulricehamn"		PORT24	2		PORT24	GG			
P24-114				500471			30	"2025-11-05 12:59:23"					"Granngården Falköping"		PORT24	2		PORT24	GG			
P24-115				500464			30	"2025-11-05 12:59:23"					"Granngården Alingsås"		PORT24	2		PORT24	GG			
P24-116				500463			30	"2025-11-05 12:59:23"					"Granngården Vara"		PORT24	2		PORT24	GG			
P24-117				500461			30	"2025-11-05 12:59:23"					"Granngården Lidköping"		PORT24	2		PORT24	GG			
P24-118				500454			30	"2025-11-05 12:59:23"					"Granngården Skövde"		PORT24	2		PORT24	GG			
P24-119				500453			30	"2025-11-05 12:59:23"					"Granngården Hjo"		PORT24	2		PORT24	GG			
P24-12				500461			30	"2025-11-05 12:59:23"					"Granngården Lidköping"		PORT24	1		PORT24	GG			
P24-120				500452			30	"2025-11-05 12:59:23"					"Granngården Mariestad"		PORT24	2		PORT24	GG			
P24-121				500442			30	"2025-11-05 12:59:23"					"Granngården Nyköping"		PORT24	2		PORT24	GG			
P24-122				500441			30	"2025-11-05 12:59:23"					"Granngården Norrköping"		PORT24	2		PORT24	GG			
P24-123				500440			30	"2025-11-05 12:59:23"					"Granngården Gnesta"		PORT24	2		PORT24	GG			
P24-124				500439			30	"2025-11-05 12:59:23"					"Granngården Södertälje"		PORT24	2		PORT24	GG			
P24-125				500433			30	"2025-11-05 12:59:23"					"Granngården Västerås"		PORT24	2		PORT24	GG			
P24-126				500432			30	"2025-11-05 12:59:23"					"Granngården Enköping"		PORT24	2		PORT24	GG			
P24-127				500431			30	"2025-11-05 12:59:23"					"Granngården Sala"		PORT24	2		PORT24	GG			
P24-128				500429			30	"2025-11-05 12:59:23"					"Granngården Haninge"		PORT24	2		PORT24	GG			
P24-129				500427			30	"2025-11-05 12:59:23"					"Granngården Värmdö"		PORT24	2		PORT24	GG			
P24-13				500454			30	"2025-11-05 12:59:23"					"Granngården Skövde"		PORT24	1		PORT24	GG			
P24-130				500425			30	"2025-11-05 12:59:23"					"Granngården Arninge"		PORT24	2		PORT24	GG			
P24-131				500424			30	"2025-11-05 12:59:23"					"Granngården Norrtälje"		PORT24	2		PORT24	GG			
P24-132				500423			30	"2025-11-05 12:59:23"					"Granngården Uppsala"		PORT24	2		PORT24	GG			
P24-133				500422			30	"2025-11-05 12:59:23"					"Granngården Östhammar"		PORT24	2		PORT24	GG			
P24-134				500421			30	"2025-11-05 12:59:23"					"Granngården Tierp"		PORT24	2		PORT24	GG			
P24-135				500415			30	"2025-11-05 12:59:23"					"Granngården Borlänge"		PORT24	2		PORT24	GG			
P24-136				500414			30	"2025-11-05 12:59:23"					"Granngården Hedemora"		PORT24	2		PORT24	GG			
P24-137				500413			30	"2025-11-05 12:59:23"					"Granngården Mora"		PORT24	2		PORT24	GG			
P24-138				500412			30	"2025-11-05 12:59:23"					"Granngården Gävle"		PORT24	2		PORT24	GG			
P24-139				500411			30	"2025-11-05 12:59:23"					"Granngården Bollnäs"		PORT24	2		PORT24	GG			
P24-14				500453			30	"2025-11-05 12:59:23"					"Granngården Hjo"		PORT24	1		PORT24	GG			
P24-140				500367			30	"2025-11-05 12:59:23"					"Granngården Motala"		PORT24	2		PORT24	GG			
P24-141				500365			30	"2025-11-05 12:59:23"					"Granngården Vimmerby"		PORT24	2		PORT24	GG			
P24-142				500341			30	"2025-11-05 12:59:23"					"Granngården Eskilstuna"		PORT24	2		PORT24	GG			
P24-143				500325			30	"2025-11-05 12:59:23"					"Granngården Sorunda"		PORT24	2		PORT24	GG			
P24-144				500323			30	"2025-11-05 12:59:23"					"Granngården Rimbo"		PORT24	2		PORT24	GG			
P24-145				500321			30	"2025-11-05 12:59:23"					"Granngården Alunda"		PORT24	2		PORT24	GG			
P24-146				500314			30	"2025-11-05 12:59:23"					"Granngården Falun"		PORT24	2		PORT24	GG			
P24-147				500313			30	"2025-11-05 12:59:23"					"Granngården Smedjebacken"		PORT24	2		PORT24	GG			
P24-148				500312			30	"2025-11-05 12:59:23"					"Granngården Krylbo"		PORT24	2		PORT24	GG			
P24-149				500307			30	"2025-11-05 12:59:23"					"Granngården Leksand"		PORT24	2		PORT24	GG			
P24-15				500452			30	"2025-11-05 12:59:23"					"Granngården Mariestad"		PORT24	1		PORT24	GG			
P24-150				500306			30	"2025-11-05 12:59:23"					"Granngården Kungsgården"		PORT24	2		PORT24	GG			
P24-151				500303			30	"2025-11-05 12:59:23"					"Granngården Söderhamn"		PORT24	2		PORT24	GG			
P24-152				500302			30	"2025-11-05 12:59:23"					"Granngården Edsbyn"		PORT24	2		PORT24	GG			
P24-153				500285			30	"2025-11-05 12:59:23"					"Granngården Ljungby"		PORT24	2		PORT24	GG			
P24-154				500284			30	"2025-11-05 12:59:23"					"Granngården Karlskrona"		PORT24	2		PORT24	GG			
P24-155				500282			30	"2025-11-05 12:59:23"					"Granngården Karlshamn"		PORT24	2		PORT24	GG			
P24-156				500278			30	"2025-11-05 12:59:23"					"Granngården Växjö"		PORT24	2		PORT24	GG			
P24-157				500276			30	"2025-11-05 12:59:23"					"Granngården Halmstad"		PORT24	2		PORT24	GG			
P24-158				500275			30	"2025-11-05 12:59:23"					"Granngården Falkenberg"		PORT24	2		PORT24	GG			
P24-159				500272			30	"2025-11-05 12:59:23"					"Granngården Varberg"		PORT24	2		PORT24	GG			
P24-16				500442			30	"2025-11-05 12:59:23"					"Granngården Nyköping"		PORT24	1		PORT24	GG			
P24-160				500271			30	"2025-11-05 12:59:23"					"Granngården Kungsbacka"		PORT24	2		PORT24	GG			
P24-161				500264			30	"2025-11-05 12:59:23"					"Granngården Nässjö"		PORT24	2		PORT24	GG			
P24-162				500263			30	"2025-11-05 12:59:23"					"Granngården Eksjö"		PORT24	2		PORT24	GG			
P24-163				500261			30	"2025-11-05 12:59:23"					"Granngården Vetlanda"		PORT24	2		PORT24	GG			
P24-164				500260			30	"2025-11-05 12:59:23"					"Granngården Sävsjö"		PORT24	2		PORT24	GG			
P24-165				500259			30	"2025-11-05 12:59:23"					"Granngården Värnamo"		PORT24	2		PORT24	GG			
P24-166				500258			30	"2025-11-05 12:59:23"					"Granngården Gislaved"		PORT24	2		PORT24	GG			
P24-167				500257			30	"2025-11-05 12:59:23"					"Granngården Tranås"		PORT24	2		PORT24	GG			
P24-168				500256			30	"2025-11-05 12:59:23"					"Granngården Jönköping"		PORT24	2		PORT24	GG			
P24-169				500251			30	"2025-11-05 12:59:23"					"Granngården Västervik"		PORT24	2		PORT24	GG			
P24-17				500441			30	"2025-11-05 12:59:23"					"Granngården Norrköping"		PORT24	1		PORT24	GG			
P24-170				500250			30	"2025-11-05 12:59:23"					"Granngården Oskarshamn"		PORT24	2		PORT24	GG			
P24-171				500249			30	"2025-11-05 12:59:23"					"Granngården Kalmar"		PORT24	2		PORT24	GG			
P24-172				500248			30	"2025-11-05 12:59:23"					"Granngården Hemse"		PORT24	2		PORT24	GG			
P24-173				500246			30	"2025-11-05 12:59:23"					"Granngården Visby"		PORT24	2		PORT24	GG			
P24-174				500239			30	"2025-11-05 12:59:23"					"Granngården Örebro"		PORT24	2		PORT24	GG			
P24-175				500236			30	"2025-11-05 12:59:23"					"Granngården Karlskoga"		PORT24	2		PORT24	GG			
P24-176				500235			30	"2025-11-05 12:59:23"					"Granngården Lindesberg"		PORT24	2		PORT24	GG			
P24-177				500234			30	"2025-11-05 12:59:23"					"Granngården Fjugesta"		PORT24	2		PORT24	GG			
P24-178				500232			30	"2025-11-05 12:59:23"					"Granngården Askersund"		PORT24	2		PORT24	GG			
P24-179				500231			30	"2025-11-05 12:59:23"					"Granngården Arboga"		PORT24	2		PORT24	GG			
P24-18				500440			30	"2025-11-05 12:59:23"					"Granngården Gnesta"		PORT24	1		PORT24	GG			
P24-180				500225			30	"2025-11-05 12:59:23"					"Granngården Kristinehamn"		PORT24	2		PORT24	GG			
P24-181				500223			30	"2025-11-05 12:59:23"					"Granngården Ekshärad"		PORT24	2		PORT24	GG			
P24-182				500222			30	"2025-11-05 12:59:23"					"Granngården Arvika"		PORT24	2		PORT24	GG			
P24-183				500221			30	"2025-11-05 12:59:23"					"Granngården Sunne"		PORT24	2		PORT24	GG			
P24-184				500219			30	"2025-11-05 12:59:23"					"Granngården Torsby"		PORT24	2		PORT24	GG			
P24-185				500218			30	"2025-11-05 12:59:23"					"Granngården Säffle"		PORT24	2		PORT24	GG			
P24-186				500216			30	"2025-11-05 12:59:23"					"Granngården Karlstad"		PORT24	2		PORT24	GG			
P24-187				500211			30	"2025-11-05 12:59:23"					"Granngården Boden"		PORT24	2		PORT24	GG			
P24-188				500210			30	"2025-11-05 12:59:23"					"Granngården Kalix"		PORT24	2		PORT24	GG			
P24-189				500209			30	"2025-11-05 12:59:23"					"Granngården Luleå"		PORT24	2		PORT24	GG			
P24-19				500439			30	"2025-11-05 12:59:23"					"Granngården Södertälje"		PORT24	1		PORT24	GG			
P24-190				500208			30	"2025-11-05 12:59:23"					"Granngården Piteå"		PORT24	2		PORT24	GG			
P24-191				500204			30	"2025-11-05 12:59:23"					"Granngården Lycksele"		PORT24	2		PORT24	GG			
P24-192				500203			30	"2025-11-05 12:59:23"					"Granngården Vilhelmina"		PORT24	2		PORT24	GG			
P24-193				500202			30	"2025-11-05 12:59:23"					"Granngården Skellefteå"		PORT24	2		PORT24	GG			
P24-194				500201			30	"2025-11-05 12:59:23"					"Granngården Umeå"		PORT24	2		PORT24	GG			
P24-195				500195			30	"2025-11-05 12:59:23"					"Granngården Löddeköpinge"		PORT24	2		PORT24	GG			
P24-196				500194			30	"2025-11-05 12:59:23"					"Granngården Helsingborg"		PORT24	2		PORT24	GG			
P24-197				500193			30	"2025-11-05 12:59:23"					"Granngården Kristianstad"		PORT24	2		PORT24	GG			
P24-198				500192			30	"2025-11-05 12:59:23"					"Granngården Ystad"		PORT24	2		PORT24	GG			
P24-199				500190			30	"2025-11-05 12:59:23"					"Granngården Ängelholm"		PORT24	2		PORT24	GG			
P24-2				500486			30	"2025-11-05 12:59:23"					"Granngården Tanumshede"		PORT24	1		PORT24	GG			
P24-20				500433			30	"2025-11-05 12:59:23"					"Granngården Västerås"		PORT24	1		PORT24	GG			
P24-200				500182			30	"2025-11-05 12:59:23"					"Granngården Sjöbo"		PORT24	2		PORT24	GG			
P24-201				500181			30	"2025-11-05 12:59:23"					"Granngården Malmö"		PORT24	2		PORT24	GG			
P24-202				500178			30	"2025-11-05 12:59:23"					"Granngården Dalby"		PORT24	2		PORT24	GG			
P24-203				500176			30	"2025-11-05 12:59:23"					"Granngården Eslöv"		PORT24	2		PORT24	GG			
P24-204				500166			30	"2025-11-05 12:59:23"					"Granngården Sollefteå"		PORT24	2		PORT24	GG			
P24-205				500165			30	"2025-11-05 12:59:23"					"Granngården Örnsköldsvik"		PORT24	2		PORT24	GG			
P24-206				500164			30	"2025-11-05 12:59:23"					"Granngården Ljusdal"		PORT24	2		PORT24	GG			
P24-207				500163			30	"2025-11-05 12:59:23"					"Granngården Hudiksvall"		PORT24	2		PORT24	GG			
P24-208				500162			30	"2025-11-05 12:59:23"					"Granngården Sundsvall"		PORT24	2		PORT24	GG			
P24-209				500156			30	"2025-11-05 12:59:23"					"Granngården Hammarstrand"		PORT24	2		PORT24	GG			
P24-21				500432			30	"2025-11-05 12:59:23"					"Granngården Enköping"		PORT24	1		PORT24	GG			
P24-210				500155			30	"2025-11-05 12:59:23"					"Granngården Östersund"		PORT24	2		PORT24	GG			
P24-211				500488			30	"2025-11-05 12:59:23"					"Granngården Åmål"		PORT24	3		PORT24	GG			
P24-212				500486			30	"2025-11-05 12:59:23"					"Granngården Tanumshede"		PORT24	3		PORT24	GG			
P24-213				500483			30	"2025-11-05 12:59:23"					"Granngården Uddevalla"		PORT24	3		PORT24	GG			
P24-214				500482			30	"2025-11-05 12:59:23"					"Granngården Trollhättan"		PORT24	3		PORT24	GG			
P24-215				500481			30	"2025-11-05 12:59:23"					"Granngården Kungälv"		PORT24	3		PORT24	GG			
P24-216				500475			30	"2025-11-05 12:59:23"					"Granngården Kinna"		PORT24	3		PORT24	GG			
P24-217				500474			30	"2025-11-05 12:59:23"					"Granngården Borås"		PORT24	3		PORT24	GG			
P24-218				500473			30	"2025-11-05 12:59:23"					"Granngården Ulricehamn"		PORT24	3		PORT24	GG			
P24-219				500471			30	"2025-11-05 12:59:23"					"Granngården Falköping"		PORT24	3		PORT24	GG			
P24-22				500431			30	"2025-11-05 12:59:23"					"Granngården Sala"		PORT24	1		PORT24	GG			
P24-220				500464			30	"2025-11-05 12:59:23"					"Granngården Alingsås"		PORT24	3		PORT24	GG			
P24-221				500463			30	"2025-11-05 12:59:23"					"Granngården Vara"		PORT24	3		PORT24	GG			
P24-222				500461			30	"2025-11-05 12:59:23"					"Granngården Lidköping"		PORT24	3		PORT24	GG			
P24-223				500454			30	"2025-11-05 12:59:23"					"Granngården Skövde"		PORT24	3		PORT24	GG			
P24-224				500453			30	"2025-11-05 12:59:23"					"Granngården Hjo"		PORT24	3		PORT24	GG			
P24-225				500452			30	"2025-11-05 12:59:23"					"Granngården Mariestad"		PORT24	3		PORT24	GG			
P24-226				500442			30	"2025-11-05 12:59:23"					"Granngården Nyköping"		PORT24	3		PORT24	GG			
P24-227				500441			30	"2025-11-05 12:59:23"					"Granngården Norrköping"		PORT24	3		PORT24	GG			
P24-228				500440			30	"2025-11-05 12:59:23"					"Granngården Gnesta"		PORT24	3		PORT24	GG			
P24-229				500439			30	"2025-11-05 12:59:23"					"Granngården Södertälje"		PORT24	3		PORT24	GG			
P24-23				500429			30	"2025-11-05 12:59:23"					"Granngården Haninge"		PORT24	1		PORT24	GG			
P24-230				500433			30	"2025-11-05 12:59:23"					"Granngården Västerås"		PORT24	3		PORT24	GG			
P24-231				500432			30	"2025-11-05 12:59:23"					"Granngården Enköping"		PORT24	3		PORT24	GG			
P24-232				500431			30	"2025-11-05 12:59:23"					"Granngården Sala"		PORT24	3		PORT24	GG			
P24-233				500429			30	"2025-11-05 12:59:23"					"Granngården Haninge"		PORT24	3		PORT24	GG			
P24-234				500427			30	"2025-11-05 12:59:23"					"Granngården Värmdö"		PORT24	3		PORT24	GG			
P24-235				500425			30	"2025-11-05 12:59:23"					"Granngården Arninge"		PORT24	3		PORT24	GG			
P24-236				500424			30	"2025-11-05 12:59:23"					"Granngården Norrtälje"		PORT24	3		PORT24	GG			
P24-237				500423			30	"2025-11-05 12:59:23"					"Granngården Uppsala"		PORT24	3		PORT24	GG			
P24-238				500422			30	"2025-11-05 12:59:23"					"Granngården Östhammar"		PORT24	3		PORT24	GG			
P24-239				500421			30	"2025-11-05 12:59:23"					"Granngården Tierp"		PORT24	3		PORT24	GG			
P24-24				500427			30	"2025-11-05 12:59:23"					"Granngården Värmdö"		PORT24	1		PORT24	GG			
P24-240				500415			30	"2025-11-05 12:59:23"					"Granngården Borlänge"		PORT24	3		PORT24	GG			
P24-241				500414			30	"2025-11-05 12:59:23"					"Granngården Hedemora"		PORT24	3		PORT24	GG			
P24-242				500413			30	"2025-11-05 12:59:23"					"Granngården Mora"		PORT24	3		PORT24	GG			
P24-243				500412			30	"2025-11-05 12:59:23"					"Granngården Gävle"		PORT24	3		PORT24	GG			
P24-244				500411			30	"2025-11-05 12:59:23"					"Granngården Bollnäs"		PORT24	3		PORT24	GG			
P24-245				500367			30	"2025-11-05 12:59:23"					"Granngården Motala"		PORT24	3		PORT24	GG			
P24-246				500365			30	"2025-11-05 12:59:23"					"Granngården Vimmerby"		PORT24	3		PORT24	GG			
P24-247				500341			30	"2025-11-05 12:59:23"					"Granngården Eskilstuna"		PORT24	3		PORT24	GG			
P24-248				500325			30	"2025-11-05 12:59:23"					"Granngården Sorunda"		PORT24	3		PORT24	GG			
P24-249				500323			30	"2025-11-05 12:59:23"					"Granngården Rimbo"		PORT24	3		PORT24	GG			
P24-25				500425			30	"2025-11-05 12:59:23"					"Granngården Arninge"		PORT24	1		PORT24	GG			
P24-250				500321			30	"2025-11-05 12:59:23"					"Granngården Alunda"		PORT24	3		PORT24	GG			
P24-251				500314			30	"2025-11-05 12:59:23"					"Granngården Falun"		PORT24	3		PORT24	GG			
P24-252				500313			30	"2025-11-05 12:59:23"					"Granngården Smedjebacken"		PORT24	3		PORT24	GG			
P24-253				500312			30	"2025-11-05 12:59:23"					"Granngården Krylbo"		PORT24	3		PORT24	GG			
P24-254				500307			30	"2025-11-05 12:59:23"					"Granngården Leksand"		PORT24	3		PORT24	GG			
P24-255				500306			30	"2025-11-05 12:59:23"					"Granngården Kungsgården"		PORT24	3		PORT24	GG			
P24-256				500303			30	"2025-11-05 12:59:23"					"Granngården Söderhamn"		PORT24	3		PORT24	GG			
P24-257				500302			30	"2025-11-05 12:59:23"					"Granngården Edsbyn"		PORT24	3		PORT24	GG			
P24-258				500285			30	"2025-11-05 12:59:23"					"Granngården Ljungby"		PORT24	3		PORT24	GG			
P24-259				500284			30	"2025-11-05 12:59:23"					"Granngården Karlskrona"		PORT24	3		PORT24	GG			
P24-26				500424			30	"2025-11-05 12:59:23"					"Granngården Norrtälje"		PORT24	1		PORT24	GG			
P24-260				500282			30	"2025-11-05 12:59:23"					"Granngården Karlshamn"		PORT24	3		PORT24	GG			
P24-261				500278			30	"2025-11-05 12:59:23"					"Granngården Växjö"		PORT24	3		PORT24	GG			
P24-262				500276			30	"2025-11-05 12:59:23"					"Granngården Halmstad"		PORT24	3		PORT24	GG			
P24-263				500275			30	"2025-11-05 12:59:23"					"Granngården Falkenberg"		PORT24	3		PORT24	GG			
P24-264				500272			30	"2025-11-05 12:59:23"					"Granngården Varberg"		PORT24	3		PORT24	GG			
P24-265				500271			30	"2025-11-05 12:59:23"					"Granngården Kungsbacka"		PORT24	3		PORT24	GG			
P24-266				500264			30	"2025-11-05 12:59:23"					"Granngården Nässjö"		PORT24	3		PORT24	GG			
P24-267				500263			30	"2025-11-05 12:59:23"					"Granngården Eksjö"		PORT24	3		PORT24	GG			
P24-268				500261			30	"2025-11-05 12:59:23"					"Granngården Vetlanda"		PORT24	3		PORT24	GG			
P24-269				500260			30	"2025-11-05 12:59:23"					"Granngården Sävsjö"		PORT24	3		PORT24	GG			
P24-27				500423			30	"2025-11-05 12:59:23"					"Granngården Uppsala"		PORT24	1		PORT24	GG			
P24-270				500259			30	"2025-11-05 12:59:23"					"Granngården Värnamo"		PORT24	3		PORT24	GG			
P24-271				500258			30	"2025-11-05 12:59:23"					"Granngården Gislaved"		PORT24	3		PORT24	GG			
P24-272				500257			30	"2025-11-05 12:59:23"					"Granngården Tranås"		PORT24	3		PORT24	GG			
P24-273				500256			30	"2025-11-05 12:59:23"					"Granngården Jönköping"		PORT24	3		PORT24	GG			
P24-274				500251			30	"2025-11-05 12:59:23"					"Granngården Västervik"		PORT24	3		PORT24	GG			
P24-275				500250			30	"2025-11-05 12:59:23"					"Granngården Oskarshamn"		PORT24	3		PORT24	GG			
P24-276				500249			30	"2025-11-05 12:59:23"					"Granngården Kalmar"		PORT24	3		PORT24	GG			
P24-277				500248			30	"2025-11-05 12:59:23"					"Granngården Hemse"		PORT24	3		PORT24	GG			
P24-278				500246			30	"2025-11-05 12:59:23"					"Granngården Visby"		PORT24	3		PORT24	GG			
P24-279							30	"2025-11-07 13:44:36"							PORT24	3		PORT24	GG			OSCA45
P24-28				500422			30	"2025-11-05 12:59:23"					"Granngården Östhammar"		PORT24	1		PORT24	GG			
P24-280				500236			30	"2025-11-05 12:59:23"					"Granngården Karlskoga"		PORT24	3		PORT24	GG			
P24-281				500235			30	"2025-11-05 12:59:23"					"Granngården Lindesberg"		PORT24	3		PORT24	GG			
P24-282				500234			30	"2025-11-05 12:59:23"					"Granngården Fjugesta"		PORT24	3		PORT24	GG			
P24-283				500232			30	"2025-11-05 12:59:23"					"Granngården Askersund"		PORT24	3		PORT24	GG			
P24-284				500231			30	"2025-11-05 12:59:23"					"Granngården Arboga"		PORT24	3		PORT24	GG			
P24-285				500225			30	"2025-11-05 12:59:23"					"Granngården Kristinehamn"		PORT24	3		PORT24	GG			
P24-286				500223			30	"2025-11-05 12:59:23"					"Granngården Ekshärad"		PORT24	3		PORT24	GG			
P24-287				500222			30	"2025-11-05 12:59:23"					"Granngården Arvika"		PORT24	3		PORT24	GG			
P24-288				500221			30	"2025-11-05 12:59:23"					"Granngården Sunne"		PORT24	3		PORT24	GG			
P24-289				500219			30	"2025-11-05 12:59:23"					"Granngården Torsby"		PORT24	3		PORT24	GG			
P24-29				500421			30	"2025-11-05 12:59:23"					"Granngården Tierp"		PORT24	1		PORT24	GG			
P24-290				500218			30	"2025-11-05 12:59:23"					"Granngården Säffle"		PORT24	3		PORT24	GG			
P24-291				500216			30	"2025-11-05 12:59:23"					"Granngården Karlstad"		PORT24	3		PORT24	GG			
P24-292				500211			30	"2025-11-05 12:59:23"					"Granngården Boden"		PORT24	3		PORT24	GG			
P24-293				500210			30	"2025-11-05 12:59:23"					"Granngården Kalix"		PORT24	3		PORT24	GG			
P24-294				500209			30	"2025-11-05 12:59:23"					"Granngården Luleå"		PORT24	3		PORT24	GG			
P24-295				500208			30	"2025-11-05 12:59:23"					"Granngården Piteå"		PORT24	3		PORT24	GG			
P24-296				500204			30	"2025-11-05 12:59:23"					"Granngården Lycksele"		PORT24	3		PORT24	GG			
P24-297				500203			30	"2025-11-05 12:59:23"					"Granngården Vilhelmina"		PORT24	3		PORT24	GG			
P24-298				500202			30	"2025-11-05 12:59:23"					"Granngården Skellefteå"		PORT24	3		PORT24	GG			
P24-299				500201			30	"2025-11-05 12:59:23"					"Granngården Umeå"		PORT24	3		PORT24	GG			
P24-3				500483			30	"2025-11-05 12:59:23"					"Granngården Uddevalla"		PORT24	1		PORT24	GG			
P24-30				500415			30	"2025-11-05 12:59:23"					"Granngården Borlänge"		PORT24	1		PORT24	GG			
P24-300				500195			30	"2025-11-05 12:59:23"					"Granngården Löddeköpinge"		PORT24	3		PORT24	GG			
P24-301				500194			30	"2025-11-05 12:59:23"					"Granngården Helsingborg"		PORT24	3		PORT24	GG			
P24-302				500193			30	"2025-11-05 12:59:23"					"Granngården Kristianstad"		PORT24	3		PORT24	GG			
P24-303				500192			30	"2025-11-05 12:59:23"					"Granngården Ystad"		PORT24	3		PORT24	GG			
P24-304				500190			30	"2025-11-05 12:59:23"					"Granngården Ängelholm"		PORT24	3		PORT24	GG			
P24-305				500182			30	"2025-11-05 12:59:23"					"Granngården Sjöbo"		PORT24	3		PORT24	GG			
P24-306				500181			30	"2025-11-05 12:59:23"					"Granngården Malmö"		PORT24	3		PORT24	GG			
P24-307				500178			30	"2025-11-05 12:59:23"					"Granngården Dalby"		PORT24	3		PORT24	GG			
P24-308				500176			30	"2025-11-05 12:59:23"					"Granngården Eslöv"		PORT24	3		PORT24	GG			
P24-309				500166			30	"2025-11-05 12:59:23"					"Granngården Sollefteå"		PORT24	3		PORT24	GG			
P24-31				500414			30	"2025-11-05 12:59:23"					"Granngården Hedemora"		PORT24	1		PORT24	GG			
P24-310				500165			30	"2025-11-05 12:59:23"					"Granngården Örnsköldsvik"		PORT24	3		PORT24	GG			
P24-311				500164			30	"2025-11-05 12:59:23"					"Granngården Ljusdal"		PORT24	3		PORT24	GG			
P24-312				500163			30	"2025-11-05 12:59:23"					"Granngården Hudiksvall"		PORT24	3		PORT24	GG			
P24-313				500162			30	"2025-11-05 12:59:23"					"Granngården Sundsvall"		PORT24	3		PORT24	GG			
P24-314				500156			30	"2025-11-05 12:59:23"					"Granngården Hammarstrand"		PORT24	3		PORT24	GG			
P24-315				500155			30	"2025-11-05 12:59:23"					"Granngården Östersund"		PORT24	3		PORT24	GG			
P24-316				500488			30	"2025-11-05 12:59:23"					"Granngården Åmål"		PORT24	4		PORT24	GG			
P24-317				500486			30	"2025-11-05 12:59:23"					"Granngården Tanumshede"		PORT24	4		PORT24	GG			
P24-318				500483			30	"2025-11-05 12:59:23"					"Granngården Uddevalla"		PORT24	4		PORT24	GG			
P24-319				500482			30	"2025-11-05 12:59:23"					"Granngården Trollhättan"		PORT24	4		PORT24	GG			
P24-32				500413			30	"2025-11-05 12:59:23"					"Granngården Mora"		PORT24	1		PORT24	GG			
P24-320				500481			30	"2025-11-05 12:59:23"					"Granngården Kungälv"		PORT24	4		PORT24	GG			
P24-321				500475			30	"2025-11-05 12:59:23"					"Granngården Kinna"		PORT24	4		PORT24	GG			
P24-322				500474			30	"2025-11-05 12:59:23"					"Granngården Borås"		PORT24	4		PORT24	GG			
P24-323				500473			30	"2025-11-05 12:59:23"					"Granngården Ulricehamn"		PORT24	4		PORT24	GG			
P24-324				500471			30	"2025-11-05 12:59:23"					"Granngården Falköping"		PORT24	4		PORT24	GG			
P24-325				500464			30	"2025-11-05 12:59:23"					"Granngården Alingsås"		PORT24	4		PORT24	GG			
P24-326				500463			30	"2025-11-05 12:59:23"					"Granngården Vara"		PORT24	4		PORT24	GG			
P24-327				500461			30	"2025-11-05 12:59:23"					"Granngården Lidköping"		PORT24	4		PORT24	GG			
P24-328				500454			30	"2025-11-05 12:59:23"					"Granngården Skövde"		PORT24	4		PORT24	GG			
P24-329				500453			30	"2025-11-05 12:59:23"					"Granngården Hjo"		PORT24	4		PORT24	GG			
P24-33				500412			30	"2025-11-05 12:59:23"					"Granngården Gävle"		PORT24	1		PORT24	GG			
P24-330				500452			30	"2025-11-05 12:59:23"					"Granngården Mariestad"		PORT24	4		PORT24	GG			
P24-331				500442			30	"2025-11-05 12:59:23"					"Granngården Nyköping"		PORT24	4		PORT24	GG			
P24-332				500441			30	"2025-11-05 12:59:23"					"Granngården Norrköping"		PORT24	4		PORT24	GG			
P24-333				500440			30	"2025-11-05 12:59:23"					"Granngården Gnesta"		PORT24	4		PORT24	GG			
P24-334				500439			30	"2025-11-05 12:59:23"					"Granngården Södertälje"		PORT24	4		PORT24	GG			
P24-335				500433			30	"2025-11-05 12:59:23"					"Granngården Västerås"		PORT24	4		PORT24	GG			
P24-336				500432			30	"2025-11-05 12:59:23"					"Granngården Enköping"		PORT24	4		PORT24	GG			
P24-337				500431			30	"2025-11-05 12:59:23"					"Granngården Sala"		PORT24	4		PORT24	GG			
P24-338				500429			30	"2025-11-05 12:59:23"					"Granngården Haninge"		PORT24	4		PORT24	GG			
P24-339				500427			30	"2025-11-05 12:59:23"					"Granngården Värmdö"		PORT24	4		PORT24	GG			
P24-34				500411			30	"2025-11-05 12:59:23"					"Granngården Bollnäs"		PORT24	1		PORT24	GG			
P24-340				500425			30	"2025-11-05 12:59:23"					"Granngården Arninge"		PORT24	4		PORT24	GG			
P24-341				500424			30	"2025-11-05 12:59:23"					"Granngården Norrtälje"		PORT24	4		PORT24	GG			
P24-342				500423			30	"2025-11-05 12:59:23"					"Granngården Uppsala"		PORT24	4		PORT24	GG			
P24-343				500422			30	"2025-11-05 12:59:23"					"Granngården Östhammar"		PORT24	4		PORT24	GG			
P24-344				500421			30	"2025-11-05 12:59:23"					"Granngården Tierp"		PORT24	4		PORT24	GG			
P24-345				500415			30	"2025-11-05 12:59:23"					"Granngården Borlänge"		PORT24	4		PORT24	GG			
P24-346				500414			30	"2025-11-05 12:59:23"					"Granngården Hedemora"		PORT24	4		PORT24	GG			
P24-347				500413			30	"2025-11-05 12:59:23"					"Granngården Mora"		PORT24	4		PORT24	GG			
P24-348				500412			30	"2025-11-05 12:59:23"					"Granngården Gävle"		PORT24	4		PORT24	GG			
P24-349				500411			30	"2025-11-05 12:59:23"					"Granngården Bollnäs"		PORT24	4		PORT24	GG			
P24-35				500367			30	"2025-11-05 12:59:23"					"Granngården Motala"		PORT24	1		PORT24	GG			
P24-350				500367			30	"2025-11-05 12:59:23"					"Granngården Motala"		PORT24	4		PORT24	GG			
P24-351				500365			30	"2025-11-05 12:59:23"					"Granngården Vimmerby"		PORT24	4		PORT24	GG			
P24-352				500341			30	"2025-11-05 12:59:23"					"Granngården Eskilstuna"		PORT24	4		PORT24	GG			
P24-353				500325			30	"2025-11-05 12:59:23"					"Granngården Sorunda"		PORT24	4		PORT24	GG			
P24-354				500323			30	"2025-11-05 12:59:23"					"Granngården Rimbo"		PORT24	4		PORT24	GG			
P24-355				500321			30	"2025-11-05 12:59:23"					"Granngården Alunda"		PORT24	4		PORT24	GG			
P24-356				500314			30	"2025-11-05 12:59:23"					"Granngården Falun"		PORT24	4		PORT24	GG			
P24-357				500313			30	"2025-11-05 12:59:23"					"Granngården Smedjebacken"		PORT24	4		PORT24	GG			
P24-358				500312			30	"2025-11-05 12:59:23"					"Granngården Krylbo"		PORT24	4		PORT24	GG			
P24-359				500307			30	"2025-11-05 12:59:23"					"Granngården Leksand"		PORT24	4		PORT24	GG			
P24-36				500365			30	"2025-11-05 12:59:23"					"Granngården Vimmerby"		PORT24	1		PORT24	GG			
P24-360				500306			30	"2025-11-05 12:59:23"					"Granngården Kungsgården"		PORT24	4		PORT24	GG			
P24-361				500303			30	"2025-11-05 12:59:23"					"Granngården Söderhamn"		PORT24	4		PORT24	GG			
P24-362				500302			30	"2025-11-05 12:59:23"					"Granngården Edsbyn"		PORT24	4		PORT24	GG			
P24-363				500285			30	"2025-11-05 12:59:23"					"Granngården Ljungby"		PORT24	4		PORT24	GG			
P24-364				500284			30	"2025-11-05 12:59:23"					"Granngården Karlskrona"		PORT24	4		PORT24	GG			
P24-365				500282			30	"2025-11-05 12:59:23"					"Granngården Karlshamn"		PORT24	4		PORT24	GG			
P24-366				500278			30	"2025-11-05 12:59:23"					"Granngården Växjö"		PORT24	4		PORT24	GG			
P24-367				500276			30	"2025-11-05 12:59:23"					"Granngården Halmstad"		PORT24	4		PORT24	GG			
P24-368				500275			30	"2025-11-05 12:59:23"					"Granngården Falkenberg"		PORT24	4		PORT24	GG			
P24-369				500272			30	"2025-11-05 12:59:23"					"Granngården Varberg"		PORT24	4		PORT24	GG			
P24-37				500341			30	"2025-11-05 12:59:23"					"Granngården Eskilstuna"		PORT24	1		PORT24	GG			
P24-370				500271			30	"2025-11-05 12:59:23"					"Granngården Kungsbacka"		PORT24	4		PORT24	GG			
P24-371				500264			30	"2025-11-05 12:59:23"					"Granngården Nässjö"		PORT24	4		PORT24	GG			
P24-372				500263			30	"2025-11-05 12:59:23"					"Granngården Eksjö"		PORT24	4		PORT24	GG			
P24-373				500261			30	"2025-11-05 12:59:23"					"Granngården Vetlanda"		PORT24	4		PORT24	GG			
P24-374				500260			30	"2025-11-05 12:59:23"					"Granngården Sävsjö"		PORT24	4		PORT24	GG			
P24-375				500259			30	"2025-11-05 12:59:23"					"Granngården Värnamo"		PORT24	4		PORT24	GG			
P24-376				500258			30	"2025-11-05 12:59:23"					"Granngården Gislaved"		PORT24	4		PORT24	GG			
P24-377				500257			30	"2025-11-05 12:59:23"					"Granngården Tranås"		PORT24	4		PORT24	GG			
P24-378				500256			30	"2025-11-05 12:59:23"					"Granngården Jönköping"		PORT24	4		PORT24	GG			
P24-379				500251			30	"2025-11-05 12:59:23"					"Granngården Västervik"		PORT24	4		PORT24	GG			
P24-38				500325			30	"2025-11-05 12:59:23"					"Granngården Sorunda"		PORT24	1		PORT24	GG			
P24-380				500250			30	"2025-11-05 12:59:23"					"Granngården Oskarshamn"		PORT24	4		PORT24	GG			
P24-381				500249			30	"2025-11-05 12:59:23"					"Granngården Kalmar"		PORT24	4		PORT24	GG			
P24-382				500248			30	"2025-11-05 12:59:23"					"Granngården Hemse"		PORT24	4		PORT24	GG			
P24-383				500246			30	"2025-11-05 12:59:23"					"Granngården Visby"		PORT24	4		PORT24	GG			
P24-384				500239			30	"2025-11-05 12:59:23"					"Granngården Örebro"		PORT24	4		PORT24	GG			
P24-385				500236			30	"2025-11-05 12:59:23"					"Granngården Karlskoga"		PORT24	4		PORT24	GG			
P24-386				500235			30	"2025-11-05 12:59:23"					"Granngården Lindesberg"		PORT24	4		PORT24	GG			
P24-387				500234			30	"2025-11-05 12:59:23"					"Granngården Fjugesta"		PORT24	4		PORT24	GG			
P24-388				500232			30	"2025-11-05 12:59:23"					"Granngården Askersund"		PORT24	4		PORT24	GG			
P24-389				500231			30	"2025-11-05 12:59:23"					"Granngården Arboga"		PORT24	4		PORT24	GG			
P24-39				500323			30	"2025-11-05 12:59:23"					"Granngården Rimbo"		PORT24	1		PORT24	GG			
P24-390				500225			30	"2025-11-05 12:59:23"					"Granngården Kristinehamn"		PORT24	4		PORT24	GG			
P24-391				500223			30	"2025-11-05 12:59:23"					"Granngården Ekshärad"		PORT24	4		PORT24	GG			
P24-392				500222			30	"2025-11-05 12:59:23"					"Granngården Arvika"		PORT24	4		PORT24	GG			
P24-393				500221			30	"2025-11-05 12:59:23"					"Granngården Sunne"		PORT24	4		PORT24	GG			
P24-394				500219			30	"2025-11-05 12:59:23"					"Granngården Torsby"		PORT24	4		PORT24	GG			
P24-395				500218			30	"2025-11-05 12:59:23"					"Granngården Säffle"		PORT24	4		PORT24	GG			
P24-396				500216			30	"2025-11-05 12:59:23"					"Granngården Karlstad"		PORT24	4		PORT24	GG			
P24-397				500211			30	"2025-11-05 12:59:23"					"Granngården Boden"		PORT24	4		PORT24	GG			
P24-398				500210			30	"2025-11-05 12:59:23"					"Granngården Kalix"		PORT24	4		PORT24	GG			
P24-399				500209			30	"2025-11-05 12:59:23"					"Granngården Luleå"		PORT24	4		PORT24	GG			
P24-4				500482			30	"2025-11-05 12:59:23"					"Granngården Trollhättan"		PORT24	1		PORT24	GG			
P24-40				500321			30	"2025-11-05 12:59:23"					"Granngården Alunda"		PORT24	1		PORT24	GG			
P24-400				500208			30	"2025-11-05 12:59:23"					"Granngården Piteå"		PORT24	4		PORT24	GG			
P24-401				500204			30	"2025-11-05 12:59:23"					"Granngården Lycksele"		PORT24	4		PORT24	GG			
P24-402				500203			30	"2025-11-05 12:59:23"					"Granngården Vilhelmina"		PORT24	4		PORT24	GG			
P24-403				500202			30	"2025-11-05 12:59:23"					"Granngården Skellefteå"		PORT24	4		PORT24	GG			
P24-404				500201			30	"2025-11-05 12:59:23"					"Granngården Umeå"		PORT24	4		PORT24	GG			
P24-405				500195			30	"2025-11-05 12:59:23"					"Granngården Löddeköpinge"		PORT24	4		PORT24	GG			
P24-406				500194			30	"2025-11-05 12:59:23"					"Granngården Helsingborg"		PORT24	4		PORT24	GG			
P24-407				500193			30	"2025-11-05 12:59:23"					"Granngården Kristianstad"		PORT24	4		PORT24	GG			
P24-408				500192			30	"2025-11-05 12:59:23"					"Granngården Ystad"		PORT24	4		PORT24	GG			
P24-409				500190			30	"2025-11-05 12:59:23"					"Granngården Ängelholm"		PORT24	4		PORT24	GG			
P24-41				500314			30	"2025-11-05 12:59:23"					"Granngården Falun"		PORT24	1		PORT24	GG			
P24-410				500182			30	"2025-11-05 12:59:23"					"Granngården Sjöbo"		PORT24	4		PORT24	GG			
P24-411				500181			30	"2025-11-05 12:59:23"					"Granngården Malmö"		PORT24	4		PORT24	GG			
P24-412				500178			30	"2025-11-05 12:59:23"					"Granngården Dalby"		PORT24	4		PORT24	GG			
P24-413				500176			30	"2025-11-05 12:59:23"					"Granngården Eslöv"		PORT24	4		PORT24	GG			
P24-414				500166			30	"2025-11-05 12:59:23"					"Granngården Sollefteå"		PORT24	4		PORT24	GG			
P24-415				500165			30	"2025-11-05 12:59:23"					"Granngården Örnsköldsvik"		PORT24	4		PORT24	GG			
P24-416				500164			30	"2025-11-05 12:59:23"					"Granngården Ljusdal"		PORT24	4		PORT24	GG			
P24-417				500163			30	"2025-11-05 12:59:23"					"Granngården Hudiksvall"		PORT24	4		PORT24	GG			
P24-418				500162			30	"2025-11-05 12:59:23"					"Granngården Sundsvall"		PORT24	4		PORT24	GG			
P24-419				500156			30	"2025-11-05 12:59:23"					"Granngården Hammarstrand"		PORT24	4		PORT24	GG			
P24-42				500313			30	"2025-11-05 12:59:23"					"Granngården Smedjebacken"		PORT24	1		PORT24	GG			
P24-420				500155			30	"2025-11-05 12:59:23"					"Granngården Östersund"		PORT24	4		PORT24	GG			
P24-421				500488			30	"2025-11-05 12:59:23"					"Granngården Åmål"		PORT24	5		PORT24	GG			
P24-422				500486			30	"2025-11-05 12:59:23"					"Granngården Tanumshede"		PORT24	5		PORT24	GG			
P24-423				500483			30	"2025-11-05 12:59:23"					"Granngården Uddevalla"		PORT24	5		PORT24	GG			
P24-424				500482			30	"2025-11-05 12:59:23"					"Granngården Trollhättan"		PORT24	5		PORT24	GG			
P24-425				500481			30	"2025-11-05 12:59:23"					"Granngården Kungälv"		PORT24	5		PORT24	GG			
P24-426				500475			30	"2025-11-05 12:59:23"					"Granngården Kinna"		PORT24	5		PORT24	GG			
P24-427				500474			30	"2025-11-05 12:59:23"					"Granngården Borås"		PORT24	5		PORT24	GG			
P24-428				500473			30	"2025-11-05 12:59:23"					"Granngården Ulricehamn"		PORT24	5		PORT24	GG			
P24-429				500471			30	"2025-11-05 12:59:23"					"Granngården Falköping"		PORT24	5		PORT24	GG			
P24-43				500312			30	"2025-11-05 12:59:23"					"Granngården Krylbo"		PORT24	1		PORT24	GG			
P24-430				500464			30	"2025-11-05 12:59:23"					"Granngården Alingsås"		PORT24	5		PORT24	GG			
P24-431				500463			30	"2025-11-05 12:59:23"					"Granngården Vara"		PORT24	5		PORT24	GG			
P24-432				500461			30	"2025-11-05 12:59:23"					"Granngården Lidköping"		PORT24	5		PORT24	GG			
P24-433				500454			30	"2025-11-05 12:59:23"					"Granngården Skövde"		PORT24	5		PORT24	GG			
P24-434				500453			30	"2025-11-05 12:59:23"					"Granngården Hjo"		PORT24	5		PORT24	GG			
P24-435				500452			30	"2025-11-05 12:59:23"					"Granngården Mariestad"		PORT24	5		PORT24	GG			
P24-436				500442			30	"2025-11-05 12:59:23"					"Granngården Nyköping"		PORT24	5		PORT24	GG			
P24-437				500441			30	"2025-11-05 12:59:23"					"Granngården Norrköping"		PORT24	5		PORT24	GG			
P24-438				500440			30	"2025-11-05 12:59:23"					"Granngården Gnesta"		PORT24	5		PORT24	GG			
P24-439				500439			30	"2025-11-05 12:59:23"					"Granngården Södertälje"		PORT24	5		PORT24	GG			
P24-44				500307			30	"2025-11-05 12:59:23"					"Granngården Leksand"		PORT24	1		PORT24	GG			
P24-440				500433			30	"2025-11-05 12:59:23"					"Granngården Västerås"		PORT24	5		PORT24	GG			
P24-441				500432			30	"2025-11-05 12:59:23"					"Granngården Enköping"		PORT24	5		PORT24	GG			
P24-442				500431			30	"2025-11-05 12:59:23"					"Granngården Sala"		PORT24	5		PORT24	GG			
P24-443				500429			30	"2025-11-05 12:59:23"					"Granngården Haninge"		PORT24	5		PORT24	GG			
P24-444				500427			30	"2025-11-05 12:59:23"					"Granngården Värmdö"		PORT24	5		PORT24	GG			
P24-445				500425			30	"2025-11-05 12:59:23"					"Granngården Arninge"		PORT24	5		PORT24	GG			
P24-446				500424			30	"2025-11-05 12:59:23"					"Granngården Norrtälje"		PORT24	5		PORT24	GG			
P24-447				500423			30	"2025-11-05 12:59:23"					"Granngården Uppsala"		PORT24	5		PORT24	GG			
P24-448				500422			30	"2025-11-05 12:59:23"					"Granngården Östhammar"		PORT24	5		PORT24	GG			
P24-449				500421			30	"2025-11-05 12:59:23"					"Granngården Tierp"		PORT24	5		PORT24	GG			
P24-45				500306			30	"2025-11-05 12:59:23"					"Granngården Kungsgården"		PORT24	1		PORT24	GG			
P24-450				500415			30	"2025-11-05 12:59:23"					"Granngården Borlänge"		PORT24	5		PORT24	GG			
P24-451				500414			30	"2025-11-05 12:59:23"					"Granngården Hedemora"		PORT24	5		PORT24	GG			
P24-452				500413			30	"2025-11-05 12:59:23"					"Granngården Mora"		PORT24	5		PORT24	GG			
P24-453				500412			30	"2025-11-05 12:59:23"					"Granngården Gävle"		PORT24	5		PORT24	GG			
P24-454				500411			30	"2025-11-05 12:59:23"					"Granngården Bollnäs"		PORT24	5		PORT24	GG			
P24-455				500367			30	"2025-11-05 12:59:23"					"Granngården Motala"		PORT24	5		PORT24	GG			
P24-456				500365			30	"2025-11-05 12:59:23"					"Granngården Vimmerby"		PORT24	5		PORT24	GG			
P24-457				500341			30	"2025-11-05 12:59:23"					"Granngården Eskilstuna"		PORT24	5		PORT24	GG			
P24-458				500325			30	"2025-11-05 12:59:23"					"Granngården Sorunda"		PORT24	5		PORT24	GG			
P24-459				500323			30	"2025-11-05 12:59:23"					"Granngården Rimbo"		PORT24	5		PORT24	GG			
P24-46				500303			30	"2025-11-05 12:59:23"					"Granngården Söderhamn"		PORT24	1		PORT24	GG			
P24-460				500321			30	"2025-11-05 12:59:23"					"Granngården Alunda"		PORT24	5		PORT24	GG			
P24-461				500314			30	"2025-11-05 12:59:23"					"Granngården Falun"		PORT24	5		PORT24	GG			
P24-462				500313			30	"2025-11-05 12:59:23"					"Granngården Smedjebacken"		PORT24	5		PORT24	GG			
P24-463				500312			30	"2025-11-05 12:59:23"					"Granngården Krylbo"		PORT24	5		PORT24	GG			
P24-464				500307			30	"2025-11-05 12:59:23"					"Granngården Leksand"		PORT24	5		PORT24	GG			
P24-465				500306			30	"2025-11-05 12:59:23"					"Granngården Kungsgården"		PORT24	5		PORT24	GG			
P24-466				500303			30	"2025-11-05 12:59:23"					"Granngården Söderhamn"		PORT24	5		PORT24	GG			
P24-467				500302			30	"2025-11-05 12:59:23"					"Granngården Edsbyn"		PORT24	5		PORT24	GG			
P24-468				500285			30	"2025-11-05 12:59:23"					"Granngården Ljungby"		PORT24	5		PORT24	GG			
P24-469				500284			30	"2025-11-05 12:59:23"					"Granngården Karlskrona"		PORT24	5		PORT24	GG			
P24-47				500302			30	"2025-11-05 12:59:23"					"Granngården Edsbyn"		PORT24	1		PORT24	GG			
P24-470				500282			30	"2025-11-05 12:59:23"					"Granngården Karlshamn"		PORT24	5		PORT24	GG			
P24-471				500278			30	"2025-11-05 12:59:23"					"Granngården Växjö"		PORT24	5		PORT24	GG			
P24-472				500276			30	"2025-11-05 12:59:23"					"Granngården Halmstad"		PORT24	5		PORT24	GG			
P24-473				500275			30	"2025-11-05 12:59:23"					"Granngården Falkenberg"		PORT24	5		PORT24	GG			
P24-474				500272			30	"2025-11-05 12:59:23"					"Granngården Varberg"		PORT24	5		PORT24	GG			
P24-475				500271			30	"2025-11-05 12:59:23"					"Granngården Kungsbacka"		PORT24	5		PORT24	GG			
P24-476				500264			30	"2025-11-05 12:59:23"					"Granngården Nässjö"		PORT24	5		PORT24	GG			
P24-477				500263			30	"2025-11-05 12:59:23"					"Granngården Eksjö"		PORT24	5		PORT24	GG			
P24-478				500261			30	"2025-11-05 12:59:23"					"Granngården Vetlanda"		PORT24	5		PORT24	GG			
P24-479				500260			30	"2025-11-05 12:59:23"					"Granngården Sävsjö"		PORT24	5		PORT24	GG			
P24-48				500285			30	"2025-11-05 12:59:23"					"Granngården Ljungby"		PORT24	1		PORT24	GG			
P24-480				500259			30	"2025-11-05 12:59:23"					"Granngården Värnamo"		PORT24	5		PORT24	GG			
P24-481				500258			30	"2025-11-05 12:59:23"					"Granngården Gislaved"		PORT24	5		PORT24	GG			
P24-482				500257			30	"2025-11-05 12:59:23"					"Granngården Tranås"		PORT24	5		PORT24	GG			
P24-483				500256			30	"2025-11-05 12:59:23"					"Granngården Jönköping"		PORT24	5		PORT24	GG			
P24-484				500251			30	"2025-11-05 12:59:23"					"Granngården Västervik"		PORT24	5		PORT24	GG			
P24-485				500250			30	"2025-11-05 12:59:23"					"Granngården Oskarshamn"		PORT24	5		PORT24	GG			
P24-486				500249			30	"2025-11-05 12:59:23"					"Granngården Kalmar"		PORT24	5		PORT24	GG			
P24-487				500248			30	"2025-11-05 12:59:23"					"Granngården Hemse"		PORT24	5		PORT24	GG			
P24-488				500246			30	"2025-11-05 12:59:23"					"Granngården Visby"		PORT24	5		PORT24	GG			
P24-489				500239			30	"2025-11-05 12:59:23"					"Granngården Örebro"		PORT24	5		PORT24	GG			
P24-49				500284			30	"2025-11-05 12:59:23"					"Granngården Karlskrona"		PORT24	1		PORT24	GG			
P24-490				500236			30	"2025-11-05 12:59:23"					"Granngården Karlskoga"		PORT24	5		PORT24	GG			
P24-491				500235			30	"2025-11-05 12:59:23"					"Granngården Lindesberg"		PORT24	5		PORT24	GG			
P24-492				500234			30	"2025-11-05 12:59:23"					"Granngården Fjugesta"		PORT24	5		PORT24	GG			
P24-493				500232			30	"2025-11-05 12:59:23"					"Granngården Askersund"		PORT24	5		PORT24	GG			
P24-494				500231			30	"2025-11-05 12:59:23"					"Granngården Arboga"		PORT24	5		PORT24	GG			
P24-495				500225			30	"2025-11-05 12:59:23"					"Granngården Kristinehamn"		PORT24	5		PORT24	GG			
P24-496				500223			30	"2025-11-05 12:59:23"					"Granngården Ekshärad"		PORT24	5		PORT24	GG			
P24-497				500222			30	"2025-11-05 12:59:23"					"Granngården Arvika"		PORT24	5		PORT24	GG			
P24-498				500221			30	"2025-11-05 12:59:23"					"Granngården Sunne"		PORT24	5		PORT24	GG			
P24-499				500219			30	"2025-11-05 12:59:23"					"Granngården Torsby"		PORT24	5		PORT24	GG			
P24-5				500481			30	"2025-11-05 12:59:23"					"Granngården Kungälv"		PORT24	1		PORT24	GG			
P24-50				500282			30	"2025-11-05 12:59:23"					"Granngården Karlshamn"		PORT24	1		PORT24	GG			
P24-500				500218			30	"2025-11-05 12:59:23"					"Granngården Säffle"		PORT24	5		PORT24	GG			
P24-501				500216			30	"2025-11-05 12:59:23"					"Granngården Karlstad"		PORT24	5		PORT24	GG			
P24-502				500211			30	"2025-11-05 12:59:23"					"Granngården Boden"		PORT24	5		PORT24	GG			
P24-503				500210			30	"2025-11-05 12:59:23"					"Granngården Kalix"		PORT24	5		PORT24	GG			
P24-504				500209			30	"2025-11-05 12:59:23"					"Granngården Luleå"		PORT24	5		PORT24	GG			
P24-505				500208			30	"2025-11-05 12:59:23"					"Granngården Piteå"		PORT24	5		PORT24	GG			
P24-506				500204			30	"2025-11-05 12:59:23"					"Granngården Lycksele"		PORT24	5		PORT24	GG			
P24-507				500203			30	"2025-11-05 12:59:23"					"Granngården Vilhelmina"		PORT24	5		PORT24	GG			
P24-508				500202			30	"2025-11-05 12:59:23"					"Granngården Skellefteå"		PORT24	5		PORT24	GG			
P24-509				500201			30	"2025-11-05 12:59:23"					"Granngården Umeå"		PORT24	5		PORT24	GG			
P24-51				500278			30	"2025-11-05 12:59:23"					"Granngården Växjö"		PORT24	1		PORT24	GG			
P24-510				500195			30	"2025-11-05 12:59:23"					"Granngården Löddeköpinge"		PORT24	5		PORT24	GG			
P24-511				500194			30	"2025-11-05 12:59:23"					"Granngården Helsingborg"		PORT24	5		PORT24	GG			
P24-512				500193			30	"2025-11-05 12:59:23"					"Granngården Kristianstad"		PORT24	5		PORT24	GG			
P24-513				500192			30	"2025-11-05 12:59:23"					"Granngården Ystad"		PORT24	5		PORT24	GG			
P24-514				500190			30	"2025-11-05 12:59:23"					"Granngården Ängelholm"		PORT24	5		PORT24	GG			
P24-515				500182			30	"2025-11-05 12:59:23"					"Granngården Sjöbo"		PORT24	5		PORT24	GG			
P24-516				500181			30	"2025-11-05 12:59:23"					"Granngården Malmö"		PORT24	5		PORT24	GG			
P24-517				500178			30	"2025-11-05 12:59:23"					"Granngården Dalby"		PORT24	5		PORT24	GG			
P24-518				500176			30	"2025-11-05 12:59:23"					"Granngården Eslöv"		PORT24	5		PORT24	GG			
P24-519				500166			30	"2025-11-05 12:59:23"					"Granngården Sollefteå"		PORT24	5		PORT24	GG			
P24-52				500276			30	"2025-11-05 12:59:23"					"Granngården Halmstad"		PORT24	1		PORT24	GG			
P24-520				500165			30	"2025-11-05 12:59:23"					"Granngården Örnsköldsvik"		PORT24	5		PORT24	GG			
P24-521				500164			30	"2025-11-05 12:59:23"					"Granngården Ljusdal"		PORT24	5		PORT24	GG			
P24-522				500163			30	"2025-11-05 12:59:23"					"Granngården Hudiksvall"		PORT24	5		PORT24	GG			
P24-523				500162			30	"2025-11-05 12:59:23"					"Granngården Sundsvall"		PORT24	5		PORT24	GG			
P24-524				500156			30	"2025-11-05 12:59:23"					"Granngården Hammarstrand"		PORT24	5		PORT24	GG			
P24-525				500155			30	"2025-11-05 12:59:23"					"Granngården Östersund"		PORT24	5		PORT24	GG			
P24-526				500488			30	"2025-11-05 12:59:23"					"Granngården Åmål"		PORT24	6		PORT24	GG			
P24-527				500486			30	"2025-11-05 12:59:23"					"Granngården Tanumshede"		PORT24	6		PORT24	GG			
P24-528				500483			30	"2025-11-05 12:59:23"					"Granngården Uddevalla"		PORT24	6		PORT24	GG			
P24-529				500482			30	"2025-11-05 12:59:23"					"Granngården Trollhättan"		PORT24	6		PORT24	GG			
P24-53				500275			30	"2025-11-05 12:59:23"					"Granngården Falkenberg"		PORT24	1		PORT24	GG			
P24-530				500481			30	"2025-11-05 12:59:23"					"Granngården Kungälv"		PORT24	6		PORT24	GG			
P24-531				500475			30	"2025-11-05 12:59:23"					"Granngården Kinna"		PORT24	6		PORT24	GG			
P24-532				500474			30	"2025-11-05 12:59:23"					"Granngården Borås"		PORT24	6		PORT24	GG			
P24-533				500473			30	"2025-11-05 12:59:23"					"Granngården Ulricehamn"		PORT24	6		PORT24	GG			
P24-534				500471			30	"2025-11-05 12:59:23"					"Granngården Falköping"		PORT24	6		PORT24	GG			
P24-535				500464			30	"2025-11-05 12:59:23"					"Granngården Alingsås"		PORT24	6		PORT24	GG			
P24-536				500463			30	"2025-11-05 12:59:23"					"Granngården Vara"		PORT24	6		PORT24	GG			
P24-537				500461			30	"2025-11-05 12:59:23"					"Granngården Lidköping"		PORT24	6		PORT24	GG			
P24-538				500454			30	"2025-11-05 12:59:23"					"Granngården Skövde"		PORT24	6		PORT24	GG			
P24-539				500453			30	"2025-11-05 12:59:23"					"Granngården Hjo"		PORT24	6		PORT24	GG			
P24-54				500272			30	"2025-11-05 12:59:23"					"Granngården Varberg"		PORT24	1		PORT24	GG			
P24-540				500452			30	"2025-11-05 12:59:23"					"Granngården Mariestad"		PORT24	6		PORT24	GG			
P24-541				500442			30	"2025-11-05 12:59:23"					"Granngården Nyköping"		PORT24	6		PORT24	GG			
P24-542				500441			30	"2025-11-05 12:59:23"					"Granngården Norrköping"		PORT24	6		PORT24	GG			
P24-543				500440			30	"2025-11-05 12:59:23"					"Granngården Gnesta"		PORT24	6		PORT24	GG			
P24-544				500439			30	"2025-11-05 12:59:23"					"Granngården Södertälje"		PORT24	6		PORT24	GG			
P24-545				500433			30	"2025-11-05 12:59:23"					"Granngården Västerås"		PORT24	6		PORT24	GG			
P24-546				500432			30	"2025-11-05 12:59:23"					"Granngården Enköping"		PORT24	6		PORT24	GG			
P24-547				500431			30	"2025-11-05 12:59:23"					"Granngården Sala"		PORT24	6		PORT24	GG			
P24-548				500429			30	"2025-11-05 12:59:23"					"Granngården Haninge"		PORT24	6		PORT24	GG			
P24-549				500427			30	"2025-11-05 12:59:23"					"Granngården Värmdö"		PORT24	6		PORT24	GG			
P24-55				500271			30	"2025-11-05 12:59:23"					"Granngården Kungsbacka"		PORT24	1		PORT24	GG			
P24-550				500425			30	"2025-11-05 12:59:23"					"Granngården Arninge"		PORT24	6		PORT24	GG			
P24-551				500424			30	"2025-11-05 12:59:23"					"Granngården Norrtälje"		PORT24	6		PORT24	GG			
P24-552				500423			30	"2025-11-05 12:59:23"					"Granngården Uppsala"		PORT24	6		PORT24	GG			
P24-553				500422			30	"2025-11-05 12:59:23"					"Granngården Östhammar"		PORT24	6		PORT24	GG			
P24-554				500421			30	"2025-11-05 12:59:23"					"Granngården Tierp"		PORT24	6		PORT24	GG			
P24-555				500415			30	"2025-11-05 12:59:23"					"Granngården Borlänge"		PORT24	6		PORT24	GG			
P24-556				500414			30	"2025-11-05 12:59:23"					"Granngården Hedemora"		PORT24	6		PORT24	GG			
P24-557				500413			30	"2025-11-05 12:59:23"					"Granngården Mora"		PORT24	6		PORT24	GG			
P24-558				500412			30	"2025-11-05 12:59:23"					"Granngården Gävle"		PORT24	6		PORT24	GG			
P24-559				500411			30	"2025-11-05 12:59:23"					"Granngården Bollnäs"		PORT24	6		PORT24	GG			
P24-56				500264			30	"2025-11-05 12:59:23"					"Granngården Nässjö"		PORT24	1		PORT24	GG			
P24-560				500367			30	"2025-11-05 12:59:23"					"Granngården Motala"		PORT24	6		PORT24	GG			
P24-561				500365			30	"2025-11-05 12:59:23"					"Granngården Vimmerby"		PORT24	6		PORT24	GG			
P24-562				500341			30	"2025-11-05 12:59:23"					"Granngården Eskilstuna"		PORT24	6		PORT24	GG			
P24-563				500325			30	"2025-11-05 12:59:23"					"Granngården Sorunda"		PORT24	6		PORT24	GG			
P24-564				500323			30	"2025-11-05 12:59:23"					"Granngården Rimbo"		PORT24	6		PORT24	GG			
P24-565				500321			30	"2025-11-05 12:59:23"					"Granngården Alunda"		PORT24	6		PORT24	GG			
P24-566				500314			30	"2025-11-05 12:59:23"					"Granngården Falun"		PORT24	6		PORT24	GG			
P24-567				500313			30	"2025-11-05 12:59:23"					"Granngården Smedjebacken"		PORT24	6		PORT24	GG			
P24-568				500312			30	"2025-11-05 12:59:23"					"Granngården Krylbo"		PORT24	6		PORT24	GG			
P24-569				500307			30	"2025-11-05 12:59:23"					"Granngården Leksand"		PORT24	6		PORT24	GG			
P24-57				500263			30	"2025-11-05 12:59:23"					"Granngården Eksjö"		PORT24	1		PORT24	GG			
P24-570				500306			30	"2025-11-05 12:59:23"					"Granngården Kungsgården"		PORT24	6		PORT24	GG			
P24-571				500303			30	"2025-11-05 12:59:23"					"Granngården Söderhamn"		PORT24	6		PORT24	GG			
P24-572				500302			30	"2025-11-05 12:59:23"					"Granngården Edsbyn"		PORT24	6		PORT24	GG			
P24-573				500285			30	"2025-11-05 12:59:23"					"Granngården Ljungby"		PORT24	6		PORT24	GG			
P24-574				500284			30	"2025-11-05 12:59:23"					"Granngården Karlskrona"		PORT24	6		PORT24	GG			
P24-575				500282			30	"2025-11-05 12:59:23"					"Granngården Karlshamn"		PORT24	6		PORT24	GG			
P24-576				500278			30	"2025-11-05 12:59:23"					"Granngården Växjö"		PORT24	6		PORT24	GG			
P24-577				500276			30	"2025-11-05 12:59:23"					"Granngården Halmstad"		PORT24	6		PORT24	GG			
P24-578				500275			30	"2025-11-05 12:59:23"					"Granngården Falkenberg"		PORT24	6		PORT24	GG			
P24-579				500272			30	"2025-11-05 12:59:23"					"Granngården Varberg"		PORT24	6		PORT24	GG			
P24-58				500261			30	"2025-11-05 12:59:23"					"Granngården Vetlanda"		PORT24	1		PORT24	GG			
P24-580				500271			30	"2025-11-05 12:59:23"					"Granngården Kungsbacka"		PORT24	6		PORT24	GG			
P24-581				500264			30	"2025-11-05 12:59:23"					"Granngården Nässjö"		PORT24	6		PORT24	GG			
P24-582				500263			30	"2025-11-05 12:59:23"					"Granngården Eksjö"		PORT24	6		PORT24	GG			
P24-583				500261			30	"2025-11-05 12:59:23"					"Granngården Vetlanda"		PORT24	6		PORT24	GG			
P24-584				500260			30	"2025-11-05 12:59:23"					"Granngården Sävsjö"		PORT24	6		PORT24	GG			
P24-585				500259			30	"2025-11-05 12:59:23"					"Granngården Värnamo"		PORT24	6		PORT24	GG			
P24-586				500258			30	"2025-11-05 12:59:23"					"Granngården Gislaved"		PORT24	6		PORT24	GG			
P24-587				500257			30	"2025-11-05 12:59:23"					"Granngården Tranås"		PORT24	6		PORT24	GG			
P24-588				500256			30	"2025-11-05 12:59:23"					"Granngården Jönköping"		PORT24	6		PORT24	GG			
P24-589				500251			30	"2025-11-05 12:59:23"					"Granngården Västervik"		PORT24	6		PORT24	GG			
P24-59				500260			30	"2025-11-05 12:59:23"					"Granngården Sävsjö"		PORT24	1		PORT24	GG			
P24-590				500250			30	"2025-11-05 12:59:23"					"Granngården Oskarshamn"		PORT24	6		PORT24	GG			
P24-591				500249			30	"2025-11-05 12:59:23"					"Granngården Kalmar"		PORT24	6		PORT24	GG			
P24-592				500248			30	"2025-11-05 12:59:23"					"Granngården Hemse"		PORT24	6		PORT24	GG			
P24-593				500246			30	"2025-11-05 12:59:23"					"Granngården Visby"		PORT24	6		PORT24	GG			
P24-594				500239			30	"2025-11-05 12:59:23"					"Granngården Örebro"		PORT24	6		PORT24	GG			
P24-595				500236			30	"2025-11-05 12:59:23"					"Granngården Karlskoga"		PORT24	6		PORT24	GG			
P24-596				500235			30	"2025-11-05 12:59:23"					"Granngården Lindesberg"		PORT24	6		PORT24	GG			
P24-597				500234			30	"2025-11-05 12:59:23"					"Granngården Fjugesta"		PORT24	6		PORT24	GG			
P24-598				500232			30	"2025-11-05 12:59:23"					"Granngården Askersund"		PORT24	6		PORT24	GG			
P24-599				500231			30	"2025-11-05 12:59:23"					"Granngården Arboga"		PORT24	6		PORT24	GG			
P24-6				500475			30	"2025-11-05 12:59:23"					"Granngården Kinna"		PORT24	1		PORT24	GG			
P24-60				500259			30	"2025-11-05 12:59:23"					"Granngården Värnamo"		PORT24	1		PORT24	GG			
P24-600				500225			30	"2025-11-05 12:59:23"					"Granngården Kristinehamn"		PORT24	6		PORT24	GG			
P24-601				500223			30	"2025-11-05 12:59:23"					"Granngården Ekshärad"		PORT24	6		PORT24	GG			
P24-602				500222			30	"2025-11-05 12:59:23"					"Granngården Arvika"		PORT24	6		PORT24	GG			
P24-603				500221			30	"2025-11-05 12:59:23"					"Granngården Sunne"		PORT24	6		PORT24	GG			
P24-604				500219			30	"2025-11-05 12:59:23"					"Granngården Torsby"		PORT24	6		PORT24	GG			
P24-605				500218			30	"2025-11-05 12:59:23"					"Granngården Säffle"		PORT24	6		PORT24	GG			
P24-606				500216			30	"2025-11-05 12:59:23"					"Granngården Karlstad"		PORT24	6		PORT24	GG			
P24-607				500211			30	"2025-11-05 12:59:23"					"Granngården Boden"		PORT24	6		PORT24	GG			
P24-608				500210			30	"2025-11-05 12:59:23"					"Granngården Kalix"		PORT24	6		PORT24	GG			
P24-609				500209			30	"2025-11-05 12:59:23"					"Granngården Luleå"		PORT24	6		PORT24	GG			
P24-61				500258			30	"2025-11-05 12:59:23"					"Granngården Gislaved"		PORT24	1		PORT24	GG			
P24-610				500208			30	"2025-11-05 12:59:23"					"Granngården Piteå"		PORT24	6		PORT24	GG			
P24-611				500204			30	"2025-11-05 12:59:23"					"Granngården Lycksele"		PORT24	6		PORT24	GG			
P24-612				500203			30	"2025-11-05 12:59:23"					"Granngården Vilhelmina"		PORT24	6		PORT24	GG			
P24-613				500202			30	"2025-11-05 12:59:23"					"Granngården Skellefteå"		PORT24	6		PORT24	GG			
P24-614				500201			30	"2025-11-05 12:59:23"					"Granngården Umeå"		PORT24	6		PORT24	GG			
P24-615				500195			30	"2025-11-05 12:59:23"					"Granngården Löddeköpinge"		PORT24	6		PORT24	GG			
P24-616				500194			30	"2025-11-05 12:59:23"					"Granngården Helsingborg"		PORT24	6		PORT24	GG			
P24-617				500193			30	"2025-11-05 12:59:23"					"Granngården Kristianstad"		PORT24	6		PORT24	GG			
P24-618				500192			30	"2025-11-05 12:59:23"					"Granngården Ystad"		PORT24	6		PORT24	GG			
P24-619				500190			30	"2025-11-05 12:59:23"					"Granngården Ängelholm"		PORT24	6		PORT24	GG			
P24-62				500257			30	"2025-11-05 12:59:23"					"Granngården Tranås"		PORT24	1		PORT24	GG			
P24-620				500182			30	"2025-11-05 12:59:23"					"Granngården Sjöbo"		PORT24	6		PORT24	GG			
P24-621				500181			30	"2025-11-05 12:59:23"					"Granngården Malmö"		PORT24	6		PORT24	GG			
P24-622				500178			30	"2025-11-05 12:59:23"					"Granngården Dalby"		PORT24	6		PORT24	GG			
P24-623				500176			30	"2025-11-05 12:59:23"					"Granngården Eslöv"		PORT24	6		PORT24	GG			
P24-624				500166			30	"2025-11-05 12:59:23"					"Granngården Sollefteå"		PORT24	6		PORT24	GG			
P24-625				500165			30	"2025-11-05 12:59:23"					"Granngården Örnsköldsvik"		PORT24	6		PORT24	GG			
P24-626				500164			30	"2025-11-05 12:59:23"					"Granngården Ljusdal"		PORT24	6		PORT24	GG			
P24-627				500163			30	"2025-11-05 12:59:23"					"Granngården Hudiksvall"		PORT24	6		PORT24	GG			
P24-628				500162			30	"2025-11-05 12:59:23"					"Granngården Sundsvall"		PORT24	6		PORT24	GG			
P24-629				500156			30	"2025-11-05 12:59:23"					"Granngården Hammarstrand"		PORT24	6		PORT24	GG			
P24-63				500256			30	"2025-11-05 12:59:23"					"Granngården Jönköping"		PORT24	1		PORT24	GG			
P24-630				500155			30	"2025-11-05 12:59:23"					"Granngården Östersund"		PORT24	6		PORT24	GG			
P24-631				500488			30	"2025-11-05 12:59:23"					"Granngården Åmål"		PORT24	7		PORT24	GG			
P24-632				500486			30	"2025-11-05 12:59:23"					"Granngården Tanumshede"		PORT24	7		PORT24	GG			
P24-633				500483			30	"2025-11-05 12:59:23"					"Granngården Uddevalla"		PORT24	7		PORT24	GG			
P24-634				500482			30	"2025-11-05 12:59:23"					"Granngården Trollhättan"		PORT24	7		PORT24	GG			
P24-635				500481			30	"2025-11-05 12:59:23"					"Granngården Kungälv"		PORT24	7		PORT24	GG			
P24-636				500475			30	"2025-11-05 12:59:23"					"Granngården Kinna"		PORT24	7		PORT24	GG			
P24-637				500474			30	"2025-11-05 12:59:23"					"Granngården Borås"		PORT24	7		PORT24	GG			
P24-638				500473			30	"2025-11-05 12:59:23"					"Granngården Ulricehamn"		PORT24	7		PORT24	GG			
P24-639				500471			30	"2025-11-05 12:59:23"					"Granngården Falköping"		PORT24	7		PORT24	GG			
P24-64				500251			30	"2025-11-05 12:59:23"					"Granngården Västervik"		PORT24	1		PORT24	GG			
P24-640				500464			30	"2025-11-05 12:59:23"					"Granngården Alingsås"		PORT24	7		PORT24	GG			
P24-641				500463			30	"2025-11-05 12:59:23"					"Granngården Vara"		PORT24	7		PORT24	GG			
P24-642				500461			30	"2025-11-05 12:59:23"					"Granngården Lidköping"		PORT24	7		PORT24	GG			
P24-643				500454			30	"2025-11-05 12:59:23"					"Granngården Skövde"		PORT24	7		PORT24	GG			
P24-644				500453			30	"2025-11-05 12:59:23"					"Granngården Hjo"		PORT24	7		PORT24	GG			
P24-645				500452			30	"2025-11-05 12:59:23"					"Granngården Mariestad"		PORT24	7		PORT24	GG			
P24-646				500442			30	"2025-11-05 12:59:23"					"Granngården Nyköping"		PORT24	7		PORT24	GG			
P24-647				500441			30	"2025-11-05 12:59:23"					"Granngården Norrköping"		PORT24	7		PORT24	GG			
P24-648				500440			30	"2025-11-05 12:59:23"					"Granngården Gnesta"		PORT24	7		PORT24	GG			
P24-649				500439			30	"2025-11-05 12:59:23"					"Granngården Södertälje"		PORT24	7		PORT24	GG			
P24-65				500250			30	"2025-11-05 12:59:23"					"Granngården Oskarshamn"		PORT24	1		PORT24	GG			
P24-650				500433			30	"2025-11-05 12:59:23"					"Granngården Västerås"		PORT24	7		PORT24	GG			
P24-651				500432			30	"2025-11-05 12:59:23"					"Granngården Enköping"		PORT24	7		PORT24	GG			
P24-652				500431			30	"2025-11-05 12:59:23"					"Granngården Sala"		PORT24	7		PORT24	GG			
P24-653				500429			30	"2025-11-05 12:59:23"					"Granngården Haninge"		PORT24	7		PORT24	GG			
P24-654				500427			30	"2025-11-05 12:59:23"					"Granngården Värmdö"		PORT24	7		PORT24	GG			
P24-655				500425			30	"2025-11-05 12:59:23"					"Granngården Arninge"		PORT24	7		PORT24	GG			
P24-656				500424			30	"2025-11-05 12:59:23"					"Granngården Norrtälje"		PORT24	7		PORT24	GG			
P24-657				500423			30	"2025-11-05 12:59:23"					"Granngården Uppsala"		PORT24	7		PORT24	GG			
P24-658				500422			30	"2025-11-05 12:59:23"					"Granngården Östhammar"		PORT24	7		PORT24	GG			
P24-659				500421			30	"2025-11-05 12:59:23"					"Granngården Tierp"		PORT24	7		PORT24	GG			
P24-66				500249			30	"2025-11-05 12:59:23"					"Granngården Kalmar"		PORT24	1		PORT24	GG			
P24-660				500415			30	"2025-11-05 12:59:23"					"Granngården Borlänge"		PORT24	7		PORT24	GG			
P24-661				500414			30	"2025-11-05 12:59:23"					"Granngården Hedemora"		PORT24	7		PORT24	GG			
P24-662				500413			30	"2025-11-05 12:59:23"					"Granngården Mora"		PORT24	7		PORT24	GG			
P24-663				500412			30	"2025-11-05 12:59:23"					"Granngården Gävle"		PORT24	7		PORT24	GG			
P24-664				500411			30	"2025-11-05 12:59:23"					"Granngården Bollnäs"		PORT24	7		PORT24	GG			
P24-665				500367			30	"2025-11-05 12:59:23"					"Granngården Motala"		PORT24	7		PORT24	GG			
P24-666				500365			30	"2025-11-05 12:59:23"					"Granngården Vimmerby"		PORT24	7		PORT24	GG			
P24-667				500341			30	"2025-11-05 12:59:23"					"Granngården Eskilstuna"		PORT24	7		PORT24	GG			
P24-668				500325			30	"2025-11-05 12:59:23"					"Granngården Sorunda"		PORT24	7		PORT24	GG			
P24-669				500323			30	"2025-11-05 12:59:23"					"Granngården Rimbo"		PORT24	7		PORT24	GG			
P24-67				500248			30	"2025-11-05 12:59:23"					"Granngården Hemse"		PORT24	1		PORT24	GG			
P24-670				500321			30	"2025-11-05 12:59:23"					"Granngården Alunda"		PORT24	7		PORT24	GG			
P24-671				500314			30	"2025-11-05 12:59:23"					"Granngården Falun"		PORT24	7		PORT24	GG			
P24-672				500313			30	"2025-11-05 12:59:23"					"Granngården Smedjebacken"		PORT24	7		PORT24	GG			
P24-673				500312			30	"2025-11-05 12:59:23"					"Granngården Krylbo"		PORT24	7		PORT24	GG			
P24-674				500307			30	"2025-11-05 12:59:23"					"Granngården Leksand"		PORT24	7		PORT24	GG			
P24-675				500306			30	"2025-11-05 12:59:23"					"Granngården Kungsgården"		PORT24	7		PORT24	GG			
P24-676				500303			30	"2025-11-05 12:59:23"					"Granngården Söderhamn"		PORT24	7		PORT24	GG			
P24-677				500302			30	"2025-11-05 12:59:23"					"Granngården Edsbyn"		PORT24	7		PORT24	GG			
P24-678				500285			30	"2025-11-05 12:59:23"					"Granngården Ljungby"		PORT24	7		PORT24	GG			
P24-679				500284			30	"2025-11-05 12:59:23"					"Granngården Karlskrona"		PORT24	7		PORT24	GG			
P24-68				500246			30	"2025-11-05 12:59:23"					"Granngården Visby"		PORT24	1		PORT24	GG			
P24-680				500282			30	"2025-11-05 12:59:23"					"Granngården Karlshamn"		PORT24	7		PORT24	GG			
P24-681				500278			30	"2025-11-05 12:59:23"					"Granngården Växjö"		PORT24	7		PORT24	GG			
P24-682				500276			30	"2025-11-05 12:59:23"					"Granngården Halmstad"		PORT24	7		PORT24	GG			
P24-683				500275			30	"2025-11-05 12:59:23"					"Granngården Falkenberg"		PORT24	7		PORT24	GG			
P24-684				500272			30	"2025-11-05 12:59:23"					"Granngården Varberg"		PORT24	7		PORT24	GG			
P24-685				500271			30	"2025-11-05 12:59:23"					"Granngården Kungsbacka"		PORT24	7		PORT24	GG			
P24-686				500264			30	"2025-11-05 12:59:23"					"Granngården Nässjö"		PORT24	7		PORT24	GG			
P24-687				500263			30	"2025-11-05 12:59:23"					"Granngården Eksjö"		PORT24	7		PORT24	GG			
P24-688				500261			30	"2025-11-05 12:59:23"					"Granngården Vetlanda"		PORT24	7		PORT24	GG			
P24-689				500260			30	"2025-11-05 12:59:23"					"Granngården Sävsjö"		PORT24	7		PORT24	GG			
P24-69				500239			30	"2025-11-05 12:59:23"					"Granngården Örebro"		PORT24	1		PORT24	GG			
P24-690				500259			30	"2025-11-05 12:59:23"					"Granngården Värnamo"		PORT24	7		PORT24	GG			
P24-691				500258			30	"2025-11-05 12:59:23"					"Granngården Gislaved"		PORT24	7		PORT24	GG			
P24-692				500257			30	"2025-11-05 12:59:23"					"Granngården Tranås"		PORT24	7		PORT24	GG			
P24-693				500256			30	"2025-11-05 12:59:23"					"Granngården Jönköping"		PORT24	7		PORT24	GG			
P24-694				500251			30	"2025-11-05 12:59:23"					"Granngården Västervik"		PORT24	7		PORT24	GG			
P24-695				500250			30	"2025-11-05 12:59:23"					"Granngården Oskarshamn"		PORT24	7		PORT24	GG			
P24-696				500249			30	"2025-11-05 12:59:23"					"Granngården Kalmar"		PORT24	7		PORT24	GG			
P24-697				500248			30	"2025-11-05 12:59:23"					"Granngården Hemse"		PORT24	7		PORT24	GG			
P24-698				500246			30	"2025-11-05 12:59:23"					"Granngården Visby"		PORT24	7		PORT24	GG			
P24-699				500239			30	"2025-11-05 12:59:23"					"Granngården Örebro"		PORT24	7		PORT24	GG			
P24-7				500474			30	"2025-11-05 12:59:23"					"Granngården Borås"		PORT24	1		PORT24	GG			
P24-70				500236			30	"2025-11-05 12:59:23"					"Granngården Karlskoga"		PORT24	1		PORT24	GG			
P24-700				500236			30	"2025-11-05 12:59:23"					"Granngården Karlskoga"		PORT24	7		PORT24	GG			
P24-701				500235			30	"2025-11-05 12:59:23"					"Granngården Lindesberg"		PORT24	7		PORT24	GG			
P24-702				500234			30	"2025-11-05 12:59:23"					"Granngården Fjugesta"		PORT24	7		PORT24	GG			
P24-703				500232			30	"2025-11-05 12:59:23"					"Granngården Askersund"		PORT24	7		PORT24	GG			
P24-704				500231			30	"2025-11-05 12:59:23"					"Granngården Arboga"		PORT24	7		PORT24	GG			
P24-705				500225			30	"2025-11-05 12:59:23"					"Granngården Kristinehamn"		PORT24	7		PORT24	GG			
P24-706				500223			30	"2025-11-05 12:59:23"					"Granngården Ekshärad"		PORT24	7		PORT24	GG			
P24-707				500222			30	"2025-11-05 12:59:23"					"Granngården Arvika"		PORT24	7		PORT24	GG			
P24-708				500221			30	"2025-11-05 12:59:23"					"Granngården Sunne"		PORT24	7		PORT24	GG			
P24-709				500219			30	"2025-11-05 12:59:23"					"Granngården Torsby"		PORT24	7		PORT24	GG			
P24-71				500235			30	"2025-11-05 12:59:23"					"Granngården Lindesberg"		PORT24	1		PORT24	GG			
P24-710				500218			30	"2025-11-05 12:59:23"					"Granngården Säffle"		PORT24	7		PORT24	GG			
P24-711				500216			30	"2025-11-05 12:59:23"					"Granngården Karlstad"		PORT24	7		PORT24	GG			
P24-712				500211			30	"2025-11-05 12:59:23"					"Granngården Boden"		PORT24	7		PORT24	GG			
P24-713				500210			30	"2025-11-05 12:59:23"					"Granngården Kalix"		PORT24	7		PORT24	GG			
P24-714				500209			30	"2025-11-05 12:59:23"					"Granngården Luleå"		PORT24	7		PORT24	GG			
P24-715				500208			30	"2025-11-05 12:59:23"					"Granngården Piteå"		PORT24	7		PORT24	GG			
P24-716				500204			30	"2025-11-05 12:59:23"					"Granngården Lycksele"		PORT24	7		PORT24	GG			
P24-717				500203			30	"2025-11-05 12:59:23"					"Granngården Vilhelmina"		PORT24	7		PORT24	GG			
P24-718				500202			30	"2025-11-05 12:59:23"					"Granngården Skellefteå"		PORT24	7		PORT24	GG			
P24-719				500201			30	"2025-11-05 12:59:23"					"Granngården Umeå"		PORT24	7		PORT24	GG			
P24-72				500234			30	"2025-11-05 12:59:23"					"Granngården Fjugesta"		PORT24	1		PORT24	GG			
P24-720				500195			30	"2025-11-05 12:59:23"					"Granngården Löddeköpinge"		PORT24	7		PORT24	GG			
P24-721				500194			30	"2025-11-05 12:59:23"					"Granngården Helsingborg"		PORT24	7		PORT24	GG			
P24-722				500193			30	"2025-11-05 12:59:23"					"Granngården Kristianstad"		PORT24	7		PORT24	GG			
P24-723				500192			30	"2025-11-05 12:59:23"					"Granngården Ystad"		PORT24	7		PORT24	GG			
P24-724				500190			30	"2025-11-05 12:59:23"					"Granngården Ängelholm"		PORT24	7		PORT24	GG			
P24-725				500182			30	"2025-11-05 12:59:23"					"Granngården Sjöbo"		PORT24	7		PORT24	GG			
P24-726				500181			30	"2025-11-05 12:59:23"					"Granngården Malmö"		PORT24	7		PORT24	GG			
P24-727				500178			30	"2025-11-05 12:59:23"					"Granngården Dalby"		PORT24	7		PORT24	GG			
P24-728				500176			30	"2025-11-05 12:59:23"					"Granngården Eslöv"		PORT24	7		PORT24	GG			
P24-729				500166			30	"2025-11-05 12:59:23"					"Granngården Sollefteå"		PORT24	7		PORT24	GG			
P24-73				500232			30	"2025-11-05 12:59:23"					"Granngården Askersund"		PORT24	1		PORT24	GG			
P24-730				500165			30	"2025-11-05 12:59:23"					"Granngården Örnsköldsvik"		PORT24	7		PORT24	GG			
P24-731				500164			30	"2025-11-05 12:59:23"					"Granngården Ljusdal"		PORT24	7		PORT24	GG			
P24-732				500163			30	"2025-11-05 12:59:23"					"Granngården Hudiksvall"		PORT24	7		PORT24	GG			
P24-733				500162			30	"2025-11-05 12:59:23"					"Granngården Sundsvall"		PORT24	7		PORT24	GG			
P24-734				500156			30	"2025-11-05 12:59:23"					"Granngården Hammarstrand"		PORT24	7		PORT24	GG			
P24-735				500155			30	"2025-11-05 12:59:23"					"Granngården Östersund"		PORT24	7		PORT24	GG			
P24-74				500231			30	"2025-11-05 12:59:23"					"Granngården Arboga"		PORT24	1		PORT24	GG			
P24-743				6005			30	"2025-11-05 12:59:23"					"Ehandel - Granngården"		PORT24	1		PORT24	GG			
P24-744				6005			30	"2025-11-05 12:59:23"					"Ehandel - Granngården"		PORT24	2		PORT24	GG			
P24-745				6005			30	"2025-11-05 12:59:23"					"Ehandel - Granngården"		PORT24	3		PORT24	GG			
P24-746				6005			30	"2025-11-05 12:59:23"					"Ehandel - Granngården"		PORT24	4		PORT24	GG			
P24-747				6005			30	"2025-11-05 12:59:23"					"Ehandel - Granngården"		PORT24	5		PORT24	GG			
P24-748				6005			30	"2025-11-05 12:59:23"					"Ehandel - Granngården"		PORT24	6		PORT24	GG			
P24-749				6005			30	"2025-11-05 12:59:23"					"Ehandel - Granngården"		PORT24	7		PORT24	GG			
P24-75				500225			30	"2025-11-05 12:59:23"					"Granngården Kristinehamn"		PORT24	1		PORT24	GG			
P24-76				500223			30	"2025-11-05 12:59:23"					"Granngården Ekshärad"		PORT24	1		PORT24	GG			
P24-77				500222			30	"2025-11-05 12:59:23"					"Granngården Arvika"		PORT24	1		PORT24	GG			
P24-78				500221			30	"2025-11-05 12:59:23"					"Granngården Sunne"		PORT24	1		PORT24	GG			
P24-79				500219			30	"2025-11-05 12:59:23"					"Granngården Torsby"		PORT24	1		PORT24	GG			
P24-8				500473			30	"2025-11-05 12:59:23"					"Granngården Ulricehamn"		PORT24	1		PORT24	GG			
P24-80				500218			30	"2025-11-05 12:59:23"					"Granngården Säffle"		PORT24	1		PORT24	GG			
P24-81				500216			30	"2025-11-05 12:59:23"					"Granngården Karlstad"		PORT24	1		PORT24	GG			
P24-82				500211			30	"2025-11-05 12:59:23"					"Granngården Boden"		PORT24	1		PORT24	GG			
P24-83				500210			30	"2025-11-05 12:59:23"					"Granngården Kalix"		PORT24	1		PORT24	GG			
P24-84				500209			30	"2025-11-05 12:59:23"					"Granngården Luleå"		PORT24	1		PORT24	GG			
P24-85				500208			30	"2025-11-05 12:59:23"					"Granngården Piteå"		PORT24	1		PORT24	GG			
P24-86				500204			30	"2025-11-05 12:59:23"					"Granngården Lycksele"		PORT24	1		PORT24	GG			
P24-87				500203			30	"2025-11-05 12:59:23"					"Granngården Vilhelmina"		PORT24	1		PORT24	GG			
P24-88				500202			30	"2025-11-05 12:59:23"					"Granngården Skellefteå"		PORT24	1		PORT24	GG			
P24-89				500201			30	"2025-11-05 12:59:23"					"Granngården Umeå"		PORT24	1		PORT24	GG			
P24-9				500471			30	"2025-11-05 12:59:23"					"Granngården Falköping"		PORT24	1		PORT24	GG			
P24-90				500195			30	"2025-11-05 12:59:23"					"Granngården Löddeköpinge"		PORT24	1		PORT24	GG			
P24-91				500194			30	"2025-11-05 12:59:23"					"Granngården Helsingborg"		PORT24	1		PORT24	GG			
P24-92				500193			30	"2025-11-05 12:59:23"					"Granngården Kristianstad"		PORT24	1		PORT24	GG			
P24-93				500192			30	"2025-11-05 12:59:23"					"Granngården Ystad"		PORT24	1		PORT24	GG			
P24-94				500190			30	"2025-11-05 12:59:23"					"Granngården Ängelholm"		PORT24	1		PORT24	GG			
P24-95				500182			30	"2025-11-05 12:59:23"					"Granngården Sjöbo"		PORT24	1		PORT24	GG			
P24-96				500181			30	"2025-11-05 12:59:23"					"Granngården Malmö"		PORT24	1		PORT24	GG			
P24-97				500178			30	"2025-11-05 12:59:23"					"Granngården Dalby"		PORT24	1		PORT24	GG			
P24-98				500176			30	"2025-11-05 12:59:23"					"Granngården Eslöv"		PORT24	1		PORT24	GG			
P24-99				500166			30	"2025-11-05 12:59:23"					"Granngården Sollefteå"		PORT24	1		PORT24	GG			
P25-1				90002			30	"2026-03-12 12:41:57"					"E-handelskund XL-BYGG"		PORT24	1		PORT25	MG			ANTO87
P25-2				90002			30	"2026-03-12 12:41:57"					"E-handelskund XL-BYGG"		PORT24	2		PORT25	MG			ANTO87
P25-3				90002			30	"2026-03-12 12:41:57"					"E-handelskund XL-BYGG"		PORT24	3		PORT25	MG			ANTO87
P25-4				90002			30	"2025-11-05 12:59:00"					"E-handelskund XL-BYGG"		PORT24	4		PORT25	MG			
P25-5				90002			30	"2026-03-12 12:41:57"					"E-handelskund XL-BYGG"		PORT24	5		PORT25	MG			ANTO87
P25-6							30	"2026-03-12 12:41:15"							PORT24	6		PORT25	MG			
P25-7							30	"2026-03-12 12:41:15"							PORT24	7		PORT25	MG			
PORT02							30	"2024-12-02 15:13:00"							PORT3902	1		PORT3902	GG			
PORT02							30	"2024-12-02 15:13:00"							PORT3902	2		PORT3902	GG			
PORT02							30	"2024-12-02 15:13:00"							PORT3902	3		PORT3902	GG			
PORT02							30	"2024-12-02 15:13:00"							PORT3902	4		PORT3902	GG			
PORT02							30	"2024-12-02 15:13:00"							PORT3902	5		PORT3902	GG			
PORT02							30	"2024-12-02 15:13:00"							PORT3902	6		PORT3902	GG			
PORT02							30	"2024-12-02 15:13:00"							PORT3902	7		PORT3902	GG			
PORT24				6005			30	"2025-11-05 12:47:35"		Y			"Ehandel - Granngården"		PORT24	1		PORT24	GG			
PORT24				6005			30	"2025-11-05 12:47:35"		Y			"Ehandel - Granngården"		PORT24	2		PORT24	GG			
PORT24				6005			30	"2025-11-05 12:47:35"		Y			"Ehandel - Granngården"		PORT24	3		PORT24	GG			
PORT24				6005			30	"2025-11-05 12:47:35"		Y			"Ehandel - Granngården"		PORT24	4		PORT24	GG			
PORT24				6005			30	"2025-11-05 12:47:35"		Y			"Ehandel - Granngården"		PORT24	5		PORT24	GG			
PORT24				6005			30	"2025-11-05 12:47:35"		Y			"Ehandel - Granngården"		PORT24	6		PORT24	GG			
PORT24				6005			30	"2025-11-05 12:47:35"		Y			"Ehandel - Granngården"		PORT24	7		PORT24	GG			
PORT25							30	"2025-02-26 10:49:28"							PORT25GG	1		PORT25	GG			
PORT25							30	"2025-02-26 11:32:18"							PORT25GG	2		PORT25	GG			
PORT25							30	"2025-02-26 11:32:18"							PORT25GG	3		PORT25	GG			
PORT25							30	"2025-02-26 11:32:18"							PORT25GG	4		PORT25	GG			
PORT25							30	"2025-02-26 11:32:18"							PORT25GG	5		PORT25	GG			
PORT25							30	"2025-02-26 11:32:18"							PORT25GG	6		PORT25	GG			
PORT25							30	"2025-02-26 11:32:18"							PORT25GG	7		PORT25	GG			
PORT25A							30	"2025-02-24 07:18:00"							PORT25A	1		PORT25	GG			
PORT25A							30	"2025-02-24 07:18:00"							PORT25A	2		PORT25	GG			
PORT25A							30	"2025-02-24 07:18:00"							PORT25A	3		PORT25	GG			
PORT25A							30	"2025-09-12 10:29:39"							PORT25A	4		PORT25	GG			OSCA45
PORT25A							30	"2025-09-12 10:40:32"							PORT25A	5		PORT25	GG			OSCA45
PORT25A							30	"2025-03-05 16:08:39"							PORT25A	6		PORT25	GG			MUNC85
PORT25A							30	"2025-03-13 06:07:03"							PORT25A	7		PORT25	GG			MUNC85
PORT25B							30	"2025-11-27 08:58:45"							PORT25B	1		PORT25	MG			
PORT25B							30	"2026-02-13 14:25:42"							PORT25B	2		PORT25	MG			
PORT25B							30	"2026-02-13 14:26:26"							PORT25B	3		PORT25	MG			
PORT25B							30	"2026-02-13 14:27:18"							PORT25B	4		PORT25	MG			MUNC85
PORT25B							30	"2026-02-13 15:16:51"							PORT25B	5		PORT25	MG			MUNC85
PORT25B							30	"2025-08-26 06:50:51"							PORT25B	6		PORT25	MG			MUNC85
PORT25B							30	"2025-08-26 06:50:51"							PORT25B	7		PORT25	MG			NICAKE
PORT25MG							30	"2025-11-27 08:58:45"							PORT25MG	1		PORT25MG	MG			MUNC85
PORT25MG							30	"2026-02-13 14:25:42"							PORT25MG	2		PORT25MG	MG			MUNC85
PORT25MG							30	"2026-02-13 14:26:26"							PORT25MG	3		PORT25MG	MG			MUNC85
PORT25MG							30	"2026-02-13 14:27:18"							PORT25MG	4		PORT25MG	MG			MUNC85
PORT25MG							30	"2026-02-13 15:16:51"							PORT25MG	5		PORT25MG	MG			MUNC85
PORT25MG							30	"2025-08-26 06:50:51"							PORT25MG	6		PORT25MG	MG			MUNC85
PORT25MG							30	"2025-08-26 06:50:51"							PORT25MG	7		PORT25MG	MG			MUNC85
PORT26A							30	"2025-02-24 07:18:00"							PORT26A	1		PORT26	GG			
PORT26A							30	"2025-02-24 07:18:00"							PORT26A	2		PORT26	GG			
PORT26A							30	"2025-02-24 07:18:00"							PORT26A	3		PORT26	GG			
PORT26A							30	"2025-02-24 07:18:00"							PORT26A	4		PORT26	GG			
PORT26A							30	"2025-02-24 07:18:00"							PORT26A	5		PORT26	GG			
PORT26A							30	"2025-03-05 15:37:06"							PORT26A	6		PORT26	GG			
PORT26A							30	"2025-02-24 07:18:00"							PORT26A	7		PORT26	GG			
PORT26B							30	"2025-02-24 07:18:00"							PORT26B	1		PORT26	GG			
PORT26B							30	"2025-02-24 07:18:00"							PORT26B	2		PORT26	GG			
PORT26B							30	"2025-02-24 07:18:00"							PORT26B	3		PORT26	GG			
PORT26B							30	"2025-02-24 07:18:00"							PORT26B	4		PORT26	GG			
PORT26B							30	"2025-02-24 07:18:00"							PORT26B	5		PORT26	GG			
PORT26B							30	"2025-02-24 07:18:00"							PORT26B	6		PORT26	GG			
PORT26B							30	"2025-02-24 07:18:00"							PORT26B	7		PORT26	GG			
PORT27A							30	"2025-02-24 07:18:00"							PORT27A	1		PORT27	GG			
PORT27A							30	"2025-02-24 07:18:00"							PORT27A	2		PORT27	GG			
PORT27A							30	"2025-02-24 07:18:00"							PORT27A	3		PORT27	GG			
PORT27A							30	"2025-02-24 07:18:00"							PORT27A	4		PORT27	GG			
PORT27A							30	"2025-02-24 07:18:00"							PORT27A	5		PORT27	GG			
PORT27A							30	"2025-03-05 15:37:06"							PORT27A	6		PORT27	GG			
PORT27A							30	"2025-02-24 07:18:00"							PORT27A	7		PORT27	GG			
PORT27B							30	"2025-02-24 07:18:00"							PORT27B	1		PORT27	GG			
PORT27B							30	"2025-02-24 07:18:00"							PORT27B	2		PORT27	GG			
PORT27B							30	"2025-02-24 07:18:00"							PORT27B	3		PORT27	GG			
PORT27B							30	"2025-02-24 07:18:00"							PORT27B	4		PORT27	GG			
PORT27B							30	"2025-02-24 07:18:00"							PORT27B	5		PORT27	GG			
PORT27B							30	"2025-02-24 07:18:00"							PORT27B	6		PORT27	GG			
PORT27B							30	"2025-02-24 07:18:00"							PORT27B	7		PORT27	GG			
PORT28A							30	"2025-02-24 07:18:00"							PORT28A	1		PORT28	GG			
PORT28A							30	"2025-02-24 07:18:00"							PORT28A	2		PORT28	GG			
PORT28A							30	"2025-02-24 07:18:00"							PORT28A	3		PORT28	GG			
PORT28A							30	"2025-02-24 07:18:00"							PORT28A	4		PORT28	GG			
PORT28A							30	"2025-02-24 07:18:00"							PORT28A	5		PORT28	GG			
PORT28A							30	"2025-03-05 15:37:06"							PORT28A	6		PORT28	GG			
PORT28A							30	"2025-02-24 07:18:00"							PORT28A	7		PORT28	GG			
PORT28B							30	"2025-02-24 07:18:00"							PORT28B	1		PORT28	GG			
PORT28B							30	"2025-02-24 07:18:00"							PORT28B	2		PORT28	GG			
PORT28B							30	"2025-02-24 07:18:00"							PORT28B	3		PORT28	GG			
PORT28B							30	"2025-02-24 07:18:00"							PORT28B	4		PORT28	GG			
PORT28B							30	"2025-02-24 07:18:00"							PORT28B	5		PORT28	GG			
PORT28B							30	"2025-02-24 07:18:00"							PORT28B	6		PORT28	GG			
PORT28B							30	"2025-02-24 07:18:00"							PORT28B	7		PORT28	GG			
PORT29A							30	"2025-02-24 07:18:00"							PORT29A	1		PORT29	GG			
PORT29A							30	"2025-02-24 07:18:00"							PORT29A	2		PORT29	GG			
PORT29A							30	"2025-02-24 07:18:00"							PORT29A	3		PORT29	GG			
PORT29A							30	"2025-02-24 07:18:00"							PORT29A	4		PORT29	GG			
PORT29A							30	"2025-02-24 07:18:00"							PORT29A	5		PORT29	GG			
PORT29A							30	"2025-03-05 15:37:06"							PORT29A	6		PORT29	GG			
PORT29A							30	"2025-02-24 07:18:00"							PORT29A	7		PORT29	GG			
PORT29B							30	"2025-02-24 07:18:00"							PORT29B	1		PORT29	GG			
PORT29B							30	"2025-02-24 07:18:00"							PORT29B	2		PORT29	GG			
PORT29B							30	"2025-02-24 07:18:00"							PORT29B	3		PORT29	GG			
PORT29B							30	"2025-02-24 07:18:00"							PORT29B	4		PORT29	GG			
PORT29B							30	"2025-02-24 07:18:00"							PORT29B	5		PORT29	GG			
PORT29B							30	"2025-02-24 07:18:00"							PORT29B	6		PORT29	GG			
PORT29B							30	"2025-02-24 07:18:00"							PORT29B	7		PORT29	GG			
PORT30A							30	"2025-02-24 07:18:00"							PORT30A	1		PORT30	GG			
PORT30A							30	"2025-02-24 07:18:00"							PORT30A	2		PORT30	GG			
PORT30A							30	"2025-02-24 07:18:00"							PORT30A	3		PORT30	GG			
PORT30A							30	"2025-02-24 07:18:00"							PORT30A	4		PORT30	GG			
PORT30A							30	"2025-02-24 07:18:00"							PORT30A	5		PORT30	GG			
PORT30A							30	"2025-03-05 15:37:06"							PORT30A	6		PORT30	GG			
PORT30A							30	"2025-02-24 07:18:00"							PORT30A	7		PORT30	GG			
PORT30B							30	"2025-02-24 07:18:00"							PORT30B	1		PORT30	GG			
PORT30B							30	"2025-02-24 07:18:00"							PORT30B	2		PORT30	GG			
PORT30B							30	"2025-02-24 07:18:00"							PORT30B	3		PORT30	GG			
PORT30B							30	"2025-02-24 07:18:00"							PORT30B	4		PORT30	GG			
PORT30B							30	"2025-02-24 07:18:00"							PORT30B	5		PORT30	GG			
PORT30B							30	"2025-02-24 07:18:00"							PORT30B	6		PORT30	GG			
PORT30B							30	"2025-02-24 07:18:00"							PORT30B	7		PORT30	GG			
PORT31A							30	"2025-02-24 07:18:00"							PORT31A	1		PORT31	GG			
PORT31A							30	"2025-02-24 07:18:00"							PORT31A	2		PORT31	GG			
PORT31A							30	"2025-02-24 07:18:00"							PORT31A	3		PORT31	GG			
PORT31A							30	"2025-02-24 07:18:00"							PORT31A	4		PORT31	GG			
PORT31A							30	"2025-02-24 07:18:00"							PORT31A	5		PORT31	GG			
PORT31A							30	"2025-03-05 15:37:06"							PORT31A	6		PORT31	GG			
PORT31A							30	"2025-02-24 07:18:00"							PORT31A	7		PORT31	GG			
PORT31B							30	"2025-02-24 07:18:00"							PORT31B	1		PORT31	GG			
PORT31B							30	"2025-02-24 07:18:00"							PORT31B	2		PORT31	GG			
PORT31B							30	"2025-02-24 07:18:00"							PORT31B	3		PORT31	GG			
PORT31B							30	"2025-02-24 07:18:00"							PORT31B	4		PORT31	GG			
PORT31B							30	"2025-02-24 07:18:00"							PORT31B	5		PORT31	GG			
PORT31B							30	"2025-02-24 07:18:00"							PORT31B	6		PORT31	GG			
PORT31B							30	"2025-02-24 07:18:00"							PORT31B	7		PORT31	GG			
PORT32A							30	"2025-02-24 07:18:00"							PORT32A	1		PORT32	GG			
PORT32A							30	"2025-02-24 07:18:00"							PORT32A	2		PORT32	GG			
PORT32A							30	"2025-02-24 07:18:00"							PORT32A	3		PORT32	GG			
PORT32A							30	"2025-02-24 07:18:00"							PORT32A	4		PORT32	GG			
PORT32A							30	"2025-02-24 07:18:00"							PORT32A	5		PORT32	GG			
PORT32A							30	"2025-03-05 15:37:06"							PORT32A	6		PORT32	GG			
PORT32A							30	"2025-02-24 07:18:00"							PORT32A	7		PORT32	GG			
PORT32B							30	"2025-02-24 07:18:00"							PORT32B	1		PORT32	GG			
PORT32B							30	"2025-02-24 07:18:00"							PORT32B	2		PORT32	GG			
PORT32B							30	"2025-02-24 07:18:00"							PORT32B	3		PORT32	GG			
PORT32B							30	"2025-02-24 07:18:00"							PORT32B	4		PORT32	GG			
PORT32B							30	"2025-02-24 07:18:00"							PORT32B	5		PORT32	GG			
PORT32B							30	"2025-02-24 07:18:00"							PORT32B	6		PORT32	GG			
PORT32B							30	"2025-02-24 07:18:00"							PORT32B	7		PORT32	GG			
PORT33A							30	"2025-02-24 07:18:00"							PORT33A	1		PORT33	GG			
PORT33A							30	"2025-02-24 07:18:00"							PORT33A	2		PORT33	GG			
PORT33A							30	"2025-02-24 07:18:00"							PORT33A	3		PORT33	GG			
PORT33A							30	"2025-02-24 07:18:00"							PORT33A	4		PORT33	GG			
PORT33A							30	"2025-02-24 07:18:00"							PORT33A	5		PORT33	GG			
PORT33A							30	"2025-03-05 15:37:06"							PORT33A	6		PORT33	GG			
PORT33A							30	"2025-02-24 07:18:00"							PORT33A	7		PORT33	GG			
PORT33B							30	"2025-02-24 07:18:00"							PORT33B	1		PORT33	GG			
PORT33B							30	"2025-02-24 07:18:00"							PORT33B	2		PORT33	GG			
PORT33B							30	"2025-02-24 07:18:00"							PORT33B	3		PORT33	GG			
PORT33B							30	"2025-02-24 07:18:00"							PORT33B	4		PORT33	GG			
PORT33B							30	"2025-02-24 07:18:00"							PORT33B	5		PORT33	GG			
PORT33B							30	"2025-02-24 07:18:00"							PORT33B	6		PORT33	GG			
PORT33B							30	"2025-02-24 07:18:00"							PORT33B	7		PORT33	GG			
PORT3402							30	"2024-12-02 16:55:00"							PORT3402	2		PORT3402	GG			
PORT34A							30	"2025-02-24 07:18:00"							PORT34A	1		PORT34	GG			
PORT34A							30	"2025-02-24 07:18:00"							PORT34A	2		PORT34	GG			
PORT34A							30	"2025-02-24 07:18:00"							PORT34A	3		PORT34	GG			
PORT34A							30	"2025-02-24 07:18:00"							PORT34A	4		PORT34	GG			
PORT34A							30	"2025-02-24 07:18:00"							PORT34A	5		PORT34	GG			
PORT34A							30	"2025-03-05 15:37:06"							PORT34A	6		PORT34	GG			
PORT34A							30	"2025-02-24 07:18:00"							PORT34A	7		PORT34	GG			
PORT34B							30	"2025-02-24 07:18:00"							PORT34B	1		PORT34	GG			
PORT34B							30	"2025-02-24 07:18:00"							PORT34B	2		PORT34	GG			
PORT34B							30	"2025-02-24 07:18:00"							PORT34B	3		PORT34	GG			
PORT34B							30	"2025-02-24 07:18:00"							PORT34B	4		PORT34	GG			
PORT34B							30	"2025-02-24 07:18:00"							PORT34B	5		PORT34	GG			
PORT34B							30	"2025-02-24 07:18:00"							PORT34B	6		PORT34	GG			
PORT34B							30	"2025-02-24 07:18:00"							PORT34B	7		PORT34	GG			
PORT3502							30	"2024-12-02 16:55:00"							PORT3502	2		PORT3502	GG			
PORT35A							30	"2025-02-24 07:18:00"							PORT35A	1		PORT35	GG			
PORT35A							30	"2025-02-24 07:18:00"							PORT35A	2		PORT35	GG			
PORT35A							30	"2025-02-24 07:18:00"							PORT35A	3		PORT35	GG			
PORT35A							30	"2025-02-24 07:18:00"							PORT35A	4		PORT35	GG			
PORT35A							30	"2025-02-24 07:18:00"							PORT35A	5		PORT35	GG			
PORT35A							30	"2025-03-05 15:37:06"							PORT35A	6		PORT35	GG			
PORT35A							30	"2025-02-24 07:18:00"							PORT35A	7		PORT35	GG			
PORT35B							30	"2025-02-24 07:18:00"							PORT35B	1		PORT35	GG			
PORT35B							30	"2025-02-24 07:18:00"							PORT35B	2		PORT35	GG			
PORT35B							30	"2025-02-24 07:18:00"							PORT35B	3		PORT35	GG			
PORT35B							30	"2025-02-24 07:18:00"							PORT35B	4		PORT35	GG			
PORT35B							30	"2025-02-24 07:18:00"							PORT35B	5		PORT35	GG			
PORT35B							30	"2025-02-24 07:18:00"							PORT35B	6		PORT35	GG			
PORT35B							30	"2025-02-24 07:18:00"							PORT35B	7		PORT35	GG			
PORT3602							30	"2024-12-02 16:55:00"							PORT3602	2		PORT3602	GG			
PORT36A							30	"2025-02-24 07:18:00"							PORT36A	1		PORT36	GG			
PORT36A							30	"2025-02-24 07:18:00"							PORT36A	2		PORT36	GG			
PORT36A							30	"2025-02-24 07:18:00"							PORT36A	3		PORT36	GG			
PORT36A							30	"2025-02-24 07:18:00"							PORT36A	4		PORT36	GG			
PORT36A							30	"2025-02-24 07:18:00"							PORT36A	5		PORT36	GG			
PORT36A							30	"2025-03-05 15:37:06"							PORT36A	6		PORT36	GG			
PORT36A							30	"2025-02-24 07:18:00"							PORT36A	7		PORT36	GG			
PORT36B							30	"2025-02-24 07:18:00"							PORT36B	1		PORT36	GG			
PORT36B							30	"2025-02-24 07:18:00"							PORT36B	2		PORT36	GG			
PORT36B							30	"2025-02-24 07:18:00"							PORT36B	3		PORT36	GG			
PORT36B							30	"2025-02-24 07:18:00"							PORT36B	4		PORT36	GG			
PORT36B							30	"2025-02-24 07:18:00"							PORT36B	5		PORT36	GG			
PORT36B							30	"2025-02-24 07:18:00"							PORT36B	6		PORT36	GG			
PORT36B							30	"2025-02-24 07:18:00"							PORT36B	7		PORT36	GG			
PORT3702							30	"2024-12-02 16:55:00"							PORT3702	2		PORT3702	GG			
PORT37A							30	"2025-02-24 07:18:00"							PORT37A	1		PORT37	GG			
PORT37A							30	"2025-02-24 07:18:00"							PORT37A	2		PORT37	GG			
PORT37A							30	"2025-02-24 07:18:00"							PORT37A	3		PORT37	GG			
PORT37A							30	"2025-10-03 13:22:36"							PORT37A	4		PORT37	GG			OSCA45
PORT37A							30	"2025-10-10 06:49:42"							PORT37A	5		PORT37	GG			OSCA45
PORT37A							30	"2025-03-05 15:37:06"							PORT37A	6		PORT37	GG			
PORT37A							30	"2025-02-24 07:18:00"							PORT37A	7		PORT37	GG			
PORT37B							30	"2025-02-24 07:18:00"							PORT37B	1		PORT37	GG			
PORT37B							30	"2025-02-24 07:18:00"							PORT37B	2		PORT37	GG			
PORT37B							30	"2025-02-24 07:18:00"							PORT37B	3		PORT37	GG			
PORT37B							30	"2025-10-03 13:22:36"							PORT37B	4		PORT37	GG			OSCA45
PORT37B							30	"2025-10-10 06:50:24"							PORT37B	5		PORT37	GG			OSCA45
PORT37B							30	"2025-02-24 07:18:00"							PORT37B	6		PORT37	GG			
PORT37B							30	"2025-02-24 07:18:00"							PORT37B	7		PORT37	GG			
PORT3802							30	"2024-12-02 16:55:00"							PORT3802	2		PORT3802	GG			
PORT38A							30	"2025-02-24 07:18:00"							PORT38A	1		PORT38	GG			
PORT38A							30	"2025-02-24 07:18:00"							PORT38A	2		PORT38	GG			
PORT38A							30	"2025-02-24 07:18:00"							PORT38A	3		PORT38	GG			
PORT38A							30	"2025-02-24 07:18:00"							PORT38A	4		PORT38	GG			
PORT38A							30	"2025-02-24 07:18:00"							PORT38A	5		PORT38	GG			
PORT38A							30	"2025-03-05 15:37:06"							PORT38A	6		PORT38	GG			
PORT38A							30	"2025-02-24 07:18:00"							PORT38A	7		PORT38	GG			
PORT38B							30	"2025-02-24 07:18:00"							PORT38B	1		PORT38	GG			
PORT38B							30	"2025-02-24 07:18:00"							PORT38B	2		PORT38	GG			
PORT38B							30	"2025-02-24 07:18:00"							PORT38B	3		PORT38	GG			
PORT38B							30	"2025-02-24 07:18:00"							PORT38B	4		PORT38	GG			
PORT38B							30	"2025-02-24 07:18:00"							PORT38B	5		PORT38	GG			
PORT38B							30	"2025-02-24 07:18:00"							PORT38B	6		PORT38	GG			
PORT38B							30	"2025-02-24 07:18:00"							PORT38B	7		PORT38	GG			
PORT3902							30	"2024-12-02 15:11:00"							PORT3902	2		PORT3902	GG			
PORT3902							30	"2024-12-02 14:39:00"							PORT3902	3		PORT3902	GG			
PORT39A							30	"2025-02-24 07:18:00"							PORT39A	1		PORT39	GG			
PORT39A							30	"2025-02-24 07:18:00"							PORT39A	2		PORT39	GG			
PORT39A							30	"2025-02-24 07:18:00"							PORT39A	3		PORT39	GG			
PORT39A							30	"2025-02-24 07:18:00"							PORT39A	4		PORT39	GG			
PORT39A							30	"2025-02-24 07:18:00"							PORT39A	5		PORT39	GG			
PORT39A							30	"2025-03-05 15:37:06"							PORT39A	6		PORT39	GG			
PORT39A							30	"2025-02-24 07:18:00"							PORT39A	7		PORT39	GG			
PORT39B							30	"2025-02-24 07:18:00"							PORT39B	1		PORT39	GG			
PORT39B							30	"2025-02-24 07:18:00"							PORT39B	2		PORT39	GG			
PORT39B							30	"2025-02-24 07:18:00"							PORT39B	3		PORT39	GG			
PORT39B							30	"2025-02-24 07:18:00"							PORT39B	4		PORT39	GG			
PORT39B							30	"2025-02-24 07:18:00"							PORT39B	5		PORT39	GG			
PORT39B							30	"2025-02-24 07:18:00"							PORT39B	6		PORT39	GG			
PORT39B							30	"2025-02-24 07:18:00"							PORT39B	7		PORT39	GG			
PORT4002							30	"2024-12-02 15:13:00"							PORT4002	2		PORT4002	GG			
PORT4002							30	"2024-12-02 14:38:00"							PORT4002	3		PORT4002	GG			
PORT4003							30	"2024-12-02 17:12:00"							PORT4003	2		PORT4003	GG			
PORT40A							30	"2025-02-24 07:18:00"							PORT40A	1		PORT40	GG			
PORT40A							30	"2025-02-24 07:18:00"							PORT40A	2		PORT40	GG			
PORT40A							30	"2025-02-24 07:18:00"							PORT40A	3		PORT40	GG			
PORT40A							30	"2025-02-24 07:18:00"							PORT40A	4		PORT40	GG			
PORT40A							30	"2025-02-24 07:18:00"							PORT40A	5		PORT40	GG			
PORT40A							30	"2025-03-05 15:37:06"							PORT40A	6		PORT40	GG			
PORT40A							30	"2025-02-24 07:18:00"							PORT40A	7		PORT40	GG			
PORT40B							30	"2025-02-24 07:18:00"							PORT40B	1		PORT40	GG			
PORT40B							30	"2025-02-24 07:18:00"							PORT40B	2		PORT40	GG			
PORT40B							30	"2025-02-24 07:18:00"							PORT40B	3		PORT40	GG			
PORT40B							30	"2025-02-24 07:18:00"							PORT40B	4		PORT40	GG			
PORT40B							30	"2025-02-24 07:18:00"							PORT40B	5		PORT40	GG			
PORT40B							30	"2025-02-24 07:18:00"							PORT40B	6		PORT40	GG			
PORT40B							30	"2025-02-24 07:18:00"							PORT40B	7		PORT40	GG			
PORT41A							30	"2025-02-24 07:18:00"							PORT41A	1		PORT41	GG			
PORT41A							30	"2025-02-24 07:18:00"							PORT41A	2		PORT41	GG			
PORT41A							30	"2025-10-15 10:32:25"							PORT41A	3		PORT41	GG			OSCA45
PORT41A							30	"2025-02-24 07:18:00"							PORT41A	4		PORT41	GG			
PORT41A							30	"2025-02-24 07:18:00"							PORT41A	5		PORT41	GG			
PORT41A							30	"2025-03-05 15:37:06"							PORT41A	6		PORT41	GG			
PORT41A							30	"2025-02-24 07:18:00"							PORT41A	7		PORT41	GG			
PORT41B							30	"2025-02-24 07:18:00"							PORT41B	1		PORT41	GG			
PORT41B							30	"2025-02-24 07:18:00"							PORT41B	2		PORT41	GG			
PORT41B							30	"2025-02-24 07:18:00"							PORT41B	3		PORT41	GG			
PORT41B							30	"2025-02-24 07:18:00"							PORT41B	4		PORT41	GG			
PORT41B							30	"2025-02-24 07:18:00"							PORT41B	5		PORT41	GG			
PORT41B							30	"2025-02-24 07:18:00"							PORT41B	6		PORT41	GG			
PORT41B							30	"2025-02-24 07:18:00"							PORT41B	7		PORT41	GG			
PORT42A							30	"2025-02-24 07:18:00"							PORT42A	1		PORT42	GG			
PORT42A							30	"2025-02-24 07:18:00"							PORT42A	2		PORT42	GG			
PORT42A							30	"2025-08-28 09:54:11"							PORT42A	3		PORT42	GG			OSCA45
PORT42A							30	"2025-02-24 07:18:00"							PORT42A	4		PORT42	GG			
PORT42A							30	"2025-02-24 07:18:00"							PORT42A	5		PORT42	GG			
PORT42A							30	"2025-03-05 15:37:06"							PORT42A	6		PORT42	GG			
PORT42A							30	"2025-02-24 07:18:00"							PORT42A	7		PORT42	GG			
PORT42B							30	"2025-02-24 07:18:00"							PORT42B	1		PORT42	GG			
PORT42B							30	"2025-02-24 07:18:00"							PORT42B	2		PORT42	GG			
PORT42B							30	"2025-02-24 07:18:00"							PORT42B	3		PORT42	GG			
PORT42B							30	"2025-02-24 07:18:00"							PORT42B	4		PORT42	GG			
PORT42B							30	"2025-02-24 07:18:00"							PORT42B	5		PORT42	GG			
PORT42B							30	"2025-02-24 07:18:00"							PORT42B	6		PORT42	GG			
PORT42B							30	"2025-02-24 07:18:00"							PORT42B	7		PORT42	GG			
PORT4302							30	"2024-12-02 15:14:00"							PORT4302	2		PORT4302	GG			
PORT4302							30	"2024-12-02 14:38:00"							PORT4302	3		PORT4302	GG			
PORT4303							30	"2024-12-02 17:12:00"							PORT4303	2		PORT4303	GG			
PORT43A							30	"2025-02-24 07:18:00"							PORT43A	1		PORT43	GG			
PORT43A							30	"2025-02-24 07:18:00"							PORT43A	2		PORT43	GG			
PORT43A							30	"2025-08-28 09:54:11"							PORT43A	3		PORT43	GG			OSCA45
PORT43A							30	"2025-02-24 07:18:00"							PORT43A	4		PORT43	GG			
PORT43A							30	"2025-02-24 07:18:00"							PORT43A	5		PORT43	GG			
PORT43A							30	"2025-03-05 15:37:06"							PORT43A	6		PORT43	GG			
PORT43A							30	"2025-02-24 07:18:00"							PORT43A	7		PORT43	GG			
PORT43B							30	"2025-02-24 07:18:00"							PORT43B	1		PORT43	GG			
PORT43B							30	"2025-02-24 07:18:00"							PORT43B	2		PORT43	GG			
PORT43B							30	"2025-02-24 07:18:00"							PORT43B	3		PORT43	GG			
PORT43B							30	"2025-02-24 07:18:00"							PORT43B	4		PORT43	GG			
PORT43B							30	"2025-02-24 07:18:00"							PORT43B	5		PORT43	GG			
PORT43B							30	"2025-02-24 07:18:00"							PORT43B	6		PORT43	GG			
PORT43B							30	"2025-02-24 07:18:00"							PORT43B	7		PORT43	GG			
PORT4402							30	"2024-12-02 15:15:00"							PORT4402	2		PORT4402	GG			
PORT4402							30	"2024-12-02 14:38:00"							PORT4402	3		PORT4402	GG			
PORT4403							30	"2024-12-02 17:12:00"							PORT4403	2		PORT4403	GG			
PORT44A							30	"2025-02-24 07:18:00"							PORT44A	1		PORT44	GG			
PORT44A							30	"2025-02-24 07:18:00"							PORT44A	2		PORT44	GG			
PORT44A							30	"2025-02-24 07:18:00"							PORT44A	3		PORT44	GG			
PORT44A							30	"2025-02-24 07:18:00"							PORT44A	4		PORT44	GG			
PORT44A							30	"2025-02-24 07:18:00"							PORT44A	5		PORT44	GG			
PORT44A							30	"2025-03-05 15:37:06"							PORT44A	6		PORT44	GG			
PORT44A							30	"2025-02-24 07:18:00"							PORT44A	7		PORT44	GG			
PORT44B							30	"2025-02-24 07:18:00"							PORT44B	1		PORT44	GG			
PORT44B							30	"2025-02-24 07:18:00"							PORT44B	2		PORT44	GG			
PORT44B							30	"2025-02-24 07:18:00"							PORT44B	3		PORT44	GG			
PORT44B							30	"2025-02-24 07:18:00"							PORT44B	4		PORT44	GG			
PORT44B							30	"2025-02-24 07:18:00"							PORT44B	5		PORT44	GG			
PORT44B							30	"2025-02-24 07:18:00"							PORT44B	6		PORT44	GG			
PORT44B							30	"2025-02-24 07:18:00"							PORT44B	7		PORT44	GG			
PORT4502							30	"2024-12-02 15:16:00"							PORT4502	2		PORT4502	GG			
PORT4502							30	"2024-12-02 14:38:00"							PORT4502	3		PORT4502	GG			
PORT4503							30	"2024-12-02 17:12:00"							PORT4503	2		PORT4503	GG			
PORT45A							30	"2025-02-24 07:18:00"							PORT45A	1		PORT45	GG			
PORT45A							30	"2025-02-24 07:18:00"							PORT45A	2		PORT45	GG			
PORT45A							30	"2025-02-24 07:18:00"							PORT45A	3		PORT45	GG			
PORT45A							30	"2025-02-24 07:18:00"							PORT45A	4		PORT45	GG			
PORT45A							30	"2025-02-24 07:18:00"							PORT45A	5		PORT45	GG			
PORT45A							30	"2025-03-05 15:37:06"							PORT45A	6		PORT45	GG			
PORT45A							30	"2025-02-24 07:18:00"							PORT45A	7		PORT45	GG			
PORT45B							30	"2025-02-24 07:18:00"							PORT45B	1		PORT45	GG			
PORT45B							30	"2025-02-24 07:18:00"							PORT45B	2		PORT45	GG			
PORT45B							30	"2025-02-24 07:18:00"							PORT45B	3		PORT45	GG			
PORT45B							30	"2025-02-24 07:18:00"							PORT45B	4		PORT45	GG			
PORT45B							30	"2025-02-24 07:18:00"							PORT45B	5		PORT45	GG			
PORT45B							30	"2025-02-24 07:18:00"							PORT45B	6		PORT45	GG			
PORT45B							30	"2025-02-24 07:18:00"							PORT45B	7		PORT45	GG			
PORT4602							30	"2024-12-02 15:17:00"							PORT4602	2		PORT4602	GG			
PORT4602							30	"2024-12-02 14:37:00"							PORT4602	3		PORT4602	GG			
PORT4603							30	"2024-12-02 17:12:00"							PORT4603	2		PORT4603	GG			
PORT46A							30	"2025-02-24 07:18:00"							PORT46A	1		PORT46	GG			
PORT46A							30	"2025-02-24 07:18:00"							PORT46A	2		PORT46	GG			
PORT46A							30	"2025-02-24 07:18:00"							PORT46A	3		PORT46	GG			
PORT46A							30	"2025-02-24 07:18:00"							PORT46A	4		PORT46	GG			
PORT46A							30	"2025-02-24 07:18:00"							PORT46A	5		PORT46	GG			
PORT46A							30	"2025-03-05 15:37:06"							PORT46A	6		PORT46	GG			
PORT46A							30	"2025-02-24 07:18:00"							PORT46A	7		PORT46	GG			
PORT46B							30	"2025-02-24 07:18:00"							PORT46B	1		PORT46	GG			
PORT46B							30	"2025-02-24 07:18:00"							PORT46B	2		PORT46	GG			
PORT46B							30	"2025-02-24 07:18:00"							PORT46B	3		PORT46	GG			
PORT46B							30	"2025-02-24 07:18:00"							PORT46B	4		PORT46	GG			
PORT46B							30	"2025-02-24 07:18:00"							PORT46B	5		PORT46	GG			
PORT46B							30	"2025-02-24 07:18:00"							PORT46B	6		PORT46	GG			
PORT46B							30	"2025-02-24 07:18:00"							PORT46B	7		PORT46	GG			
PORT4702							30	"2024-12-02 15:30:00"							PORT4702	2		PORT4702	GG			
PORT4702							30	"2024-12-02 14:37:00"							PORT4702	3		PORT4702	GG			
PORT4703							30	"2024-12-02 17:11:00"							PORT4703	2		PORT4703	GG			
PORT47A							30	"2025-02-24 07:18:00"							PORT47A	1		PORT47	GG			
PORT47A							30	"2025-02-24 07:18:00"							PORT47A	2		PORT47	GG			
PORT47A							30	"2025-02-24 07:18:00"							PORT47A	3		PORT47	GG			
PORT47A							30	"2025-02-24 07:18:00"							PORT47A	4		PORT47	GG			
PORT47A							30	"2025-02-24 07:18:00"							PORT47A	5		PORT47	GG			
PORT47A							30	"2025-03-05 15:37:06"							PORT47A	6		PORT47	GG			
PORT47A							30	"2025-02-24 07:18:00"							PORT47A	7		PORT47	GG			
PORT47B							30	"2025-02-24 07:18:00"							PORT47B	1		PORT47	GG			
PORT47B							30	"2025-02-24 07:18:00"							PORT47B	2		PORT47	GG			
PORT47B							30	"2025-02-24 07:18:00"							PORT47B	3		PORT47	GG			
PORT47B							30	"2025-02-24 07:18:00"							PORT47B	4		PORT47	GG			
PORT47B							30	"2025-02-24 07:18:00"							PORT47B	5		PORT47	GG			
PORT47B							30	"2025-02-24 07:18:00"							PORT47B	6		PORT47	GG			
PORT47B							30	"2025-02-24 07:18:00"							PORT47B	7		PORT47	GG			
PORT4802							30	"2024-12-02 15:32:00"							PORT4802	2		PORT4802	GG			
PORT4803							30	"2024-12-02 17:11:00"							PORT4803	2		PORT4803	GG			
PORT48A							30	"2025-02-24 07:18:00"							PORT48A	1		PORT48	GG			
PORT48A							30	"2025-02-24 07:18:00"							PORT48A	2		PORT48	GG			
PORT48A							30	"2025-02-24 07:18:00"							PORT48A	3		PORT48	GG			
PORT48A							30	"2025-02-24 07:18:00"							PORT48A	4		PORT48	GG			
PORT48A							30	"2025-02-24 07:18:00"							PORT48A	5		PORT48	GG			
PORT48A							30	"2025-03-05 15:37:06"							PORT48A	6		PORT48	GG			
PORT48A							30	"2025-02-24 07:18:00"							PORT48A	7		PORT48	GG			
PORT48B							30	"2025-02-24 07:18:00"							PORT48B	1		PORT48	GG			
PORT48B							30	"2025-02-24 07:18:00"							PORT48B	2		PORT48	GG			
PORT48B							30	"2025-02-24 07:18:00"							PORT48B	3		PORT48	GG			
PORT48B							30	"2025-02-24 07:18:00"							PORT48B	4		PORT48	GG			
PORT48B							30	"2025-02-24 07:18:00"							PORT48B	5		PORT48	GG			
PORT48B							30	"2025-02-24 07:18:00"							PORT48B	6		PORT48	GG			
PORT48B							30	"2025-02-24 07:18:00"							PORT48B	7		PORT48	GG			
UTL01A							30	"2026-05-11 17:02:07"							UTL01A	1		UTL01	GG			FILI10
UTL01A				303			30	"2026-05-13 06:03:13"					"Granngården Söderhamn"		UTL01A	2		UTL01	GG			SEBA80
UTL01A				202			30	"2026-05-13 12:43:12"					"Granngården Skellefteå"		UTL01A	3		UTL01	GG			FILI10
UTL01A							30	"2026-05-11 17:02:07"							UTL01A	4		UTL01	GG			FILI10
UTL01A				202			30	"2026-05-13 12:43:12"					"Granngården Skellefteå"		UTL01A	5		UTL01	GG			FILI10
UTL01A							30	"2026-05-11 17:02:07"							UTL01A	6		UTL01	GG			
UTL01A							30	"2026-05-11 17:02:07"							UTL01A	7		UTL01	GG			
UTL01B							30	"2026-05-11 17:02:08"							UTL01B	1		UTL01	GG			SEBA80
UTL01B							30	"2026-04-10 16:14:55"							UTL01B	2		UTL01	GG			FILI10
UTL01B							30	"2026-05-11 17:02:08"							UTL01B	3		UTL01	GG			FILI10
UTL01B							30	"2026-05-11 17:02:08"							UTL01B	4		UTL01	GG			FILI10
UTL01B							30	"2026-05-11 17:02:08"							UTL01B	5		UTL01	GG			FILI10
UTL01B							30	"2026-05-11 17:02:08"							UTL01B	6		UTL01	GG			
UTL01B							30	"2026-05-11 17:02:08"							UTL01B	7		UTL01	GG			
UTL02A							30	"2026-05-11 17:02:08"							UTL02A	1		UTL02	GG			FILI10
UTL02A				303			30	"2026-05-13 06:03:13"					"Granngården Söderhamn"		UTL02A	2		UTL02	GG			SEBA80
UTL02A				202			30	"2026-05-13 12:43:12"					"Granngården Skellefteå"		UTL02A	3		UTL02	GG			FILI10
UTL02A							30	"2026-05-11 17:02:08"							UTL02A	4		UTL02	GG			SEBA80
UTL02A				202			30	"2026-05-13 12:43:12"					"Granngården Skellefteå"		UTL02A	5		UTL02	GG			FILI10
UTL02A							30	"2026-05-11 17:02:08"							UTL02A	6		UTL02	GG			
UTL02A							30	"2026-05-11 17:02:08"							UTL02A	7		UTL02	GG			
UTL02B							30	"2026-05-11 17:02:08"							UTL02B	1		UTL02	GG			SEBA80
UTL02B							30	"2026-04-10 16:14:55"							UTL02B	2		UTL02	GG			FILI10
UTL02B							30	"2026-05-11 17:02:08"							UTL02B	3		UTL02	GG			FILI10
UTL02B							30	"2026-05-11 17:02:08"							UTL02B	4		UTL02	GG			FILI10
UTL02B							30	"2026-05-11 17:02:08"							UTL02B	5		UTL02	GG			OSCA45
UTL02B							30	"2026-05-11 17:02:08"							UTL02B	6		UTL02	GG			
UTL02B							30	"2026-05-11 17:02:09"							UTL02B	7		UTL02	GG			
UTL03A							30	"2026-05-11 17:02:09"							UTL03A	1		UTL03	GG			FILI10
UTL03A				260			30	"2026-05-12 11:15:09"					"Granngården Sävsjö"		UTL03A	2		UTL03	GG			FILI10
UTL03A				202			30	"2026-05-13 12:43:12"					"Granngården Skellefteå"		UTL03A	3		UTL03	GG			FILI10
UTL03A							30	"2026-05-11 17:02:09"							UTL03A	4		UTL03	GG			SEBA80
UTL03A				202			30	"2026-05-13 12:43:12"					"Granngården Skellefteå"		UTL03A	5		UTL03	GG			FILI10
UTL03A							30	"2026-05-11 17:02:09"							UTL03A	6		UTL03	GG			
UTL03A							30	"2026-05-11 17:02:09"							UTL03A	7		UTL03	GG			
UTL03B							30	"2026-05-11 17:02:09"							UTL03B	1		UTL03	GG			FILI10
UTL03B							30	"2026-04-10 16:14:56"							UTL03B	2		UTL03	GG			FILI10
UTL03B							30	"2026-05-11 17:02:09"							UTL03B	3		UTL03	GG			FILI10
UTL03B							30	"2026-05-11 17:02:09"							UTL03B	4		UTL03	GG			FILI10
UTL03B							30	"2026-05-11 17:02:09"							UTL03B	5		UTL03	GG			OSCA45
UTL03B							30	"2026-05-11 17:02:09"							UTL03B	6		UTL03	GG			
UTL03B							30	"2026-05-11 17:02:09"							UTL03B	7		UTL03	GG			
UTL04A							30	"2026-05-11 17:02:09"							UTL04A	1		UTL04	GG			FILI10
UTL04A				260			30	"2026-05-12 11:15:09"					"Granngården Sävsjö"		UTL04A	2		UTL04	GG			FILI10
UTL04A				263			30	"2026-05-13 12:38:58"					"Granngården Eksjö"		UTL04A	3		UTL04	GG			FILI10
UTL04A							30	"2026-05-11 17:02:09"							UTL04A	4		UTL04	GG			SEBA80
UTL04A				263			30	"2026-05-13 12:38:58"					"Granngården Eksjö"		UTL04A	5		UTL04	GG			FILI10
UTL04A							30	"2026-05-11 17:02:10"							UTL04A	6		UTL04	GG			
UTL04A							30	"2026-05-11 17:02:10"							UTL04A	7		UTL04	GG			
UTL04B							30	"2026-05-11 17:02:10"							UTL04B	1		UTL04	GG			OSCA45
UTL04B							30	"2026-04-10 16:14:56"							UTL04B	2		UTL04	GG			SEBA80
UTL04B							30	"2026-05-11 17:02:10"							UTL04B	3		UTL04	GG			FILI10
UTL04B							30	"2026-05-11 17:02:10"							UTL04B	4		UTL04	GG			FILI10
UTL04B							30	"2026-05-11 17:02:10"							UTL04B	5		UTL04	GG			FILI10
UTL04B							30	"2026-05-11 17:02:10"							UTL04B	6		UTL04	GG			
UTL04B							30	"2026-05-11 17:02:10"							UTL04B	7		UTL04	GG			
UTL05A							30	"2026-05-11 17:02:10"							UTL05A	1		UTL05	GG			FILI10
UTL05A				260			30	"2026-05-12 11:15:09"					"Granngården Sävsjö"		UTL05A	2		UTL05	GG			FILI10
UTL05A				263			30	"2026-05-13 12:38:58"					"Granngården Eksjö"		UTL05A	3		UTL05	GG			FILI10
UTL05A							30	"2026-05-11 17:02:10"							UTL05A	4		UTL05	GG			SEBA80
UTL05A				263			30	"2026-05-13 12:38:58"					"Granngården Eksjö"		UTL05A	5		UTL05	GG			FILI10
UTL05A							30	"2026-05-11 17:02:11"							UTL05A	6		UTL05	GG			
UTL05A							30	"2026-05-11 17:02:11"							UTL05A	7		UTL05	GG			
UTL05B							30	"2026-05-11 17:02:11"							UTL05B	1		UTL05	GG			OSCA45
UTL05B							30	"2026-04-10 16:14:57"							UTL05B	2		UTL05	GG			SEBA80
UTL05B							30	"2026-05-11 17:02:11"							UTL05B	3		UTL05	GG			FILI10
UTL05B							30	"2026-05-11 17:02:11"							UTL05B	4		UTL05	GG			FILI10
UTL05B							30	"2026-05-11 17:02:11"							UTL05B	5		UTL05	GG			FILI10
UTL05B							30	"2026-05-11 17:02:11"							UTL05B	6		UTL05	GG			
UTL05B							30	"2026-05-11 17:02:11"							UTL05B	7		UTL05	GG			
UTL06A							30	"2026-05-11 17:02:11"							UTL06A	1		UTL06	GG			FILI10
UTL06A				261			30	"2026-05-12 11:15:26"					"Granngården Vetlanda"		UTL06A	2		UTL06	GG			FILI10
UTL06A				264			30	"2026-05-13 14:48:59"					"Granngården Nässjö"		UTL06A	3		UTL06	GG			FILI10
UTL06A							30	"2026-05-11 17:02:11"							UTL06A	4		UTL06	GG			SEBA80
UTL06A				264			30	"2026-05-13 14:48:59"					"Granngården Nässjö"		UTL06A	5		UTL06	GG			FILI10
UTL06A							30	"2026-05-11 17:02:11"							UTL06A	6		UTL06	GG			
UTL06A							30	"2026-05-11 17:02:11"							UTL06A	7		UTL06	GG			
UTL06B							30	"2026-05-11 17:02:11"							UTL06B	1		UTL06	GG			OSCA45
UTL06B							30	"2026-04-10 16:14:57"							UTL06B	2		UTL06	GG			FILI10
UTL06B							30	"2026-05-11 17:02:11"							UTL06B	3		UTL06	GG			FILI10
UTL06B							30	"2026-05-11 17:02:12"							UTL06B	4		UTL06	GG			FILI10
UTL06B							30	"2026-05-11 17:02:12"							UTL06B	5		UTL06	GG			FILI10
UTL06B							30	"2026-05-11 17:02:12"							UTL06B	6		UTL06	GG			
UTL06B							30	"2026-05-11 17:02:12"							UTL06B	7		UTL06	GG			
UTL07A							30	"2026-05-11 17:02:12"							UTL07A	1		UTL07	GG			FILI10
UTL07A				261			30	"2026-05-12 11:15:26"					"Granngården Vetlanda"		UTL07A	2		UTL07	GG			FILI10
UTL07A				264			30	"2026-05-13 14:48:59"					"Granngården Nässjö"		UTL07A	3		UTL07	GG			FILI10
UTL07A							30	"2026-05-11 17:02:12"							UTL07A	4		UTL07	GG			SEBA80
UTL07A				264			30	"2026-05-13 14:48:59"					"Granngården Nässjö"		UTL07A	5		UTL07	GG			FILI10
UTL07A							30	"2026-05-11 17:02:12"							UTL07A	6		UTL07	GG			
UTL07A							30	"2026-05-11 17:02:12"							UTL07A	7		UTL07	GG			
UTL07B							30	"2026-05-11 17:02:12"							UTL07B	1		UTL07	GG			SEBA80
UTL07B							30	"2026-04-10 16:14:58"							UTL07B	2		UTL07	GG			SEBA80
UTL07B							30	"2026-05-11 17:02:12"							UTL07B	3		UTL07	GG			OSCA45
UTL07B							30	"2026-05-11 17:02:12"							UTL07B	4		UTL07	GG			FILI10
UTL07B							30	"2026-05-11 17:02:12"							UTL07B	5		UTL07	GG			SEBA80
UTL07B							30	"2026-05-11 17:02:12"							UTL07B	6		UTL07	GG			
UTL07B							30	"2026-05-11 17:02:12"							UTL07B	7		UTL07	GG			
UTL08A							30	"2026-05-11 17:02:12"							UTL08A	1		UTL08	GG			FILI10
UTL08A				257			30	"2026-05-12 11:15:32"					"Granngården Tranås"		UTL08A	2		UTL08	GG			FILI10
UTL08A				264			30	"2026-05-13 14:48:59"					"Granngården Nässjö"		UTL08A	3		UTL08	GG			FILI10
UTL08A							30	"2026-05-11 17:02:13"							UTL08A	4		UTL08	GG			SEBA80
UTL08A				264			30	"2026-05-13 14:48:59"					"Granngården Nässjö"		UTL08A	5		UTL08	GG			FILI10
UTL08A							30	"2026-05-11 17:02:13"							UTL08A	6		UTL08	GG			
UTL08A							30	"2026-05-11 17:02:13"							UTL08A	7		UTL08	GG			
UTL08B							30	"2026-05-11 17:02:13"							UTL08B	1		UTL08	GG			SEBA80
UTL08B							30	"2026-04-10 16:14:59"							UTL08B	2		UTL08	GG			SEBA80
UTL08B							30	"2026-05-11 17:02:13"							UTL08B	3		UTL08	GG			OSCA45
UTL08B							30	"2026-05-11 17:02:13"							UTL08B	4		UTL08	GG			FILI10
UTL08B							30	"2026-05-11 17:02:13"							UTL08B	5		UTL08	GG			FILI10
UTL08B							30	"2026-05-11 17:02:13"							UTL08B	6		UTL08	GG			
UTL08B							30	"2026-05-11 17:02:13"							UTL08B	7		UTL08	GG			
UTL09A							30	"2026-05-11 17:02:13"							UTL09A	1		UTL09	GG			FILI10
UTL09A				208			30	"2026-05-12 11:44:01"					"Granngården Piteå"		UTL09A	2		UTL09	GG			FILI10
UTL09A				231			30	"2026-05-13 16:24:17"					"Granngården Arboga"		UTL09A	3		UTL09	GG			FILI10
UTL09A							30	"2026-05-11 17:02:13"							UTL09A	4		UTL09	GG			FILI10
UTL09A				231			30	"2026-05-13 16:24:17"					"Granngården Arboga"		UTL09A	5		UTL09	GG			FILI10
UTL09A							30	"2026-05-11 17:02:13"							UTL09A	6		UTL09	GG			
UTL09A							30	"2026-05-11 17:02:13"							UTL09A	7		UTL09	GG			
UTL09B							30	"2026-05-11 17:02:13"							UTL09B	1		UTL09	GG			OSCA45
UTL09B							30	"2026-04-13 16:18:11"							UTL09B	2		UTL09	GG			SEBA80
UTL09B							30	"2026-05-11 17:02:14"							UTL09B	3		UTL09	GG			OSCA45
UTL09B							30	"2026-05-11 17:02:14"							UTL09B	4		UTL09	GG			FILI10
UTL09B							30	"2026-05-11 17:02:14"							UTL09B	5		UTL09	GG			FILI10
UTL09B							30	"2026-05-11 17:02:14"							UTL09B	6		UTL09	GG			
UTL09B							30	"2026-05-11 17:02:14"							UTL09B	7		UTL09	GG			
UTL100A							30	"2026-05-11 17:02:14"							UTL100A	1		UTL100	GG			FILI10
UTL100A				192			30	"2026-05-12 15:25:24"					"Granngården Ystad"		UTL100A	2		UTL100	GG			FILI10
UTL100A				162			30	"2026-05-13 12:15:40"					"Granngården Sundsvall"		UTL100A	3		UTL100	GG			FILI10
UTL100A							30	"2026-05-11 17:02:14"							UTL100A	4		UTL100	GG			FILI10
UTL100A				162			30	"2026-05-13 12:15:40"					"Granngården Sundsvall"		UTL100A	5		UTL100	GG			FILI10
UTL100A							30	"2026-05-11 17:02:14"							UTL100A	6		UTL100	GG			
UTL100A							30	"2026-05-11 17:02:14"							UTL100A	7		UTL100	GG			
UTL100B							30	"2026-05-11 17:02:14"							UTL100B	1		UTL100	GG			
UTL100B							30	"2026-04-13 16:18:11"							UTL100B	2		UTL100	GG			
UTL100B							30	"2026-05-11 17:02:14"							UTL100B	3		UTL100	GG			FILI10
UTL100B							30	"2026-05-11 17:02:14"							UTL100B	4		UTL100	GG			
UTL100B							30	"2026-05-11 17:02:14"							UTL100B	5		UTL100	GG			
UTL100B							30	"2026-05-11 17:02:14"							UTL100B	6		UTL100	GG			
UTL100B							30	"2026-05-11 17:02:15"							UTL100B	7		UTL100	GG			
UTL10A							30	"2026-05-11 17:02:15"							UTL10A	1		UTL10	GG			FILI10
UTL10A				208			30	"2026-05-12 11:44:01"					"Granngården Piteå"		UTL10A	2		UTL10	GG			FILI10
UTL10A				231			30	"2026-05-13 16:24:17"					"Granngården Arboga"		UTL10A	3		UTL10	GG			FILI10
UTL10A							30	"2026-05-11 17:02:15"							UTL10A	4		UTL10	GG			FILI10
UTL10A				231			30	"2026-05-13 16:24:17"					"Granngården Arboga"		UTL10A	5		UTL10	GG			FILI10
UTL10A							30	"2026-05-11 17:02:15"							UTL10A	6		UTL10	GG			
UTL10A							30	"2026-05-11 17:02:15"							UTL10A	7		UTL10	GG			
UTL10B							30	"2026-05-11 17:02:15"							UTL10B	1		UTL10	GG			OSCA45
UTL10B							30	"2026-04-13 16:18:12"							UTL10B	2		UTL10	GG			FILI10
UTL10B							30	"2026-05-11 17:02:15"							UTL10B	3		UTL10	GG			FILI10
UTL10B							30	"2026-05-11 17:02:15"							UTL10B	4		UTL10	GG			FILI10
UTL10B							30	"2026-05-11 17:02:15"							UTL10B	5		UTL10	GG			FILI10
UTL10B							30	"2026-05-11 17:02:15"							UTL10B	6		UTL10	GG			
UTL10B							30	"2026-05-11 17:02:15"							UTL10B	7		UTL10	GG			
UTL11A							30	"2026-05-11 17:02:15"							UTL11A	1		UTL11	GG			FILI10
UTL11A				208			30	"2026-05-12 11:44:04"					"Granngården Piteå"		UTL11A	2		UTL11	GG			FILI10
UTL11A				256			30	"2026-05-13 13:35:43"					"Granngården Jönköping"		UTL11A	3		UTL11	GG			SEBA80
UTL11A							30	"2026-05-11 17:02:16"							UTL11A	4		UTL11	GG			FILI10
UTL11A				256			30	"2026-05-13 13:35:43"					"Granngården Jönköping"		UTL11A	5		UTL11	GG			SEBA80
UTL11A							30	"2026-05-11 17:02:16"							UTL11A	6		UTL11	GG			
UTL11A							30	"2026-05-11 17:02:16"							UTL11A	7		UTL11	GG			
UTL11B							30	"2026-05-11 17:02:16"							UTL11B	1		UTL11	GG			SEBA80
UTL11B							30	"2026-04-13 16:18:12"							UTL11B	2		UTL11	GG			FILI10
UTL11B							30	"2026-05-11 17:02:16"							UTL11B	3		UTL11	GG			FILI10
UTL11B							30	"2026-05-11 17:02:16"							UTL11B	4		UTL11	GG			FILI10
UTL11B							30	"2026-05-11 17:02:16"							UTL11B	5		UTL11	GG			FILI10
UTL11B							30	"2026-05-11 17:02:16"							UTL11B	6		UTL11	GG			
UTL11B							30	"2026-05-11 17:02:16"							UTL11B	7		UTL11	GG			
UTL12A							30	"2026-05-11 17:02:16"							UTL12A	1		UTL12	GG			FILI10
UTL12A				208			30	"2026-05-12 11:44:38"					"Granngården Piteå"		UTL12A	2		UTL12	GG			FILI10
UTL12A				256			30	"2026-05-13 13:35:43"					"Granngården Jönköping"		UTL12A	3		UTL12	GG			SEBA80
UTL12A							30	"2026-05-11 17:02:16"							UTL12A	4		UTL12	GG			FILI10
UTL12A				256			30	"2026-05-13 13:35:43"					"Granngården Jönköping"		UTL12A	5		UTL12	GG			SEBA80
UTL12A							30	"2026-05-11 17:02:16"							UTL12A	6		UTL12	GG			
UTL12A							30	"2026-05-11 17:02:16"							UTL12A	7		UTL12	GG			
UTL12B							30	"2026-05-11 17:02:16"							UTL12B	1		UTL12	GG			FILI10
UTL12B							30	"2026-04-13 16:18:12"							UTL12B	2		UTL12	GG			FILI10
UTL12B							30	"2026-05-11 17:02:16"							UTL12B	3		UTL12	GG			FILI10
UTL12B							30	"2026-05-11 17:02:17"							UTL12B	4		UTL12	GG			FILI10
UTL12B							30	"2026-05-11 17:02:17"							UTL12B	5		UTL12	GG			FILI10
UTL12B							30	"2026-05-11 17:02:17"							UTL12B	6		UTL12	GG			
UTL12B							30	"2026-05-11 17:02:17"							UTL12B	7		UTL12	GG			
UTL13A							30	"2026-05-11 17:02:17"							UTL13A	1		UTL13	GG			FILI10
UTL13A				209			30	"2026-05-12 11:44:51"					"Granngården Luleå"		UTL13A	2		UTL13	GG			FILI10
UTL13A				250			30	"2026-05-13 16:26:52"					"Granngården Oskarshamn"		UTL13A	3		UTL13	GG			FILI10
UTL13A							30	"2026-05-11 17:02:17"							UTL13A	4		UTL13	GG			FILI10
UTL13A				250			30	"2026-05-13 16:26:52"					"Granngården Oskarshamn"		UTL13A	5		UTL13	GG			FILI10
UTL13A							30	"2026-05-11 17:02:17"							UTL13A	6		UTL13	GG			
UTL13A							30	"2026-05-11 17:02:17"							UTL13A	7		UTL13	GG			
UTL13B							30	"2026-05-11 17:02:17"							UTL13B	1		UTL13	GG			OSCA45
UTL13B							30	"2026-04-13 16:18:12"							UTL13B	2		UTL13	GG			SEBA80
UTL13B							30	"2026-05-11 17:02:17"							UTL13B	3		UTL13	GG			FILI10
UTL13B							30	"2026-05-11 17:02:17"							UTL13B	4		UTL13	GG			FILI10
UTL13B							30	"2026-05-11 17:02:17"							UTL13B	5		UTL13	GG			FILI10
UTL13B							30	"2026-05-11 17:02:17"							UTL13B	6		UTL13	GG			
UTL13B							30	"2026-05-11 17:02:17"							UTL13B	7		UTL13	GG			
UTL14A							30	"2026-05-11 17:02:17"							UTL14A	1		UTL14	GG			FILI10
UTL14A				209			30	"2026-05-12 11:44:51"					"Granngården Luleå"		UTL14A	2		UTL14	GG			FILI10
UTL14A				481			30	"2026-05-13 16:23:48"					"Granngården Kungälv"		UTL14A	3		UTL14	GG			FILI10
UTL14A							30	"2026-05-11 17:02:18"							UTL14A	4		UTL14	GG			FILI10
UTL14A				481			30	"2026-05-13 16:23:48"					"Granngården Kungälv"		UTL14A	5		UTL14	GG			FILI10
UTL14A							30	"2026-05-11 17:02:18"							UTL14A	6		UTL14	GG			
UTL14A							30	"2026-05-11 17:02:18"							UTL14A	7		UTL14	GG			
UTL14B							30	"2026-05-11 17:02:18"							UTL14B	1		UTL14	GG			OSCA45
UTL14B							30	"2026-04-13 16:18:13"							UTL14B	2		UTL14	GG			SEBA80
UTL14B							30	"2026-05-11 17:02:18"							UTL14B	3		UTL14	GG			FILI10
UTL14B							30	"2026-05-11 17:02:18"							UTL14B	4		UTL14	GG			FILI10
UTL14B							30	"2026-05-11 17:02:18"							UTL14B	5		UTL14	GG			FILI10
UTL14B							30	"2026-05-11 17:02:18"							UTL14B	6		UTL14	GG			
UTL14B							30	"2026-05-11 17:02:18"							UTL14B	7		UTL14	GG			
UTL15A							30	"2026-05-11 17:02:18"							UTL15A	1		UTL15	GG			FILI10
UTL15A				209			30	"2026-05-12 11:44:51"					"Granngården Luleå"		UTL15A	2		UTL15	GG			FILI10
UTL15A				481			30	"2026-05-13 16:23:48"					"Granngården Kungälv"		UTL15A	3		UTL15	GG			FILI10
UTL15A							30	"2026-05-11 17:02:18"							UTL15A	4		UTL15	GG			FILI10
UTL15A				481			30	"2026-05-13 16:23:48"					"Granngården Kungälv"		UTL15A	5		UTL15	GG			FILI10
UTL15A							30	"2026-05-11 17:02:18"							UTL15A	6		UTL15	GG			
UTL15A							30	"2026-05-11 17:02:18"							UTL15A	7		UTL15	GG			
UTL15B							30	"2026-05-11 17:02:18"							UTL15B	1		UTL15	GG			FILI10
UTL15B							30	"2026-04-13 16:18:13"							UTL15B	2		UTL15	GG			FILI10
UTL15B							30	"2026-05-11 17:02:19"							UTL15B	3		UTL15	GG			FILI10
UTL15B							30	"2026-05-11 17:02:19"							UTL15B	4		UTL15	GG			FILI10
UTL15B							30	"2026-05-11 17:02:19"							UTL15B	5		UTL15	GG			SEBA80
UTL15B							30	"2026-05-11 17:02:19"							UTL15B	6		UTL15	GG			
UTL15B							30	"2026-05-11 17:02:19"							UTL15B	7		UTL15	GG			
UTL16A							30	"2026-05-11 17:02:19"							UTL16A	1		UTL16	GG			FILI10
UTL16A				209			30	"2026-05-12 14:20:09"					"Granngården Luleå"		UTL16A	2		UTL16	GG			FILI10
UTL16A				481			30	"2026-05-13 16:23:48"					"Granngården Kungälv"		UTL16A	3		UTL16	GG			FILI10
UTL16A							30	"2026-05-11 17:02:19"							UTL16A	4		UTL16	GG			FILI10
UTL16A				481			30	"2026-05-13 16:23:48"					"Granngården Kungälv"		UTL16A	5		UTL16	GG			FILI10
UTL16A							30	"2026-05-11 17:02:19"							UTL16A	6		UTL16	GG			
UTL16A							30	"2026-05-11 17:02:19"							UTL16A	7		UTL16	GG			
UTL16B							30	"2026-05-11 17:02:19"							UTL16B	1		UTL16	GG			FILI10
UTL16B							30	"2026-04-13 16:18:13"							UTL16B	2		UTL16	GG			FILI10
UTL16B							30	"2026-05-11 17:02:19"							UTL16B	3		UTL16	GG			FILI10
UTL16B							30	"2026-05-11 17:02:19"							UTL16B	4		UTL16	GG			FILI10
UTL16B							30	"2026-05-11 17:02:19"							UTL16B	5		UTL16	GG			FILI10
UTL16B							30	"2026-05-11 17:02:19"							UTL16B	6		UTL16	GG			
UTL16B							30	"2026-05-11 17:02:20"							UTL16B	7		UTL16	GG			
UTL17A							30	"2026-05-11 17:02:20"							UTL17A	1		UTL17	GG			FILI10
UTL17A				209			30	"2026-05-12 14:20:09"					"Granngården Luleå"		UTL17A	2		UTL17	GG			FILI10
UTL17A				275			30	"2026-05-13 16:23:40"					"Granngården Falkenberg"		UTL17A	3		UTL17	GG			FILI10
UTL17A							30	"2026-05-11 17:02:20"							UTL17A	4		UTL17	GG			FILI10
UTL17A				275			30	"2026-05-13 16:23:40"					"Granngården Falkenberg"		UTL17A	5		UTL17	GG			FILI10
UTL17A							30	"2026-05-11 17:02:20"							UTL17A	6		UTL17	GG			
UTL17A							30	"2026-05-11 17:02:20"							UTL17A	7		UTL17	GG			
UTL17B							30	"2026-05-11 17:02:20"							UTL17B	1		UTL17	GG			FILI10
UTL17B							30	"2026-04-13 16:18:13"							UTL17B	2		UTL17	GG			FILI10
UTL17B							30	"2026-05-11 17:02:20"							UTL17B	3		UTL17	GG			FILI10
UTL17B							30	"2026-05-11 17:02:20"							UTL17B	4		UTL17	GG			SEBA80
UTL17B							30	"2026-05-11 17:02:20"							UTL17B	5		UTL17	GG			SEBA80
UTL17B							30	"2026-05-11 17:02:20"							UTL17B	6		UTL17	GG			
UTL17B							30	"2026-05-11 17:02:20"							UTL17B	7		UTL17	GG			
UTL18A							30	"2026-05-11 17:02:21"							UTL18A	1		UTL18	GG			FILI10
UTL18A				211			30	"2026-05-12 14:17:34"					"Granngården Boden"		UTL18A	2		UTL18	GG			FILI10
UTL18A				275			30	"2026-05-13 16:23:40"					"Granngården Falkenberg"		UTL18A	3		UTL18	GG			FILI10
UTL18A							30	"2026-05-11 17:02:21"							UTL18A	4		UTL18	GG			FILI10
UTL18A				275			30	"2026-05-13 16:23:40"					"Granngården Falkenberg"		UTL18A	5		UTL18	GG			FILI10
UTL18A							30	"2026-05-11 17:02:21"							UTL18A	6		UTL18	GG			
UTL18A							30	"2026-05-11 17:02:21"							UTL18A	7		UTL18	GG			
UTL18B							30	"2026-05-11 17:02:21"							UTL18B	1		UTL18	GG			FILI10
UTL18B							30	"2026-04-13 16:18:14"							UTL18B	2		UTL18	GG			FILI10
UTL18B							30	"2026-05-11 17:02:21"							UTL18B	3		UTL18	GG			FILI10
UTL18B							30	"2026-05-11 17:02:21"							UTL18B	4		UTL18	GG			FILI10
UTL18B							30	"2026-05-11 17:02:21"							UTL18B	5		UTL18	GG			FILI10
UTL18B							30	"2026-05-11 17:02:21"							UTL18B	6		UTL18	GG			
UTL18B							30	"2026-05-11 17:02:21"							UTL18B	7		UTL18	GG			
UTL19A							30	"2026-05-11 17:02:21"							UTL19A	1		UTL19	GG			FILI10
UTL19A				211			30	"2026-05-12 14:17:34"					"Granngården Boden"		UTL19A	2		UTL19	GG			FILI10
UTL19A				272			30	"2026-05-13 16:23:29"					"Granngården Varberg"		UTL19A	3		UTL19	GG			FILI10
UTL19A							30	"2026-05-11 17:02:21"							UTL19A	4		UTL19	GG			FILI10
UTL19A				272			30	"2026-05-13 16:23:29"					"Granngården Varberg"		UTL19A	5		UTL19	GG			FILI10
UTL19A							30	"2026-05-11 17:02:22"							UTL19A	6		UTL19	GG			
UTL19A							30	"2026-05-11 17:02:22"							UTL19A	7		UTL19	GG			
UTL19B							30	"2026-05-11 17:02:22"							UTL19B	1		UTL19	GG			FILI10
UTL19B							30	"2026-04-13 16:18:14"							UTL19B	2		UTL19	GG			OSCA45
UTL19B							30	"2026-05-11 17:02:22"							UTL19B	3		UTL19	GG			FILI10
UTL19B							30	"2026-05-11 17:02:22"							UTL19B	4		UTL19	GG			FILI10
UTL19B							30	"2026-05-11 17:02:22"							UTL19B	5		UTL19	GG			FILI10
UTL19B							30	"2026-05-11 17:02:22"							UTL19B	6		UTL19	GG			
UTL19B							30	"2026-05-11 17:02:22"							UTL19B	7		UTL19	GG			
UTL205A							30	"2026-05-12 06:44:22"							UTL205	1		UTL205	MG			ANTO87
UTL205A				163			30	"2026-05-12 07:39:23"					"Degerfors Järn & Färghandel"		UTL205	2		UTL205	MG			ANTO87
UTL205A				484422			30	"2026-05-13 07:21:15"					"Colorama Laxå"		UTL205	3	Schenker	UTL205	MG			ANTO87
UTL205A							30	"2026-05-08 06:07:49"							UTL205	4		UTL205	MG			ANTO87
UTL205A							30	"2026-05-11 06:36:29"							UTL205	5		UTL205	MG			ANTO87
UTL205B							30	"2026-05-12 06:44:22"							UTL205	1		UTL205	MG			ANTO87
UTL205B				484422			30	"2026-05-12 13:05:09"					"Colorama Laxå"		UTL205	2		UTL205	MG			HUGO49
UTL205B				667			30	"2026-05-13 12:56:03"					"XL-BYGG Hönö"		UTL205	3	"B Schenker"	UTL205	MG			ANTO87
UTL205B							30	"2026-05-13 12:56:10"							UTL205	4		UTL205	MG			ANTO87
UTL205B							30	"2026-05-11 06:36:29"							UTL205	5		UTL205	MG			ANTO87
UTL206A							30	"2026-05-12 06:44:22"							UTL206	1		UTL206	MG			ANTO87
UTL206A				614			30	"2026-05-12 07:39:24"					"XL-BYGG Kopparberg"		UTL206	2		UTL206	MG			ANTO87
UTL206A				656			30	"2026-05-13 07:21:15"					"XL-BYGG Norrby Trä"		UTL206	3	Schenker	UTL206	MG			ANTO87
UTL206A							30	"2026-05-08 06:07:50"							UTL206	4		UTL206	MG			ANTO87
UTL206A							30	"2026-05-11 06:36:29"							UTL206	5		UTL206	MG			ANTO87
UTL206B							30	"2026-05-12 06:44:22"							UTL206	1		UTL206	MG			ANTO87
UTL206B				656			30	"2026-05-12 13:05:09"					"XL-BYGG Norrby Trä"		UTL206	2		UTL206	MG			HUGO49
UTL206B				418218			30	"2026-05-13 12:56:03"					"Colorama Hönö"		UTL206	3	"B Schenker"	UTL206	MG			ANTO87
UTL206B							30	"2026-05-13 12:56:10"							UTL206	4		UTL206	MG			ANTO87
UTL206B							30	"2026-05-11 06:36:29"							UTL206	5		UTL206	MG			ANTO87
UTL207A							30	"2026-05-12 06:44:22"							UTL207	1		UTL207	MG			ANTO87
UTL207A				652			30	"2026-05-12 07:39:24"					"XL-BYGG Herok"		UTL207	2		UTL207	MG			ANTO87
UTL207A				261			30	"2026-05-13 07:21:15"					"forssa järn och byggvaror"		UTL207	3	Schenker	UTL207	MG			ANTO87
UTL207A							30	"2026-05-08 06:07:50"							UTL207	4		UTL207	MG			ANTO87
UTL207A							30	"2026-05-11 06:36:29"							UTL207	5		UTL207	MG			ANTO87
UTL207B							30	"2026-05-12 06:44:22"							UTL207	1		UTL207	MG			ANTO87
UTL207B				261			30	"2026-05-12 13:05:09"					"forssa järn och byggvaror"		UTL207	2		UTL207	MG			HUGO49
UTL207B				615			30	"2026-05-13 12:56:03"					"XL-BYGG Simons Bygg & Trä"		UTL207	3	"B Schenker Åland"	UTL207	MG			ANTO87
UTL207B							30	"2026-05-13 12:56:10"							UTL207	4		UTL207	MG			ANTO87
UTL207B							30	"2026-05-11 06:36:29"							UTL207	5		UTL207	MG			ANTO87
UTL208A							30	"2026-05-12 06:44:22"							UTL208	1		UTL208	MG			ANTO87
UTL208A				725			30	"2026-05-12 07:39:24"					"XL-BYGG Karlskoga"		UTL208	2		UTL208	MG			ANTO87
UTL208A				316			30	"2026-05-13 07:21:15"					"backabo byggvaror"		UTL208	3	Schenker	UTL208	MG			ANTO87
UTL208A							30	"2026-05-08 06:07:50"							UTL208	4		UTL208	MG			ANTO87
UTL208A							30	"2026-05-07 14:17:57"							UTL208	5		UTL208	MG			ANTO87
UTL208B							30	"2026-05-12 06:44:22"							UTL208	1		UTL208	MG			ANTO87
UTL208B				316			30	"2026-05-12 13:05:09"					"backabo byggvaror"		UTL208	2		UTL208	MG			HUGO49
UTL208B				271			30	"2026-05-13 12:56:03"					"Forshalls Bygghandel"		UTL208	3	"B JSC Transport"	UTL208	MG			ANTO87
UTL208B							30	"2026-05-13 12:56:10"							UTL208	4		UTL208	MG			ANTO87
UTL208B							30	"2026-05-11 06:36:29"							UTL208	5		UTL208	MG			ANTO87
UTL209A							30	"2026-05-12 06:44:22"							UTL209	1		UTL209	MG			ANTO87
UTL209A				732			30	"2026-05-12 07:39:24"					"XL-BYGG Byggcenter Skene"		UTL209	2		UTL209	MG			ANTO87
UTL209A				484731			30	"2026-05-13 07:21:15"					"Colorama Mark"		UTL209	3	Schenker	UTL209	MG			ANTO87
UTL209A							30	"2026-05-08 06:07:50"							UTL209	4		UTL209	MG			ANTO87
UTL209A							30	"2026-05-11 06:36:29"							UTL209	5		UTL209	MG			ANTO87
UTL209B							30	"2026-05-12 06:44:22"							UTL209	1		UTL209	MG			ANTO87
UTL209B				484731			30	"2026-05-12 13:05:09"					"Colorama Mark"		UTL209	2		UTL209	MG			HUGO49
UTL209B				272			30	"2026-05-13 12:56:03"					"Grästorps Trävaruaffär"		UTL209	3	"B JSC Transport"	UTL209	MG			ANTO87
UTL209B							30	"2026-05-13 12:56:10"							UTL209	4		UTL209	MG			ANTO87
UTL209B							30	"2026-05-11 06:36:29"							UTL209	5		UTL209	MG			ANTO87
UTL20A							30	"2026-05-11 17:02:22"							UTL20A	1		UTL20	GG			FILI10
UTL20A				211			30	"2026-05-12 14:17:34"					"Granngården Boden"		UTL20A	2		UTL20	GG			FILI10
UTL20A				272			30	"2026-05-13 16:23:29"					"Granngården Varberg"		UTL20A	3		UTL20	GG			FILI10
UTL20A							30	"2026-05-11 17:02:22"							UTL20A	4		UTL20	GG			FILI10
UTL20A				272			30	"2026-05-13 16:23:29"					"Granngården Varberg"		UTL20A	5		UTL20	GG			FILI10
UTL20A							30	"2026-05-11 17:02:22"							UTL20A	6		UTL20	GG			
UTL20A							30	"2026-05-11 17:02:22"							UTL20A	7		UTL20	GG			
UTL20B							30	"2026-05-11 17:02:22"							UTL20B	1		UTL20	GG			FILI10
UTL20B							30	"2026-04-13 16:18:14"							UTL20B	2		UTL20	GG			OSCA45
UTL20B							30	"2026-05-11 17:02:23"							UTL20B	3		UTL20	GG			OSCA45
UTL20B							30	"2026-05-11 17:02:23"							UTL20B	4		UTL20	GG			FILI10
UTL20B							30	"2026-05-11 17:02:23"							UTL20B	5		UTL20	GG			FILI10
UTL20B							30	"2026-05-11 17:02:23"							UTL20B	6		UTL20	GG			
UTL20B							30	"2026-05-11 17:02:23"							UTL20B	7		UTL20	GG			
UTL210A							30	"2026-05-12 06:44:23"							UTL210	1		UTL210	MG			ANTO87
UTL210A				133342			30	"2026-05-12 07:39:24"					"Mal Proff Uppsala"		UTL210	2		UTL210	MG			ANTO87
UTL210A				484731			30	"2026-05-13 07:21:15"					"Colorama Mark"		UTL210	3	Schenker	UTL210	MG			ANTO87
UTL210A							30	"2026-05-08 06:07:50"							UTL210	4		UTL210	MG			ANTO87
UTL210A							30	"2026-05-11 06:36:30"							UTL210	5		UTL210	MG			ANTO87
UTL210B							30	"2026-05-12 06:44:23"							UTL210	1		UTL210	MG			ANTO87
UTL210B				484731			30	"2026-05-12 13:05:09"					"Colorama Mark"		UTL210	2		UTL210	MG			HUGO49
UTL210B							30	"2026-05-07 06:25:13"							UTL210	3		UTL210	MG			ANTO87
UTL210B							30	"2026-05-08 06:07:50"							UTL210	4		UTL210	MG			ANTO87
UTL210B							30	"2026-05-11 06:36:30"							UTL210	5		UTL210	MG			ANTO87
UTL211A							30	"2026-05-12 06:44:23"							UTL211	1		UTL211	MG			ANTO87
UTL211A				192155			30	"2026-05-12 07:39:24"					"O Janssons Golvtjänst AB"		UTL211	2		UTL211	MG			ANTO87
UTL211A				249			30	"2026-05-13 07:21:15"					"Fristad Byggvaror"		UTL211	3	Schenker	UTL211	MG			ANTO87
UTL211A							30	"2026-05-08 06:07:50"							UTL211	4		UTL211	MG			ANTO87
UTL211A							30	"2026-05-07 14:17:58"							UTL211	5		UTL211	MG			ANTO87
UTL211B							30	"2026-05-12 06:44:23"							UTL211	1		UTL211	MG			ANTO87
UTL211B				249			30	"2026-05-12 13:05:09"					"Fristad Byggvaror"		UTL211	2		UTL211	MG			HUGO49
UTL211B							30	"2026-05-07 06:25:13"							UTL211	3		UTL211	MG			ANTO87
UTL211B							30	"2026-05-06 14:42:24"							UTL211	4		UTL211	MG			ANTO87
UTL211B							30	"2026-05-11 06:36:30"							UTL211	5		UTL211	MG			ANTO87
UTL212A							30	"2026-05-12 06:44:23"							UTL212	1		UTL212	MG			ANTO87
UTL212A				192270			30	"2026-05-12 07:39:24"					"Färgnyans i Enköping AB"		UTL212	2		UTL212	MG			ANTO87
UTL212A				249			30	"2026-05-13 07:21:15"					"Fristad Byggvaror"		UTL212	3	Schenker	UTL212	MG			ANTO87
UTL212A							30	"2026-05-08 06:07:50"							UTL212	4		UTL212	MG			ANTO87
UTL212A							30	"2026-05-07 14:17:59"							UTL212	5		UTL212	MG			ANTO87
UTL212B							30	"2026-05-12 06:44:23"							UTL212	1		UTL212	MG			ANTO87
UTL212B				249			30	"2026-05-12 13:05:09"					"Fristad Byggvaror"		UTL212	2		UTL212	MG			HUGO49
UTL212B							30	"2026-05-07 06:25:13"							UTL212	3		UTL212	MG			ANTO87
UTL212B							30	"2026-05-07 14:33:12"							UTL212	4		UTL212	MG			ANTO87
UTL212B							30	"2026-05-11 06:36:30"							UTL212	5		UTL212	MG			ANTO87
UTL213A							30	"2026-05-12 06:44:23"							UTL213	1		UTL213	MG			ANTO87
UTL213A				484067			30	"2026-05-12 07:39:24"					"Colorama Köping"		UTL213	2		UTL213	MG			ANTO87
UTL213A				192283			30	"2026-05-13 07:21:15"					"Happy Homes Borås AB"		UTL213	3	Schenker	UTL213	MG			ANTO87
UTL213A							30	"2026-05-08 06:07:51"							UTL213	4		UTL213	MG			ANTO87
UTL213A							30	"2026-05-07 14:17:59"							UTL213	5		UTL213	MG			ANTO87
UTL213B							30	"2026-05-12 06:44:23"							UTL213	1		UTL213	MG			ANTO87
UTL213B				192283			30	"2026-05-12 13:05:09"					"Happy Homes Borås AB"		UTL213	2		UTL213	MG			HUGO49
UTL213B				245			30	"2026-05-13 12:56:03"					"Axel P"		UTL213	3	"B Sune Janssons"	UTL213	MG			ANTO87
UTL213B							30	"2026-05-13 12:56:10"							UTL213	4		UTL213	MG			ANTO87
UTL213B							30	"2026-05-11 06:36:30"							UTL213	5		UTL213	MG			ANTO87
UTL214A							30	"2026-05-12 06:44:23"							UTL214	1		UTL214	MG			ANTO87
UTL214A				484575			30	"2026-05-12 07:39:24"					"Colorama Sala"		UTL214	2		UTL214	MG			ANTO87
UTL214A				192283			30	"2026-05-13 07:21:15"					"Happy Homes Borås AB"		UTL214	3	Schenker	UTL214	MG			ANTO87
UTL214A							30	"2026-05-08 06:07:51"							UTL214	4		UTL214	MG			ANTO87
UTL214A							30	"2026-05-07 14:17:59"							UTL214	5		UTL214	MG			ANTO87
UTL214B							30	"2026-05-12 06:44:23"							UTL214	1		UTL214	MG			ANTO87
UTL214B				192283			30	"2026-05-12 13:05:09"					"Happy Homes Borås AB"		UTL214	2		UTL214	MG			HUGO49
UTL214B				245			30	"2026-05-13 12:56:03"					"Axel P"		UTL214	3	"B Sune Janssons"	UTL214	MG			ANTO87
UTL214B							30	"2026-05-13 12:56:10"							UTL214	4		UTL214	MG			ANTO87
UTL214B							30	"2026-05-11 06:36:30"							UTL214	5		UTL214	MG			ANTO87
UTL215A							30	"2026-05-12 06:44:23"							UTL215	1		UTL215	MG			ANTO87
UTL215A				192281			30	"2026-05-12 07:39:24"					"Barkmans Färg AB"		UTL215	2		UTL215	MG			ANTO87
UTL215A				484667			30	"2026-05-13 07:21:15"					"Colorama Mellerud"		UTL215	3	"Sune Janssons"	UTL215	MG			ANTO87
UTL215A							30	"2026-05-08 06:07:51"							UTL215	4		UTL215	MG			ANTO87
UTL215A							30	"2026-05-11 06:36:30"							UTL215	5		UTL215	MG			ANTO87
UTL215B							30	"2026-05-12 06:44:23"							UTL215	1		UTL215	MG			ANTO87
UTL215B				484667			30	"2026-05-12 13:05:09"					"Colorama Mellerud"		UTL215	2		UTL215	MG			HUGO49
UTL215B				412			30	"2026-05-13 12:56:03"					"Bolist Färgelanda"		UTL215	3	"B Sune Janssons"	UTL215	MG			ANTO87
UTL215B							30	"2026-05-13 12:56:10"							UTL215	4		UTL215	MG			ANTO87
UTL215B							30	"2026-05-11 06:36:30"							UTL215	5		UTL215	MG			ANTO87
UTL216A							30	"2026-05-05 06:21:38"							UTL216	1		UTL216	MG			ANTO87
UTL216A				192281			30	"2026-05-12 07:39:24"					"Barkmans Färg AB"		UTL216	2		UTL216	MG			ANTO87
UTL216A				484667			30	"2026-05-13 07:21:15"					"Colorama Mellerud"		UTL216	3	"Sune Janssons"	UTL216	MG			ANTO87
UTL216A							30	"2026-05-08 06:07:51"							UTL216	4		UTL216	MG			ANTO87
UTL216A							30	"2026-05-11 06:36:30"							UTL216	5		UTL216	MG			ANTO87
UTL216B							30	"2026-05-12 06:44:23"							UTL216	1		UTL216	MG			ANTO87
UTL216B				484667			30	"2026-05-12 13:05:09"					"Colorama Mellerud"		UTL216	2		UTL216	MG			HUGO49
UTL216B				412			30	"2026-05-13 12:56:03"					"Bolist Färgelanda"		UTL216	3	"B Sune Janssons"	UTL216	MG			ANTO87
UTL216B							30	"2026-05-13 12:56:10"							UTL216	4		UTL216	MG			ANTO87
UTL216B							30	"2026-05-07 14:17:59"							UTL216	5		UTL216	MG			ANTO87
UTL217A							30	"2026-05-12 06:44:23"							UTL217	1		UTL217	MG			ANTO87
UTL217A							30	"2026-05-05 19:04:28"							UTL217	2		UTL217	MG			ANTO87
UTL217A							30	"2026-05-07 06:25:14"							UTL217	3		UTL217	MG			ANTO87
UTL217A							30	"2026-05-08 06:07:51"							UTL217	4		UTL217	MG			ANTO87
UTL217A							30	"2026-05-11 06:36:30"							UTL217	5		UTL217	MG			ANTO87
UTL217B							30	"2026-05-05 06:21:38"							UTL217	1		UTL217	MG			ANTO87
UTL217B							30	"2026-05-06 12:54:27"							UTL217	2		UTL217	MG			ANTO87
UTL217B				644			30	"2026-05-13 12:56:03"					"XL-BYGG Varekil"		UTL217	3	"B Sune Janssons"	UTL217	MG			ANTO87
UTL217B							30	"2026-05-13 12:56:10"							UTL217	4		UTL217	MG			ANTO87
UTL217B							30	"2026-05-11 06:36:30"							UTL217	5		UTL217	MG			ANTO87
UTL218A							30	"2026-05-12 06:44:23"							UTL218	1		UTL218	MG			ANTO87
UTL218A				493			30	"2026-05-12 07:39:24"					"BOLIST Byggjänst Arboga"		UTL218	2		UTL218	MG			ANTO87
UTL218A							30	"2026-05-07 06:25:14"							UTL218	3		UTL218	MG			ANTO87
UTL218A							30	"2026-05-08 06:07:51"							UTL218	4		UTL218	MG			ANTO87
UTL218A							30	"2026-05-11 06:36:30"							UTL218	5		UTL218	MG			ANTO87
UTL218B							30	"2026-05-12 06:44:23"							UTL218	1		UTL218	MG			ANTO87
UTL218B							30	"2026-05-06 12:54:27"							UTL218	2		UTL218	MG			ANTO87
UTL218B				643			30	"2026-05-13 12:56:03"					"XL-BYGG Skärhamn"		UTL218	3	"B Sune Janssons"	UTL218	MG			ANTO87
UTL218B							30	"2026-05-13 12:56:10"							UTL218	4		UTL218	MG			ANTO87
UTL218B							30	"2026-05-11 06:36:30"							UTL218	5		UTL218	MG			ANTO87
UTL219A							30	"2026-05-12 06:44:23"							UTL219	1		UTL219	MG			ANTO87
UTL219A				192200			30	"2026-05-12 07:39:24"					"HE:s Färggross AB"		UTL219	2		UTL219	MG			ANTO87
UTL219A							30	"2026-05-07 06:25:14"							UTL219	3		UTL219	MG			ANTO87
UTL219A							30	"2026-05-08 06:07:51"							UTL219	4		UTL219	MG			ANTO87
UTL219A							30	"2026-05-11 06:36:30"							UTL219	5		UTL219	MG			ANTO87
UTL219B							30	"2026-05-12 06:44:23"							UTL219	1		UTL219	MG			ANTO87
UTL219B							30	"2026-05-06 12:54:28"							UTL219	2		UTL219	MG			ANTO87
UTL219B				643			30	"2026-05-13 12:56:03"					"XL-BYGG Skärhamn"		UTL219	3	"B Sune Janssons"	UTL219	MG			ANTO87
UTL219B							30	"2026-05-13 12:56:11"							UTL219	4		UTL219	MG			ANTO87
UTL219B							30	"2026-05-11 06:36:30"							UTL219	5		UTL219	MG			ANTO87
UTL21A							30	"2026-05-11 17:02:23"							UTL21A	1		UTL21	GG			FILI10
UTL21A				433			30	"2026-05-12 15:32:04"					"Granngården Västerås"		UTL21A	2		UTL21	GG			FILI10
UTL21A							30	"2026-05-13 16:23:26"							UTL21A	3		UTL21	GG			FILI10
UTL21A							30	"2026-05-11 17:02:23"							UTL21A	4		UTL21	GG			FILI10
UTL21A							30	"2026-05-11 17:02:23"							UTL21A	5		UTL21	GG			FILI10
UTL21A							30	"2026-05-11 17:02:23"							UTL21A	6		UTL21	GG			
UTL21A							30	"2026-05-11 17:02:23"							UTL21A	7		UTL21	GG			
UTL21B							30	"2026-05-11 17:02:23"							UTL21B	1		UTL21	GG			FILI10
UTL21B							30	"2026-04-10 16:15:13"							UTL21B	2		UTL21	GG			SEBA80
UTL21B							30	"2026-05-11 17:02:23"							UTL21B	3		UTL21	GG			FILI10
UTL21B							30	"2026-05-11 17:02:23"							UTL21B	4		UTL21	GG			FILI10
UTL21B							30	"2026-05-11 17:02:23"							UTL21B	5		UTL21	GG			SEBA80
UTL21B							30	"2026-05-11 17:02:23"							UTL21B	6		UTL21	GG			
UTL21B							30	"2026-05-11 17:02:23"							UTL21B	7		UTL21	GG			
UTL220A							30	"2026-05-12 06:44:23"							UTL220	1		UTL220	MG			ANTO87
UTL220A				192200			30	"2026-05-12 07:39:24"					"HE:s Färggross AB"		UTL220	2		UTL220	MG			ANTO87
UTL220A							30	"2026-05-07 06:25:14"							UTL220	3		UTL220	MG			ANTO87
UTL220A							30	"2026-05-08 06:07:51"							UTL220	4		UTL220	MG			ANTO87
UTL220A							30	"2026-05-11 06:36:31"							UTL220	5		UTL220	MG			ANTO87
UTL220B							30	"2026-05-12 06:44:23"							UTL220	1		UTL220	MG			ANTO87
UTL220B							30	"2026-05-06 12:54:28"							UTL220	2		UTL220	MG			ANTO87
UTL220B				408			30	"2026-05-13 12:56:03"					"Harås Byggvaror Lysekils Trä"		UTL220	3	"B Sune Janssons"	UTL220	MG			ANTO87
UTL220B							30	"2026-05-13 12:56:11"							UTL220	4		UTL220	MG			ANTO87
UTL220B							30	"2026-05-11 06:36:31"							UTL220	5		UTL220	MG			ANTO87
UTL221A							30	"2026-05-12 06:44:24"							UTL221	1		UTL221	MG			ANTO87
UTL221A				192239			30	"2026-05-12 07:39:24"					"Färgetablissemanget Strängnäs AB"		UTL221	2		UTL221	MG			ANTO87
UTL221A							30	"2026-05-07 06:25:14"							UTL221	3		UTL221	MG			ANTO87
UTL221A							30	"2026-05-08 06:07:51"							UTL221	4		UTL221	MG			ANTO87
UTL221A							30	"2026-05-11 06:36:31"							UTL221	5		UTL221	MG			ANTO87
UTL221B							30	"2026-05-12 06:44:24"							UTL221	1		UTL221	MG			ANTO87
UTL221B							30	"2026-05-06 12:54:28"							UTL221	2		UTL221	MG			ANTO87
UTL221B				469			30	"2026-05-13 12:56:03"					"Elon / Järnia Lilla Edet"		UTL221	3	"B Sune Janssons"	UTL221	MG			ANTO87
UTL221B							30	"2026-05-13 12:56:11"							UTL221	4		UTL221	MG			ANTO87
UTL221B							30	"2026-05-11 06:36:31"							UTL221	5		UTL221	MG			ANTO87
UTL222A							30	"2026-05-05 06:21:39"							UTL222	1		UTL222	MG			ANTO87
UTL222A				192239			30	"2026-05-12 07:39:24"					"Färgetablissemanget Strängnäs AB"		UTL222	2		UTL222	MG			ANTO87
UTL222A							30	"2026-05-07 06:25:14"							UTL222	3		UTL222	MG			ANTO87
UTL222A							30	"2026-05-08 06:07:51"							UTL222	4		UTL222	MG			ANTO87
UTL222A							30	"2026-05-11 06:36:31"							UTL222	5		UTL222	MG			ANTO87
UTL222B							30	"2026-05-12 06:44:24"							UTL222	1		UTL222	MG			ANTO87
UTL222B							30	"2026-05-06 12:54:28"							UTL222	2		UTL222	MG			ANTO87
UTL222B				645			30	"2026-05-13 12:56:03"					"XL-BYGG Bleket"		UTL222	3	"B Sune Janssons"	UTL222	MG			ANTO87
UTL222B							30	"2026-05-13 12:56:11"							UTL222	4		UTL222	MG			ANTO87
UTL222B							30	"2026-05-07 14:18:00"							UTL222	5		UTL222	MG			ANTO87
UTL223A							30	"2026-05-05 06:21:39"							UTL223	1		UTL223	MG			ANTO87
UTL223A				192165			30	"2026-05-12 07:39:24"					"Färg & Hobbyhörnan Collén AB"		UTL223	2		UTL223	MG			ANTO87
UTL223A							30	"2026-05-07 06:25:14"							UTL223	3		UTL223	MG			ANTO87
UTL223A							30	"2026-05-08 06:07:51"							UTL223	4		UTL223	MG			ANTO87
UTL223A							30	"2026-05-11 06:36:31"							UTL223	5		UTL223	MG			ANTO87
UTL223B							30	"2026-05-12 06:44:24"							UTL223	1		UTL223	MG			ANTO87
UTL223B							30	"2026-05-06 12:54:28"							UTL223	2		UTL223	MG			ANTO87
UTL223B				640			30	"2026-05-13 12:56:03"					"XL-BYGG Byggbiten Nossebro"		UTL223	3	"B Sune Janssons"	UTL223	MG			ANTO87
UTL223B							30	"2026-05-13 12:56:11"							UTL223	4		UTL223	MG			ANTO87
UTL223B							30	"2026-05-07 14:18:00"							UTL223	5		UTL223	MG			ANTO87
UTL224A							30	"2026-05-12 06:44:24"							UTL224	1		UTL224	MG			ANTO87
UTL224A				192165			30	"2026-05-12 07:39:24"					"Färg & Hobbyhörnan Collén AB"		UTL224	2		UTL224	MG			ANTO87
UTL224A							30	"2026-05-07 06:25:15"							UTL224	3		UTL224	MG			ANTO87
UTL224A							30	"2026-05-08 06:07:52"							UTL224	4		UTL224	MG			ANTO87
UTL224A							30	"2026-05-11 06:36:31"							UTL224	5		UTL224	MG			ANTO87
UTL224B							30	"2026-05-12 06:44:24"							UTL224	1		UTL224	MG			ANTO87
UTL224B							30	"2026-05-06 12:54:28"							UTL224	2		UTL224	MG			ANTO87
UTL224B				371			30	"2026-05-13 12:56:03"					"Hälle Byggvaror"		UTL224	3	"B Sune Janssons"	UTL224	MG			ANTO87
UTL224B							30	"2026-05-13 12:56:11"							UTL224	4		UTL224	MG			ANTO87
UTL224B							30	"2026-05-11 06:36:31"							UTL224	5		UTL224	MG			ANTO87
UTL225A							30	"2026-05-12 06:44:24"							UTL225	1		UTL225	MG			ANTO87
UTL225A				192194			30	"2026-05-12 07:39:24"					"Runes Färger AB"		UTL225	2		UTL225	MG			ANTO87
UTL225A				410			30	"2026-05-13 07:21:15"					"Bolist Lindveden"		UTL225	3	"Sune Janssons"	UTL225	MG			ANTO87
UTL225A							30	"2026-05-08 06:07:52"							UTL225	4		UTL225	MG			ANTO87
UTL225A							30	"2026-05-11 06:36:31"							UTL225	5		UTL225	MG			ANTO87
UTL225B							30	"2026-05-12 06:44:24"							UTL225	1		UTL225	MG			ANTO87
UTL225B				410			30	"2026-05-12 13:05:09"					"Bolist Lindveden"		UTL225	2		UTL225	MG			HUGO49
UTL225B							30	"2026-05-07 06:25:15"							UTL225	3		UTL225	MG			ANTO87
UTL225B							30	"2026-05-08 06:07:52"							UTL225	4		UTL225	MG			ANTO87
UTL225B							30	"2026-05-11 06:36:31"							UTL225	5		UTL225	MG			ANTO87
UTL226A							30	"2026-05-12 06:44:24"							UTL226	1		UTL226	MG			ANTO87
UTL226A				192194			30	"2026-05-12 07:39:24"					"Runes Färger AB"		UTL226	2		UTL226	MG			ANTO87
UTL226A				688			30	"2026-05-13 07:21:15"					"XL-BYGG Brålanda"		UTL226	3	"Sune Janssons"	UTL226	MG			ANTO87
UTL226A							30	"2026-05-08 06:07:52"							UTL226	4		UTL226	MG			ANTO87
UTL226A							30	"2026-05-11 06:36:31"							UTL226	5		UTL226	MG			ANTO87
UTL226B							30	"2026-05-12 06:44:24"							UTL226	1		UTL226	MG			ANTO87
UTL226B				688			30	"2026-05-12 13:05:09"					"XL-BYGG Brålanda"		UTL226	2		UTL226	MG			HUGO49
UTL226B							30	"2026-05-07 06:25:15"							UTL226	3		UTL226	MG			ANTO87
UTL226B							30	"2026-05-08 06:07:52"							UTL226	4		UTL226	MG			ANTO87
UTL226B							30	"2026-05-11 06:36:31"							UTL226	5		UTL226	MG			ANTO87
UTL227A							30	"2026-05-12 06:44:24"							UTL227	1		UTL227	MG			ANTO87
UTL227A				192109			30	"2026-05-12 07:39:24"					"Färggiganten AB"		UTL227	2		UTL227	MG			ANTO87
UTL227A				192258			30	"2026-05-13 07:21:15"					"Ivars Färg Tjörn AB"		UTL227	3	"Sune Janssons"	UTL227	MG			ANTO87
UTL227A							30	"2026-05-08 06:07:52"							UTL227	4		UTL227	MG			ANTO87
UTL227A							30	"2026-05-11 06:36:31"							UTL227	5		UTL227	MG			ANTO87
UTL227B							30	"2026-05-12 06:44:24"							UTL227	1		UTL227	MG			ANTO87
UTL227B				192258			30	"2026-05-12 13:05:09"					"Ivars Färg Tjörn AB"		UTL227	2		UTL227	MG			HUGO49
UTL227B							30	"2026-05-07 06:25:15"							UTL227	3		UTL227	MG			ANTO87
UTL227B							30	"2026-05-08 06:07:52"							UTL227	4		UTL227	MG			ANTO87
UTL227B							30	"2026-05-11 06:36:31"							UTL227	5		UTL227	MG			ANTO87
UTL228A							30	"2026-05-12 06:44:24"							UTL228	1		UTL228	MG			ANTO87
UTL228A				192109			30	"2026-05-12 07:39:24"					"Färggiganten AB"		UTL228	2		UTL228	MG			ANTO87
UTL228A				670			30	"2026-05-13 07:21:15"					"XL-BYGG Vänersborg"		UTL228	3	"Sune Janssons"	UTL228	MG			ANTO87
UTL228A							30	"2026-05-08 06:07:52"							UTL228	4		UTL228	MG			ANTO87
UTL228A							30	"2026-05-11 06:36:31"							UTL228	5		UTL228	MG			ANTO87
UTL228B							30	"2026-05-12 06:44:24"							UTL228	1		UTL228	MG			ANTO87
UTL228B				670			30	"2026-05-12 13:05:09"					"XL-BYGG Vänersborg"		UTL228	2		UTL228	MG			HUGO49
UTL228B							30	"2026-05-07 06:25:15"							UTL228	3		UTL228	MG			ANTO87
UTL228B							30	"2026-05-08 06:07:52"							UTL228	4		UTL228	MG			ANTO87
UTL228B							30	"2026-05-11 06:36:31"							UTL228	5		UTL228	MG			ANTO87
UTL229A							30	"2026-05-12 06:44:24"							UTL229	1		UTL229	MG			ANTO87
UTL229A				192109			30	"2026-05-12 07:39:24"					"Färggiganten AB"		UTL229	2		UTL229	MG			ANTO87
UTL229A				192182			30	"2026-05-13 07:21:15"					"Målarboden i Trollhättan AB"		UTL229	3	"Sune Janssons"	UTL229	MG			ANTO87
UTL229A							30	"2026-05-08 06:07:52"							UTL229	4		UTL229	MG			ANTO87
UTL229A							30	"2026-05-11 06:36:32"							UTL229	5		UTL229	MG			ANTO87
UTL229B							30	"2026-05-12 06:44:24"							UTL229	1		UTL229	MG			ANTO87
UTL229B				192182			30	"2026-05-12 13:05:09"					"Målarboden i Trollhättan AB"		UTL229	2		UTL229	MG			HUGO49
UTL229B							30	"2026-05-07 06:25:15"							UTL229	3		UTL229	MG			ANTO87
UTL229B							30	"2026-05-08 06:07:52"							UTL229	4		UTL229	MG			ANTO87
UTL229B							30	"2026-05-11 06:36:32"							UTL229	5		UTL229	MG			ANTO87
UTL22A							30	"2026-05-11 17:02:24"							UTL22A	1		UTL22	GG			FILI10
UTL22A				433			30	"2026-05-12 15:32:04"					"Granngården Västerås"		UTL22A	2		UTL22	GG			FILI10
UTL22A							30	"2026-05-13 16:23:26"							UTL22A	3		UTL22	GG			FILI10
UTL22A							30	"2026-05-11 17:02:24"							UTL22A	4		UTL22	GG			FILI10
UTL22A							30	"2026-05-11 17:02:24"							UTL22A	5		UTL22	GG			FILI10
UTL22A							30	"2026-05-11 17:02:24"							UTL22A	6		UTL22	GG			
UTL22A							30	"2026-05-11 17:02:24"							UTL22A	7		UTL22	GG			
UTL22B							30	"2026-05-11 17:02:24"							UTL22B	1		UTL22	GG			FILI10
UTL22B							30	"2026-04-14 11:49:22"							UTL22B	2		UTL22	GG			FILI10
UTL22B							30	"2026-05-11 17:02:24"							UTL22B	3		UTL22	GG			FILI10
UTL22B							30	"2026-05-11 17:02:24"							UTL22B	4		UTL22	GG			FILI10
UTL22B							30	"2026-05-11 17:02:24"							UTL22B	5		UTL22	GG			FILI10
UTL22B							30	"2026-05-11 17:02:24"							UTL22B	6		UTL22	GG			
UTL22B							30	"2026-05-11 17:02:24"							UTL22B	7		UTL22	GG			
UTL230A							30	"2026-05-12 06:44:24"							UTL230	1		UTL230	MG			ANTO87
UTL230A				192109			30	"2026-05-12 07:39:24"					"Färggiganten AB"		UTL230	2		UTL230	MG			ANTO87
UTL230A				192257			30	"2026-05-13 07:21:15"					"Ivars Färg AB"		UTL230	3	"Sune Janssons"	UTL230	MG			ANTO87
UTL230A							30	"2026-05-08 06:07:52"							UTL230	4		UTL230	MG			ANTO87
UTL230A							30	"2026-05-11 06:36:32"							UTL230	5		UTL230	MG			ANTO87
UTL230B							30	"2026-05-12 06:44:24"							UTL230	1		UTL230	MG			ANTO87
UTL230B				192257			30	"2026-05-12 13:05:09"					"Ivars Färg AB"		UTL230	2		UTL230	MG			HUGO49
UTL230B							30	"2026-05-07 06:25:15"							UTL230	3		UTL230	MG			ANTO87
UTL230B							30	"2026-05-08 06:07:52"							UTL230	4		UTL230	MG			ANTO87
UTL230B							30	"2026-05-11 06:36:32"							UTL230	5		UTL230	MG			ANTO87
UTL231A							30	"2026-05-12 06:44:25"							UTL231	1		UTL231	MG			ANTO87
UTL231A				192130			30	"2026-05-12 07:39:24"					"Hallbergs Färg AB"		UTL231	2		UTL231	MG			ANTO87
UTL231A							30	"2026-05-07 06:25:15"							UTL231	3		UTL231	MG			ANTO87
UTL231A							30	"2026-05-08 06:07:52"							UTL231	4		UTL231	MG			ANTO87
UTL231A							30	"2026-05-11 06:36:32"							UTL231	5		UTL231	MG			ANTO87
UTL231B							30	"2026-05-12 06:44:25"							UTL231	1		UTL231	MG			ANTO87
UTL231B							30	"2026-05-06 12:54:28"							UTL231	2		UTL231	MG			ANTO87
UTL231B							30	"2026-05-07 06:25:15"							UTL231	3		UTL231	MG			ANTO87
UTL231B							30	"2026-05-08 06:07:52"							UTL231	4		UTL231	MG			ANTO87
UTL231B							30	"2026-05-11 06:36:32"							UTL231	5		UTL231	MG			ANTO87
UTL232A							30	"2026-05-12 06:44:25"							UTL232	1		UTL232	MG			ANTO87
UTL232A				192130			30	"2026-05-12 07:39:24"					"Hallbergs Färg AB"		UTL232	2		UTL232	MG			ANTO87
UTL232A							30	"2026-05-06 15:11:49"							UTL232	3		UTL232	MG			ANTO87
UTL232A							30	"2026-05-08 06:07:52"							UTL232	4		UTL232	MG			ANTO87
UTL232A							30	"2026-05-07 14:18:02"							UTL232	5		UTL232	MG			ANTO87
UTL232B							30	"2026-05-12 06:44:25"							UTL232	1		UTL232	MG			ANTO87
UTL232B							30	"2026-05-06 12:54:28"							UTL232	2		UTL232	MG			ANTO87
UTL232B							30	"2026-05-07 06:25:15"							UTL232	3		UTL232	MG			ANTO87
UTL232B							30	"2026-05-06 14:42:27"							UTL232	4		UTL232	MG			ANTO87
UTL232B							30	"2026-05-11 06:36:32"							UTL232	5		UTL232	MG			ANTO87
UTL233A							30	"2026-05-12 06:44:25"							UTL233	1		UTL233	MG			ANTO87
UTL233A				192130			30	"2026-05-12 07:39:24"					"Hallbergs Färg AB"		UTL233	2		UTL233	MG			ANTO87
UTL233A							30	"2026-05-07 06:25:16"							UTL233	3		UTL233	MG			ANTO87
UTL233A							30	"2026-05-08 06:07:53"							UTL233	4		UTL233	MG			ANTO87
UTL233A							30	"2026-05-11 06:36:32"							UTL233	5		UTL233	MG			ANTO87
UTL233B							30	"2026-05-12 06:44:25"							UTL233	1		UTL233	MG			ANTO87
UTL233B							30	"2026-05-06 12:54:28"							UTL233	2		UTL233	MG			ANTO87
UTL233B							30	"2026-05-07 06:25:16"							UTL233	3		UTL233	MG			ANTO87
UTL233B							30	"2026-05-08 06:07:53"							UTL233	4		UTL233	MG			ANTO87
UTL233B							30	"2026-05-11 06:36:32"							UTL233	5		UTL233	MG			ANTO87
UTL234A							30	"2026-05-12 06:44:25"							UTL234	1		UTL234	MG			ANTO87
UTL234A				484434			30	"2026-05-12 07:39:24"					"Colorama Rimbo"		UTL234	2		UTL234	MG			ANTO87
UTL234A							30	"2026-05-07 06:25:16"							UTL234	3		UTL234	MG			ANTO87
UTL234A							30	"2026-05-08 06:07:53"							UTL234	4		UTL234	MG			ANTO87
UTL234A							30	"2026-05-11 06:36:32"							UTL234	5		UTL234	MG			ANTO87
UTL234B							30	"2026-05-12 06:44:25"							UTL234	1		UTL234	MG			ANTO87
UTL234B							30	"2026-05-06 12:54:28"							UTL234	2		UTL234	MG			ANTO87
UTL234B							30	"2026-05-07 06:25:16"							UTL234	3		UTL234	MG			ANTO87
UTL234B							30	"2026-05-08 06:07:53"							UTL234	4		UTL234	MG			ANTO87
UTL234B							30	"2026-05-11 06:36:32"							UTL234	5		UTL234	MG			ANTO87
UTL235A							30	"2026-05-05 06:21:41"							UTL235	1		UTL235	MG			ANTO87
UTL235A				192186			30	"2026-05-12 07:39:24"					"Happy Homes Upsala Färg"		UTL235	2		UTL235	MG			ANTO87
UTL235A							30	"2026-05-07 06:25:16"							UTL235	3		UTL235	MG			ANTO87
UTL235A							30	"2026-05-06 14:42:27"							UTL235	4		UTL235	MG			ANTO87
UTL235A							30	"2026-05-11 06:36:32"							UTL235	5		UTL235	MG			ANTO87
UTL235B							30	"2026-05-12 06:44:25"							UTL235	1		UTL235	MG			ANTO87
UTL235B							30	"2026-05-06 12:54:28"							UTL235	2		UTL235	MG			ANTO87
UTL235B				166			30	"2026-05-13 12:56:03"					"Handelsgruppen  Malung"		UTL235	3	"B Gustavssons"	UTL235	MG			ANTO87
UTL235B							30	"2026-05-13 12:56:11"							UTL235	4		UTL235	MG			ANTO87
UTL235B							30	"2026-05-08 13:54:47"							UTL235	5		UTL235	MG			ANTO87
UTL236A							30	"2026-05-05 06:21:41"							UTL236	1		UTL236	MG			ANTO87
UTL236A				192186			30	"2026-05-12 07:39:24"					"Happy Homes Upsala Färg"		UTL236	2		UTL236	MG			ANTO87
UTL236A							30	"2026-05-07 06:25:16"							UTL236	3		UTL236	MG			ANTO87
UTL236A							30	"2026-05-06 14:42:27"							UTL236	4		UTL236	MG			ANTO87
UTL236A							30	"2026-05-11 06:36:32"							UTL236	5		UTL236	MG			ANTO87
UTL236B							30	"2026-05-12 06:44:25"							UTL236	1		UTL236	MG			ANTO87
UTL236B							30	"2026-05-06 12:54:28"							UTL236	2		UTL236	MG			ANTO87
UTL236B				168			30	"2026-05-13 12:56:03"					"Handelsgruppen Vansbro"		UTL236	3	"B Gustavssons"	UTL236	MG			ANTO87
UTL236B							30	"2026-05-13 12:56:11"							UTL236	4		UTL236	MG			ANTO87
UTL236B							30	"2026-05-08 13:54:47"							UTL236	5		UTL236	MG			ANTO87
UTL237A							30	"2026-05-05 06:21:41"							UTL237	1		UTL237	MG			ANTO87
UTL237A				192186			30	"2026-05-12 07:39:24"					"Happy Homes Upsala Färg"		UTL237	2		UTL237	MG			ANTO87
UTL237A				413			30	"2026-05-13 07:21:15"					"Bolist Ljungaverk"		UTL237	3	"Sandahls 19 Sundsvall"	UTL237	MG			ANTO87
UTL237A							30	"2026-05-06 14:42:28"							UTL237	4		UTL237	MG			ANTO87
UTL237A							30	"2026-05-11 06:36:32"							UTL237	5		UTL237	MG			ANTO87
UTL237B							30	"2026-05-12 06:44:25"							UTL237	1		UTL237	MG			ANTO87
UTL237B							30	"2026-05-06 12:54:29"							UTL237	2		UTL237	MG			ANTO87
UTL237B				110			30	"2026-05-13 12:56:03"					"Bolist Västanhede"		UTL237	3	"B Gustavssons"	UTL237	MG			ANTO87
UTL237B							30	"2026-05-13 12:56:11"							UTL237	4		UTL237	MG			ANTO87
UTL237B							30	"2026-05-08 13:54:47"							UTL237	5		UTL237	MG			ANTO87
UTL238A							30	"2026-05-05 06:21:41"							UTL238	1		UTL238	MG			ANTO87
UTL238A				192186			30	"2026-05-12 07:39:24"					"Happy Homes Upsala Färg"		UTL238	2		UTL238	MG			ANTO87
UTL238A				282			30	"2026-05-13 07:21:15"					"Bolist Stugun"		UTL238	3	"Sandahls 20 Sundsvall"	UTL238	MG			ANTO87
UTL238A							30	"2026-05-08 06:07:53"							UTL238	4		UTL238	MG			ANTO87
UTL238A							30	"2026-05-11 06:36:32"							UTL238	5		UTL238	MG			ANTO87
UTL238B							30	"2026-05-12 06:44:25"							UTL238	1		UTL238	MG			ANTO87
UTL238B							30	"2026-05-06 12:54:29"							UTL238	2		UTL238	MG			ANTO87
UTL238B							30	"2026-05-07 06:25:16"							UTL238	3		UTL238	MG			ANTO87
UTL238B							30	"2026-05-08 06:07:53"							UTL238	4		UTL238	MG			ANTO87
UTL238B							30	"2026-05-08 13:54:48"							UTL238	5		UTL238	MG			ANTO87
UTL239A							30	"2026-04-28 06:54:39"							UTL239	1		UTL239	MG			ANTO87
UTL239A				484645			30	"2026-05-12 07:39:24"					"Colorama Karlskoga"		UTL239	2		UTL239	MG			ANTO87
UTL239A				192			30	"2026-05-13 07:21:15"					"Bolist Svenstavik"		UTL239	3	"Sandahls 20 Sundsvall"	UTL239	MG			ANTO87
UTL239A							30	"2026-05-08 06:07:53"							UTL239	4		UTL239	MG			ANTO87
UTL239A							30	"2026-05-11 06:36:33"							UTL239	5		UTL239	MG			ANTO87
UTL239B							30	"2026-05-12 06:44:25"							UTL239	1		UTL239	MG			ANTO87
UTL239B							30	"2026-05-06 12:54:29"							UTL239	2		UTL239	MG			ANTO87
UTL239B							30	"2026-05-07 06:25:16"							UTL239	3		UTL239	MG			ANTO87
UTL239B							30	"2026-05-08 06:07:53"							UTL239	4		UTL239	MG			ANTO87
UTL239B							30	"2026-05-08 13:54:48"							UTL239	5		UTL239	MG			ANTO87
UTL23A							30	"2026-05-11 17:02:24"							UTL23A	1		UTL23	GG			FILI10
UTL23A				433			30	"2026-05-12 15:32:04"					"Granngården Västerås"		UTL23A	2		UTL23	GG			FILI10
UTL23A							30	"2026-05-13 16:23:26"							UTL23A	3		UTL23	GG			FILI10
UTL23A							30	"2026-05-11 17:02:24"							UTL23A	4		UTL23	GG			FILI10
UTL23A							30	"2026-05-11 17:02:25"							UTL23A	5		UTL23	GG			FILI10
UTL23A							30	"2026-05-11 17:02:25"							UTL23A	6		UTL23	GG			
UTL23A							30	"2026-05-11 17:02:25"							UTL23A	7		UTL23	GG			
UTL23B							30	"2026-05-11 17:02:25"							UTL23B	1		UTL23	GG			FILI10
UTL23B							30	"2026-04-14 11:49:23"							UTL23B	2		UTL23	GG			FILI10
UTL23B							30	"2026-05-11 17:02:25"							UTL23B	3		UTL23	GG			FILI10
UTL23B							30	"2026-05-11 17:02:25"							UTL23B	4		UTL23	GG			FILI10
UTL23B							30	"2026-05-11 17:02:25"							UTL23B	5		UTL23	GG			FILI10
UTL23B							30	"2026-05-11 17:02:25"							UTL23B	6		UTL23	GG			
UTL23B							30	"2026-05-11 17:02:25"							UTL23B	7		UTL23	GG			
UTL240A							30	"2026-04-28 06:54:39"							UTL240	1		UTL240	MG			ANTO87
UTL240A							30	"2026-05-05 19:04:29"							UTL240	2		UTL240	MG			ANTO87
UTL240A				182			30	"2026-05-13 07:21:15"					"Bolist Järpen"		UTL240	3	"Sandahls 20 Sundsvall"	UTL240	MG			ANTO87
UTL240A							30	"2026-05-08 06:07:53"							UTL240	4		UTL240	MG			ANTO87
UTL240A							30	"2026-05-11 06:36:33"							UTL240	5		UTL240	MG			ANTO87
UTL240B							30	"2026-05-05 06:21:41"							UTL240	1		UTL240	MG			ANTO87
UTL240B							30	"2026-05-06 12:54:29"							UTL240	2		UTL240	MG			ANTO87
UTL240B							30	"2026-05-07 06:25:16"							UTL240	3		UTL240	MG			ANTO87
UTL240B							30	"2026-05-08 06:07:53"							UTL240	4		UTL240	MG			ANTO87
UTL240B							30	"2026-05-08 13:54:48"							UTL240	5		UTL240	MG			ANTO87
UTL241A							30	"2026-04-28 06:54:39"							UTL241	1		UTL241	MG			ANTO87
UTL241A				192194			30	"2026-05-12 07:39:24"					"Runes Färger AB"		UTL241	2		UTL241	MG			ANTO87
UTL241A				400			30	"2026-05-13 07:21:15"					"Bolist Byggnadsnickerier Krokom"		UTL241	3	"Sandahls 20 Sundsvall"	UTL241	MG			ANTO87
UTL241A							30	"2026-05-08 06:07:53"							UTL241	4		UTL241	MG			ANTO87
UTL241A							30	"2026-05-11 06:36:33"							UTL241	5		UTL241	MG			ANTO87
UTL241B							30	"2026-05-12 06:44:25"							UTL241	1		UTL241	MG			ANTO87
UTL241B							30	"2026-05-06 12:54:29"							UTL241	2		UTL241	MG			ANTO87
UTL241B							30	"2026-05-07 06:25:16"							UTL241	3		UTL241	MG			ANTO87
UTL241B							30	"2026-05-08 06:07:53"							UTL241	4		UTL241	MG			ANTO87
UTL241B							30	"2026-05-07 14:18:03"							UTL241	5		UTL241	MG			ANTO87
UTL242A							30	"2026-04-28 06:54:39"							UTL242	1		UTL242	MG			ANTO87
UTL242A				192194			30	"2026-05-12 07:39:24"					"Runes Färger AB"		UTL242	2		UTL242	MG			ANTO87
UTL242A				400			30	"2026-05-13 07:21:15"					"Bolist Byggnadsnickerier Krokom"		UTL242	3	"Sandahls 20 Sundsvall"	UTL242	MG			ANTO87
UTL242A							30	"2026-05-08 06:07:53"							UTL242	4		UTL242	MG			ANTO87
UTL242A							30	"2026-05-11 06:36:33"							UTL242	5		UTL242	MG			ANTO87
UTL242B							30	"2026-05-12 06:44:25"							UTL242	1		UTL242	MG			ANTO87
UTL242B							30	"2026-05-06 12:54:29"							UTL242	2		UTL242	MG			ANTO87
UTL242B							30	"2026-05-07 06:25:17"							UTL242	3		UTL242	MG			ANTO87
UTL242B							30	"2026-05-08 06:07:53"							UTL242	4		UTL242	MG			ANTO87
UTL242B							30	"2026-05-07 14:18:03"							UTL242	5		UTL242	MG			ANTO87
UTL243A							30	"2026-05-12 06:44:25"							UTL243	1		UTL243	MG			ANTO87
UTL243A				133358			30	"2026-05-12 07:39:24"					"Mal proff Örebro"		UTL243	2		UTL243	MG			ANTO87
UTL243A							30	"2026-05-07 06:25:17"							UTL243	3		UTL243	MG			ANTO87
UTL243A							30	"2026-05-06 14:42:28"							UTL243	4		UTL243	MG			ANTO87
UTL243A							30	"2026-05-11 06:36:33"							UTL243	5		UTL243	MG			ANTO87
UTL243B							30	"2026-05-12 06:44:25"							UTL243	1		UTL243	MG			ANTO87
UTL243B							30	"2026-05-06 12:54:29"							UTL243	2		UTL243	MG			ANTO87
UTL243B				197			30	"2026-05-13 12:56:03"					"Bolist Älvdalen"		UTL243	3	"B Gustavssons"	UTL243	MG			ANTO87
UTL243B							30	"2026-05-13 12:56:11"							UTL243	4		UTL243	MG			ANTO87
UTL243B							30	"2026-05-11 06:36:33"							UTL243	5		UTL243	MG			ANTO87
UTL244A							30	"2026-05-12 06:44:25"							UTL244	1		UTL244	MG			ANTO87
UTL244A				133358			30	"2026-05-12 07:39:24"					"Mal proff Örebro"		UTL244	2		UTL244	MG			ANTO87
UTL244A							30	"2026-05-07 06:25:17"							UTL244	3		UTL244	MG			ANTO87
UTL244A							30	"2026-05-08 06:07:54"							UTL244	4		UTL244	MG			ANTO87
UTL244A							30	"2026-05-11 06:36:33"							UTL244	5		UTL244	MG			ANTO87
UTL244B							30	"2026-05-12 06:44:25"							UTL244	1		UTL244	MG			ANTO87
UTL244B							30	"2026-05-06 12:54:29"							UTL244	2		UTL244	MG			ANTO87
UTL244B				197			30	"2026-05-13 12:56:03"					"Bolist Älvdalen"		UTL244	3	"B Gustavssons"	UTL244	MG			ANTO87
UTL244B							30	"2026-05-13 12:56:11"							UTL244	4		UTL244	MG			ANTO87
UTL244B							30	"2026-05-11 06:36:33"							UTL244	5		UTL244	MG			ANTO87
UTL245A							30	"2026-05-12 06:44:26"							UTL245	1		UTL245	MG			ANTO87
UTL245A				133358			30	"2026-05-12 07:39:24"					"Mal proff Örebro"		UTL245	2		UTL245	MG			ANTO87
UTL245A							30	"2026-05-07 06:25:17"							UTL245	3		UTL245	MG			ANTO87
UTL245A							30	"2026-05-08 06:07:54"							UTL245	4		UTL245	MG			ANTO87
UTL245A							30	"2026-05-11 06:36:33"							UTL245	5		UTL245	MG			ANTO87
UTL245B							30	"2026-05-12 06:44:26"							UTL245	1		UTL245	MG			ANTO87
UTL245B							30	"2026-05-06 12:54:29"							UTL245	2		UTL245	MG			ANTO87
UTL245B				197			30	"2026-05-13 12:56:03"					"Bolist Älvdalen"		UTL245	3	"B Gustavssons"	UTL245	MG			ANTO87
UTL245B							30	"2026-05-13 12:56:11"							UTL245	4		UTL245	MG			ANTO87
UTL245B							30	"2026-05-11 06:36:33"							UTL245	5		UTL245	MG			ANTO87
UTL246A							30	"2026-05-12 06:44:26"							UTL246	1		UTL246	MG			ANTO87
UTL246A				133358			30	"2026-05-12 07:39:24"					"Mal proff Örebro"		UTL246	2		UTL246	MG			ANTO87
UTL246A							30	"2026-05-07 06:25:17"							UTL246	3		UTL246	MG			ANTO87
UTL246A							30	"2026-05-08 06:07:54"							UTL246	4		UTL246	MG			ANTO87
UTL246A							30	"2026-05-11 06:36:33"							UTL246	5		UTL246	MG			ANTO87
UTL246B							30	"2026-05-12 06:44:26"							UTL246	1		UTL246	MG			ANTO87
UTL246B							30	"2026-05-06 12:54:29"							UTL246	2		UTL246	MG			ANTO87
UTL246B				192148			30	"2026-05-13 12:56:03"					"AB LO Johnsson"		UTL246	3	"B Gustavssons"	UTL246	MG			ANTO87
UTL246B							30	"2026-05-13 12:56:11"							UTL246	4		UTL246	MG			ANTO87
UTL246B							30	"2026-05-11 06:36:33"							UTL246	5		UTL246	MG			ANTO87
UTL247A							30	"2026-05-12 06:44:26"							UTL247	1		UTL247	MG			ANTO87
UTL247A				133358			30	"2026-05-12 07:39:24"					"Mal proff Örebro"		UTL247	2		UTL247	MG			ANTO87
UTL247A							30	"2026-05-07 06:25:17"							UTL247	3		UTL247	MG			ANTO87
UTL247A							30	"2026-05-08 06:07:54"							UTL247	4		UTL247	MG			ANTO87
UTL247A							30	"2026-05-11 06:36:33"							UTL247	5		UTL247	MG			ANTO87
UTL247B							30	"2026-05-12 06:44:26"							UTL247	1		UTL247	MG			ANTO87
UTL247B							30	"2026-05-06 12:54:29"							UTL247	2		UTL247	MG			ANTO87
UTL247B				192148			30	"2026-05-13 12:56:03"					"AB LO Johnsson"		UTL247	3	"B Gustavssons"	UTL247	MG			ANTO87
UTL247B							30	"2026-05-13 12:56:11"							UTL247	4		UTL247	MG			ANTO87
UTL247B							30	"2026-05-11 06:36:33"							UTL247	5		UTL247	MG			ANTO87
UTL248A							30	"2026-05-12 06:44:26"							UTL248	1		UTL248	MG			ANTO87
UTL248A				133358			30	"2026-05-12 07:39:24"					"Mal proff Örebro"		UTL248	2		UTL248	MG			ANTO87
UTL248A							30	"2026-05-07 06:25:17"							UTL248	3		UTL248	MG			ANTO87
UTL248A							30	"2026-05-08 06:07:54"							UTL248	4		UTL248	MG			ANTO87
UTL248A							30	"2026-05-11 06:36:33"							UTL248	5		UTL248	MG			ANTO87
UTL248B							30	"2026-05-12 06:44:26"							UTL248	1		UTL248	MG			ANTO87
UTL248B							30	"2026-05-06 12:54:29"							UTL248	2		UTL248	MG			ANTO87
UTL248B				192148			30	"2026-05-13 12:56:03"					"AB LO Johnsson"		UTL248	3	"B Gustavssons"	UTL248	MG			ANTO87
UTL248B							30	"2026-05-13 12:56:11"							UTL248	4		UTL248	MG			ANTO87
UTL248B							30	"2026-05-11 06:36:33"							UTL248	5		UTL248	MG			ANTO87
UTL249A							30	"2026-05-12 06:44:26"							UTL249	1		UTL249	MG			ANTO87
UTL249A				640			30	"2026-05-12 07:39:24"					"XL-BYGG Byggbiten Nossebro"		UTL249	2		UTL249	MG			ANTO87
UTL249A				433			30	"2026-05-13 07:21:15"					"Bolist Nyqvist Byggvaruhandel"		UTL249	3	"Sandahls 19 Sundsvall"	UTL249	MG			ANTO87
UTL249A							30	"2026-05-08 06:07:54"							UTL249	4		UTL249	MG			ANTO87
UTL249A							30	"2026-05-11 06:36:34"							UTL249	5		UTL249	MG			ANTO87
UTL249B							30	"2026-05-12 06:44:26"							UTL249	1		UTL249	MG			ANTO87
UTL249B							30	"2026-05-06 12:54:29"							UTL249	2		UTL249	MG			ANTO87
UTL249B							30	"2026-05-07 06:25:17"							UTL249	3		UTL249	MG			ANTO87
UTL249B							30	"2026-05-08 06:07:54"							UTL249	4		UTL249	MG			ANTO87
UTL249B							30	"2026-05-11 06:36:34"							UTL249	5		UTL249	MG			ANTO87
UTL24A							30	"2026-05-11 17:02:25"							UTL24A	1		UTL24	GG			FILI10
UTL24A				433			30	"2026-05-12 15:32:04"					"Granngården Västerås"		UTL24A	2		UTL24	GG			FILI10
UTL24A							30	"2026-05-13 16:23:26"							UTL24A	3		UTL24	GG			FILI10
UTL24A							30	"2026-05-11 17:02:25"							UTL24A	4		UTL24	GG			FILI10
UTL24A							30	"2026-05-11 17:02:25"							UTL24A	5		UTL24	GG			FILI10
UTL24A							30	"2026-05-11 17:02:25"							UTL24A	6		UTL24	GG			
UTL24A							30	"2026-05-11 17:02:25"							UTL24A	7		UTL24	GG			
UTL24B							30	"2026-05-11 17:02:25"							UTL24B	1		UTL24	GG			FILI10
UTL24B							30	"2026-04-14 11:49:23"							UTL24B	2		UTL24	GG			FILI10
UTL24B							30	"2026-05-11 17:02:25"							UTL24B	3		UTL24	GG			FILI10
UTL24B							30	"2026-05-11 17:02:25"							UTL24B	4		UTL24	GG			FILI10
UTL24B							30	"2026-05-11 17:02:26"							UTL24B	5		UTL24	GG			OSCA45
UTL24B							30	"2026-05-11 17:02:26"							UTL24B	6		UTL24	GG			
UTL24B							30	"2026-05-11 17:02:26"							UTL24B	7		UTL24	GG			
UTL250A							30	"2026-05-12 06:44:26"							UTL250	1		UTL250	MG			ANTO87
UTL250A				640			30	"2026-05-12 07:39:24"					"XL-BYGG Byggbiten Nossebro"		UTL250	2		UTL250	MG			ANTO87
UTL250A				433			30	"2026-05-13 07:21:15"					"Bolist Nyqvist Byggvaruhandel"		UTL250	3	"Sandahls 19 Sundsvall"	UTL250	MG			ANTO87
UTL250A							30	"2026-05-08 06:07:54"							UTL250	4		UTL250	MG			ANTO87
UTL250A							30	"2026-05-11 06:36:34"							UTL250	5		UTL250	MG			ANTO87
UTL250B							30	"2026-05-12 06:44:26"							UTL250	1		UTL250	MG			ANTO87
UTL250B							30	"2026-05-06 12:54:29"							UTL250	2		UTL250	MG			ANTO87
UTL250B							30	"2026-05-07 06:25:18"							UTL250	3		UTL250	MG			ANTO87
UTL250B							30	"2026-05-08 06:07:54"							UTL250	4		UTL250	MG			ANTO87
UTL250B							30	"2026-05-11 06:36:34"							UTL250	5		UTL250	MG			ANTO87
UTL251A							30	"2026-05-12 06:44:26"							UTL251	1		UTL251	MG			ANTO87
UTL251A				476			30	"2026-05-12 07:39:24"					"Strömstad Järn & Fritid"		UTL251	2		UTL251	MG			ANTO87
UTL251A				433			30	"2026-05-13 07:21:15"					"Bolist Nyqvist Byggvaruhandel"		UTL251	3	"Sandahls 19 Sundsvall"	UTL251	MG			ANTO87
UTL251A							30	"2026-05-08 06:07:54"							UTL251	4		UTL251	MG			ANTO87
UTL251A							30	"2026-05-11 06:36:34"							UTL251	5		UTL251	MG			ANTO87
UTL251B							30	"2026-05-12 06:44:26"							UTL251	1		UTL251	MG			ANTO87
UTL251B							30	"2026-05-06 12:54:29"							UTL251	2		UTL251	MG			ANTO87
UTL251B							30	"2026-05-07 06:25:18"							UTL251	3		UTL251	MG			ANTO87
UTL251B							30	"2026-05-08 06:07:54"							UTL251	4		UTL251	MG			ANTO87
UTL251B							30	"2026-05-11 06:36:34"							UTL251	5		UTL251	MG			ANTO87
UTL252A							30	"2026-05-12 06:44:26"							UTL252	1		UTL252	MG			ANTO87
UTL252A				476			30	"2026-05-12 07:39:24"					"Strömstad Järn & Fritid"		UTL252	2		UTL252	MG			ANTO87
UTL252A				433			30	"2026-05-13 07:21:15"					"Bolist Nyqvist Byggvaruhandel"		UTL252	3	"Sandahls 19 Sundsvall"	UTL252	MG			ANTO87
UTL252A							30	"2026-05-08 06:07:55"							UTL252	4		UTL252	MG			ANTO87
UTL252A							30	"2026-05-11 06:36:34"							UTL252	5		UTL252	MG			ANTO87
UTL252B							30	"2026-05-12 06:44:26"							UTL252	1		UTL252	MG			ANTO87
UTL252B							30	"2026-05-06 12:54:29"							UTL252	2		UTL252	MG			ANTO87
UTL252B							30	"2026-05-07 06:25:18"							UTL252	3		UTL252	MG			ANTO87
UTL252B							30	"2026-05-08 06:07:55"							UTL252	4		UTL252	MG			ANTO87
UTL252B							30	"2026-05-11 06:36:34"							UTL252	5		UTL252	MG			ANTO87
UTL253A							30	"2026-05-12 06:44:26"							UTL253	1		UTL253	MG			ANTO87
UTL253A				192206			30	"2026-05-12 07:39:24"					"Happy Homes Luleå"		UTL253	2		UTL253	MG			ANTO87
UTL253A							30	"2026-05-07 06:25:18"							UTL253	3		UTL253	MG			ANTO87
UTL253A							30	"2026-05-08 06:07:55"							UTL253	4		UTL253	MG			ANTO87
UTL253A							30	"2026-05-07 14:18:05"							UTL253	5		UTL253	MG			ANTO87
UTL253B							30	"2026-05-05 06:21:42"							UTL253	1		UTL253	MG			ANTO87
UTL253B							30	"2026-05-06 12:54:29"							UTL253	2		UTL253	MG			ANTO87
UTL253B				4843657			30	"2026-05-13 12:56:03"					"Colorama Vårgårda"		UTL253	3	"B Äktab"	UTL253	MG			ANTO87
UTL253B							30	"2026-05-13 12:56:11"							UTL253	4		UTL253	MG			ANTO87
UTL253B							30	"2026-05-11 06:36:34"							UTL253	5		UTL253	MG			ANTO87
UTL254A							30	"2026-05-12 06:44:26"							UTL254	1		UTL254	MG			ANTO87
UTL254A				192206			30	"2026-05-12 07:39:24"					"Happy Homes Luleå"		UTL254	2		UTL254	MG			ANTO87
UTL254A							30	"2026-05-07 06:25:18"							UTL254	3		UTL254	MG			ANTO87
UTL254A							30	"2026-05-08 06:07:55"							UTL254	4		UTL254	MG			ANTO87
UTL254A							30	"2026-05-07 14:18:05"							UTL254	5		UTL254	MG			ANTO87
UTL254B							30	"2026-05-05 06:21:42"							UTL254	1		UTL254	MG			ANTO87
UTL254B							30	"2026-05-06 12:54:29"							UTL254	2		UTL254	MG			ANTO87
UTL254B				650			30	"2026-05-13 12:56:03"					"XL-BYGG Vårgårda"		UTL254	3	"B Äktab"	UTL254	MG			ANTO87
UTL254B							30	"2026-05-13 12:56:11"							UTL254	4		UTL254	MG			ANTO87
UTL254B							30	"2026-05-11 06:36:34"							UTL254	5		UTL254	MG			ANTO87
UTL255A							30	"2026-05-12 06:44:26"							UTL255	1		UTL255	MG			ANTO87
UTL255A				484503			30	"2026-05-12 07:39:24"					"Colorama Älvsbyn"		UTL255	2		UTL255	MG			ANTO87
UTL255A							30	"2026-05-07 06:25:18"							UTL255	3		UTL255	MG			ANTO87
UTL255A							30	"2026-05-08 06:07:55"							UTL255	4		UTL255	MG			ANTO87
UTL255A							30	"2026-05-07 14:18:05"							UTL255	5		UTL255	MG			ANTO87
UTL255B							30	"2026-05-05 06:21:42"							UTL255	1		UTL255	MG			ANTO87
UTL255B							30	"2026-05-06 12:54:29"							UTL255	2		UTL255	MG			ANTO87
UTL255B				266			30	"2026-05-13 12:56:03"					"Slöinge trä"		UTL255	3	"B Äktab"	UTL255	MG			ANTO87
UTL255B							30	"2026-05-13 12:56:11"							UTL255	4		UTL255	MG			ANTO87
UTL255B							30	"2026-05-11 06:36:34"							UTL255	5		UTL255	MG			ANTO87
UTL256A							30	"2026-05-11 15:14:48"							UTL256	1		UTL256	MG			ANTO87
UTL256A				484073			30	"2026-05-12 07:39:24"					"Colorama Piteå"		UTL256	2		UTL256	MG			ANTO87
UTL256A							30	"2026-05-07 06:25:18"							UTL256	3		UTL256	MG			ANTO87
UTL256A							30	"2026-05-08 06:07:55"							UTL256	4		UTL256	MG			ANTO87
UTL256A							30	"2026-05-07 14:18:05"							UTL256	5		UTL256	MG			ANTO87
UTL256B							30	"2026-05-05 06:21:42"							UTL256	1		UTL256	MG			ANTO87
UTL256B							30	"2026-05-06 12:54:30"							UTL256	2		UTL256	MG			ANTO87
UTL256B				192100			30	"2026-05-13 12:56:03"					"Färgtrend i Alingsås AB"		UTL256	3	"B Äktab"	UTL256	MG			ANTO87
UTL256B							30	"2026-05-13 12:56:12"							UTL256	4		UTL256	MG			ANTO87
UTL256B							30	"2026-05-11 06:36:34"							UTL256	5		UTL256	MG			ANTO87
UTL257A							30	"2026-05-12 06:44:27"							UTL257	1		UTL257	MG			ANTO87
UTL257A				236			30	"2026-05-12 07:39:24"					"Bolist Övertorneå"		UTL257	2		UTL257	MG			ANTO87
UTL257A							30	"2026-05-07 06:25:18"							UTL257	3		UTL257	MG			ANTO87
UTL257A							30	"2026-05-08 06:07:55"							UTL257	4		UTL257	MG			ANTO87
UTL257A							30	"2026-05-07 14:18:05"							UTL257	5		UTL257	MG			ANTO87
UTL257B							30	"2026-05-05 06:21:42"							UTL257	1		UTL257	MG			ANTO87
UTL257B							30	"2026-05-06 12:54:30"							UTL257	2		UTL257	MG			ANTO87
UTL257B				663			30	"2026-05-13 12:56:03"					"XL-BYGG TL Byggvaror Falkenberg"		UTL257	3	"B Äktab"	UTL257	MG			ANTO87
UTL257B							30	"2026-05-13 12:56:12"							UTL257	4		UTL257	MG			ANTO87
UTL257B							30	"2026-05-11 06:36:34"							UTL257	5		UTL257	MG			ANTO87
UTL258A							30	"2026-05-12 06:44:27"							UTL258	1		UTL258	MG			ANTO87
UTL258A				236			30	"2026-05-12 07:39:24"					"Bolist Övertorneå"		UTL258	2		UTL258	MG			ANTO87
UTL258A							30	"2026-05-07 06:25:19"							UTL258	3		UTL258	MG			ANTO87
UTL258A							30	"2026-05-08 06:07:55"							UTL258	4		UTL258	MG			ANTO87
UTL258A							30	"2026-05-07 14:18:05"							UTL258	5		UTL258	MG			ANTO87
UTL258B							30	"2026-05-12 06:44:27"							UTL258	1		UTL258	MG			ANTO87
UTL258B							30	"2026-05-06 12:54:30"							UTL258	2		UTL258	MG			ANTO87
UTL258B				451			30	"2026-05-13 12:56:03"					"Lerums Järnhandel"		UTL258	3	"B Äktab"	UTL258	MG			ANTO87
UTL258B							30	"2026-05-13 12:56:12"							UTL258	4		UTL258	MG			ANTO87
UTL258B							30	"2026-05-11 06:36:34"							UTL258	5		UTL258	MG			ANTO87
UTL259A							30	"2026-05-12 06:44:27"							UTL259	1		UTL259	MG			ANTO87
UTL259A				472			30	"2026-05-12 07:39:24"					"Bolist Larssons Järn"		UTL259	2		UTL259	MG			ANTO87
UTL259A							30	"2026-05-07 06:25:19"							UTL259	3		UTL259	MG			ANTO87
UTL259A							30	"2026-05-08 06:07:55"							UTL259	4		UTL259	MG			ANTO87
UTL259A							30	"2026-05-07 14:18:06"							UTL259	5		UTL259	MG			ANTO87
UTL259B							30	"2026-05-12 06:44:27"							UTL259	1		UTL259	MG			ANTO87
UTL259B							30	"2026-05-06 12:54:30"							UTL259	2		UTL259	MG			ANTO87
UTL259B				443			30	"2026-05-13 12:56:03"					"Sollebrunns Järnhandel"		UTL259	3	"B Äktab"	UTL259	MG			ANTO87
UTL259B							30	"2026-05-13 12:56:12"							UTL259	4		UTL259	MG			ANTO87
UTL259B							30	"2026-05-11 06:36:34"							UTL259	5		UTL259	MG			ANTO87
UTL25A							30	"2026-05-11 17:02:26"							UTL25A	1		UTL25	GG			FILI10
UTL25A				439			30	"2026-05-12 16:20:28"					"Granngården Södertälje"		UTL25A	2		UTL25	GG			FILI10
UTL25A				454			30	"2026-05-13 11:32:07"					"Granngården Skövde"		UTL25A	3		UTL25	GG			FILI10
UTL25A							30	"2026-05-11 17:02:26"							UTL25A	4		UTL25	GG			FILI10
UTL25A				454			30	"2026-05-13 11:32:07"					"Granngården Skövde"		UTL25A	5		UTL25	GG			FILI10
UTL25A							30	"2026-05-11 17:02:26"							UTL25A	6		UTL25	GG			
UTL25A							30	"2026-05-11 17:02:26"							UTL25A	7		UTL25	GG			
UTL25B							30	"2026-05-11 17:02:26"							UTL25B	1		UTL25	GG			FILI10
UTL25B							30	"2026-04-10 16:15:15"							UTL25B	2		UTL25	GG			FILI10
UTL25B							30	"2026-05-11 17:02:26"							UTL25B	3		UTL25	GG			FILI10
UTL25B							30	"2026-05-11 17:02:26"							UTL25B	4		UTL25	GG			FILI10
UTL25B							30	"2026-05-11 17:02:26"							UTL25B	5		UTL25	GG			OSCA45
UTL25B							30	"2026-05-11 17:02:26"							UTL25B	6		UTL25	GG			
UTL25B							30	"2026-05-11 17:02:26"							UTL25B	7		UTL25	GG			
UTL260A							30	"2026-05-12 06:44:27"							UTL260	1		UTL260	MG			ANTO87
UTL260A				496			30	"2026-05-12 07:39:24"					"BOLIST Gårdings Järnaffär"		UTL260	2		UTL260	MG			ANTO87
UTL260A							30	"2026-04-30 06:41:29"							UTL260	3		UTL260	MG			ANTO87
UTL260A							30	"2026-05-08 06:07:55"							UTL260	4		UTL260	MG			ANTO87
UTL260A							30	"2026-05-07 14:18:06"							UTL260	5		UTL260	MG			ANTO87
UTL260B							30	"2026-05-12 06:44:27"							UTL260	1		UTL260	MG			ANTO87
UTL260B							30	"2026-05-05 12:54:59"							UTL260	2		UTL260	MG			ANTO87
UTL260B				401			30	"2026-05-13 12:56:03"					"Skottorps Bygghandel"		UTL260	3	"B Äktab"	UTL260	MG			ANTO87
UTL260B							30	"2026-05-13 12:56:12"							UTL260	4		UTL260	MG			ANTO87
UTL260B							30	"2026-05-11 06:36:35"							UTL260	5		UTL260	MG			ANTO87
UTL261A							30	"2026-05-12 06:44:27"							UTL261	1		UTL261	MG			ANTO87
UTL261A				178			30	"2026-05-12 07:39:24"					"Bolist Bagge Bygg"		UTL261	2		UTL261	MG			ANTO87
UTL261A							30	"2026-05-07 06:25:19"							UTL261	3		UTL261	MG			ANTO87
UTL261A							30	"2026-05-08 06:07:55"							UTL261	4		UTL261	MG			ANTO87
UTL261A							30	"2026-05-07 14:18:06"							UTL261	5		UTL261	MG			ANTO87
UTL261B							30	"2026-05-12 06:44:27"							UTL261	1		UTL261	MG			ANTO87
UTL261B							30	"2026-05-06 12:54:30"							UTL261	2		UTL261	MG			ANTO87
UTL261B				484433			30	"2026-05-13 12:56:03"					"Colorama Partille"		UTL261	3	"B Äktab"	UTL261	MG			ANTO87
UTL261B							30	"2026-05-13 12:56:12"							UTL261	4		UTL261	MG			ANTO87
UTL261B							30	"2026-05-11 06:36:35"							UTL261	5		UTL261	MG			ANTO87
UTL262A							30	"2026-04-28 06:54:42"							UTL262	1		UTL262	MG			ANTO87
UTL262A				178			30	"2026-05-12 07:39:24"					"Bolist Bagge Bygg"		UTL262	2		UTL262	MG			ANTO87
UTL262A							30	"2026-05-07 06:25:19"							UTL262	3		UTL262	MG			ANTO87
UTL262A							30	"2026-05-08 06:07:55"							UTL262	4		UTL262	MG			ANTO87
UTL262A							30	"2026-05-07 14:18:06"							UTL262	5		UTL262	MG			ANTO87
UTL262B							30	"2026-05-12 06:44:27"							UTL262	1		UTL262	MG			ANTO87
UTL262B							30	"2026-05-06 12:54:30"							UTL262	2		UTL262	MG			ANTO87
UTL262B				484433			30	"2026-05-13 12:56:03"					"Colorama Partille"		UTL262	3	"B Äktab"	UTL262	MG			ANTO87
UTL262B							30	"2026-05-13 12:56:12"							UTL262	4		UTL262	MG			ANTO87
UTL262B							30	"2026-05-07 14:18:06"							UTL262	5		UTL262	MG			ANTO87
UTL263A							30	"2026-05-12 06:44:27"							UTL263	1		UTL263	MG			ANTO87
UTL263A				709			30	"2026-05-12 07:39:24"					"XL-BYGG Arvidsjaur"		UTL263	2		UTL263	MG			ANTO87
UTL263A							30	"2026-05-07 06:25:19"							UTL263	3		UTL263	MG			ANTO87
UTL263A							30	"2026-05-08 06:07:55"							UTL263	4		UTL263	MG			ANTO87
UTL263A							30	"2026-05-07 14:18:06"							UTL263	5		UTL263	MG			ANTO87
UTL263B							30	"2026-05-05 06:21:43"							UTL263	1		UTL263	MG			ANTO87
UTL263B							30	"2026-05-06 12:54:30"							UTL263	2		UTL263	MG			ANTO87
UTL263B				484438			30	"2026-05-13 12:56:03"					"Colorama Stenkullen"		UTL263	3	"B Äktab"	UTL263	MG			ANTO87
UTL263B							30	"2026-05-13 12:56:12"							UTL263	4		UTL263	MG			ANTO87
UTL263B							30	"2026-05-11 06:36:35"							UTL263	5		UTL263	MG			ANTO87
UTL264A							30	"2026-05-12 06:44:28"							UTL264	1		UTL264	MG			ANTO87
UTL264A				708			30	"2026-05-12 07:39:24"					"XL-BYGG Arjeplog"		UTL264	2		UTL264	MG			ANTO87
UTL264A							30	"2026-05-07 06:25:19"							UTL264	3		UTL264	MG			ANTO87
UTL264A							30	"2026-05-08 06:07:55"							UTL264	4		UTL264	MG			ANTO87
UTL264A							30	"2026-05-07 14:18:06"							UTL264	5		UTL264	MG			ANTO87
UTL264B							30	"2026-05-05 06:21:43"							UTL264	1		UTL264	MG			ANTO87
UTL264B							30	"2026-05-06 12:54:30"							UTL264	2		UTL264	MG			ANTO87
UTL264B				484438			30	"2026-05-13 12:56:03"					"Colorama Stenkullen"		UTL264	3	"B Äktab"	UTL264	MG			ANTO87
UTL264B							30	"2026-05-13 12:56:12"							UTL264	4		UTL264	MG			ANTO87
UTL264B							30	"2026-05-11 06:36:35"							UTL264	5		UTL264	MG			ANTO87
UTL265A							30	"2026-05-12 06:44:28"							UTL265	1		UTL265	MG			ANTO87
UTL265A				708			30	"2026-05-12 07:39:24"					"XL-BYGG Arjeplog"		UTL265	2		UTL265	MG			ANTO87
UTL265A							30	"2026-05-07 06:25:19"							UTL265	3		UTL265	MG			ANTO87
UTL265A							30	"2026-05-08 06:07:55"							UTL265	4		UTL265	MG			ANTO87
UTL265A							30	"2026-05-07 14:18:06"							UTL265	5		UTL265	MG			ANTO87
UTL265B							30	"2026-05-05 06:21:43"							UTL265	1		UTL265	MG			ANTO87
UTL265B							30	"2026-05-06 12:54:30"							UTL265	2		UTL265	MG			ANTO87
UTL265B				484438			30	"2026-05-13 12:56:03"					"Colorama Stenkullen"		UTL265	3	"B Äktab"	UTL265	MG			ANTO87
UTL265B							30	"2026-05-13 12:56:12"							UTL265	4		UTL265	MG			ANTO87
UTL265B							30	"2026-05-11 06:36:35"							UTL265	5		UTL265	MG			ANTO87
UTL266A							30	"2026-05-12 06:44:28"							UTL266	1		UTL266	MG			ANTO87
UTL266A				708			30	"2026-05-12 07:39:24"					"XL-BYGG Arjeplog"		UTL266	2		UTL266	MG			ANTO87
UTL266A							30	"2026-05-07 06:25:19"							UTL266	3		UTL266	MG			ANTO87
UTL266A							30	"2026-05-08 06:07:55"							UTL266	4		UTL266	MG			ANTO87
UTL266A							30	"2026-05-07 14:18:07"							UTL266	5		UTL266	MG			ANTO87
UTL266B							30	"2026-04-28 06:54:43"							UTL266	1		UTL266	MG			ANTO87
UTL266B							30	"2026-05-06 12:54:30"							UTL266	2		UTL266	MG			ANTO87
UTL266B				484676			30	"2026-05-13 12:56:03"					"Colorama Falkenberg"		UTL266	3	"B Äktab"	UTL266	MG			ANTO87
UTL266B							30	"2026-05-13 12:56:12"							UTL266	4		UTL266	MG			ANTO87
UTL266B							30	"2026-05-11 06:36:35"							UTL266	5		UTL266	MG			ANTO87
UTL267A							30	"2026-05-12 06:44:28"							UTL267	1		UTL267	MG			ANTO87
UTL267A				192102			30	"2026-05-12 07:39:24"					"Lundgrens Färg & Måleri i Arvidsjaur AB"		UTL267	2		UTL267	MG			ANTO87
UTL267A							30	"2026-05-07 06:25:20"							UTL267	3		UTL267	MG			ANTO87
UTL267A							30	"2026-05-08 06:07:55"							UTL267	4		UTL267	MG			ANTO87
UTL267A							30	"2026-05-07 14:18:07"							UTL267	5		UTL267	MG			ANTO87
UTL267B							30	"2026-05-05 06:21:43"							UTL267	1		UTL267	MG			ANTO87
UTL267B							30	"2026-05-06 12:54:30"							UTL267	2		UTL267	MG			ANTO87
UTL267B				484676			30	"2026-05-13 12:56:03"					"Colorama Falkenberg"		UTL267	3	"B Äktab"	UTL267	MG			ANTO87
UTL267B							30	"2026-05-13 12:56:12"							UTL267	4		UTL267	MG			ANTO87
UTL267B							30	"2026-05-11 06:36:35"							UTL267	5		UTL267	MG			ANTO87
UTL268A							30	"2026-05-12 06:44:28"							UTL268	1		UTL268	MG			ANTO87
UTL268A				621			30	"2026-05-12 07:39:24"					"XL-BYGG Siljan Mora"		UTL268	2		UTL268	MG			ANTO87
UTL268A							30	"2026-05-07 06:25:20"							UTL268	3		UTL268	MG			ANTO87
UTL268A							30	"2026-05-08 06:07:55"							UTL268	4		UTL268	MG			ANTO87
UTL268A							30	"2026-05-07 14:18:07"							UTL268	5		UTL268	MG			ANTO87
UTL268B							30	"2026-05-12 06:44:28"							UTL268	1		UTL268	MG			ANTO87
UTL268B							30	"2026-05-06 12:54:30"							UTL268	2		UTL268	MG			ANTO87
UTL268B				484676			30	"2026-05-13 12:56:03"					"Colorama Falkenberg"		UTL268	3	"B Äktab"	UTL268	MG			ANTO87
UTL268B							30	"2026-05-13 12:56:12"							UTL268	4		UTL268	MG			ANTO87
UTL268B							30	"2026-05-11 06:36:35"							UTL268	5		UTL268	MG			ANTO87
UTL269A							30	"2026-05-12 06:44:28"							UTL269	1		UTL269	MG			ANTO87
UTL269A				484159			30	"2026-05-12 07:39:24"					"Colorama Sundborn"		UTL269	2		UTL269	MG			ANTO87
UTL269A				402			30	"2026-05-13 07:21:15"					"Bolist Älvkarleby"		UTL269	3	"Smålands Logistik"	UTL269	MG			ANTO87
UTL269A							30	"2026-05-08 06:07:56"							UTL269	4		UTL269	MG			ANTO87
UTL269A							30	"2026-05-07 14:18:07"							UTL269	5		UTL269	MG			ANTO87
UTL269B							30	"2026-05-12 06:44:28"							UTL269	1		UTL269	MG			ANTO87
UTL269B				402			30	"2026-05-12 13:05:09"					"Bolist Älvkarleby"		UTL269	2		UTL269	MG			HUGO49
UTL269B							30	"2026-05-07 06:25:20"							UTL269	3		UTL269	MG			ANTO87
UTL269B							30	"2026-05-07 14:50:50"							UTL269	4		UTL269	MG			ANTO87
UTL269B							30	"2026-05-11 06:36:35"							UTL269	5		UTL269	MG			ANTO87
UTL26A							30	"2026-05-11 17:02:27"							UTL26A	1		UTL26	GG			FILI10
UTL26A				439			30	"2026-05-12 16:20:28"					"Granngården Södertälje"		UTL26A	2		UTL26	GG			FILI10
UTL26A				454			30	"2026-05-13 11:32:07"					"Granngården Skövde"		UTL26A	3		UTL26	GG			FILI10
UTL26A							30	"2026-05-11 17:02:27"							UTL26A	4		UTL26	GG			FILI10
UTL26A				454			30	"2026-05-13 11:32:07"					"Granngården Skövde"		UTL26A	5		UTL26	GG			FILI10
UTL26A							30	"2026-05-11 17:02:27"							UTL26A	6		UTL26	GG			
UTL26A							30	"2026-05-11 17:02:27"							UTL26A	7		UTL26	GG			
UTL26B							30	"2026-05-11 17:02:27"							UTL26B	1		UTL26	GG			OSCA45
UTL26B							30	"2026-04-10 16:15:16"							UTL26B	2		UTL26	GG			FILI10
UTL26B							30	"2026-05-11 17:02:27"							UTL26B	3		UTL26	GG			FILI10
UTL26B							30	"2026-05-11 17:02:27"							UTL26B	4		UTL26	GG			FILI10
UTL26B							30	"2026-05-11 17:02:27"							UTL26B	5		UTL26	GG			OSCA45
UTL26B							30	"2026-05-11 17:02:27"							UTL26B	6		UTL26	GG			
UTL26B							30	"2026-05-11 17:02:27"							UTL26B	7		UTL26	GG			
UTL270A							30	"2026-05-05 06:21:43"							UTL270	1		UTL270	MG			ANTO87
UTL270A				168			30	"2026-05-12 07:39:24"					"Handelsgruppen Vansbro"		UTL270	2		UTL270	MG			ANTO87
UTL270A				402			30	"2026-05-13 07:21:15"					"Bolist Älvkarleby"		UTL270	3	"Smålands Logistik"	UTL270	MG			ANTO87
UTL270A							30	"2026-05-08 06:07:56"							UTL270	4		UTL270	MG			ANTO87
UTL270A							30	"2026-05-07 14:18:07"							UTL270	5		UTL270	MG			ANTO87
UTL270B							30	"2026-05-12 06:44:28"							UTL270	1		UTL270	MG			ANTO87
UTL270B				402			30	"2026-05-12 13:05:09"					"Bolist Älvkarleby"		UTL270	2		UTL270	MG			HUGO49
UTL270B							30	"2026-05-07 06:25:20"							UTL270	3		UTL270	MG			ANTO87
UTL270B							30	"2026-05-06 14:42:32"							UTL270	4		UTL270	MG			ANTO87
UTL270B							30	"2026-05-07 14:18:07"							UTL270	5		UTL270	MG			ANTO87
UTL271A							30	"2026-05-05 06:21:44"							UTL271	1		UTL271	MG			ANTO87
UTL271A				166			30	"2026-05-12 07:39:24"					"Handelsgruppen  Malung"		UTL271	2		UTL271	MG			ANTO87
UTL271A				402			30	"2026-05-13 07:21:15"					"Bolist Älvkarleby"		UTL271	3	"Smålands Logistik"	UTL271	MG			ANTO87
UTL271A							30	"2026-05-08 06:07:56"							UTL271	4		UTL271	MG			ANTO87
UTL271A							30	"2026-05-07 14:18:07"							UTL271	5		UTL271	MG			ANTO87
UTL271B							30	"2026-05-12 06:44:28"							UTL271	1		UTL271	MG			ANTO87
UTL271B				402			30	"2026-05-12 13:05:09"					"Bolist Älvkarleby"		UTL271	2		UTL271	MG			HUGO49
UTL271B							30	"2026-05-07 06:25:20"							UTL271	3		UTL271	MG			ANTO87
UTL271B							30	"2026-05-06 14:42:32"							UTL271	4		UTL271	MG			ANTO87
UTL271B							30	"2026-05-07 14:18:07"							UTL271	5		UTL271	MG			ANTO87
UTL272A							30	"2026-05-05 06:21:44"							UTL272	1		UTL272	MG			ANTO87
UTL272A				484041			30	"2026-05-12 07:39:24"					"Colorama Hedemora"		UTL272	2		UTL272	MG			ANTO87
UTL272A				402			30	"2026-05-13 07:21:15"					"Bolist Älvkarleby"		UTL272	3	"Smålands Logistik"	UTL272	MG			ANTO87
UTL272A							30	"2026-05-08 06:07:56"							UTL272	4		UTL272	MG			ANTO87
UTL272A							30	"2026-05-07 14:18:07"							UTL272	5		UTL272	MG			ANTO87
UTL272B							30	"2026-05-12 06:44:28"							UTL272	1		UTL272	MG			ANTO87
UTL272B				402			30	"2026-05-12 13:05:09"					"Bolist Älvkarleby"		UTL272	2		UTL272	MG			HUGO49
UTL272B							30	"2026-05-07 06:25:21"							UTL272	3		UTL272	MG			ANTO87
UTL272B							30	"2026-05-06 14:42:32"							UTL272	4		UTL272	MG			ANTO87
UTL272B							30	"2026-05-07 14:18:07"							UTL272	5		UTL272	MG			ANTO87
UTL273A							30	"2026-05-05 06:21:44"							UTL273	1		UTL273	MG			ANTO87
UTL273A				180			30	"2026-05-12 07:39:24"					"Bolist Svärdsjö Järn"		UTL273	2		UTL273	MG			ANTO87
UTL273A				484621			30	"2026-05-13 07:21:15"					"Colorama Gävle"		UTL273	3	"Smålands Logistik"	UTL273	MG			ANTO87
UTL273A							30	"2026-05-08 06:07:56"							UTL273	4		UTL273	MG			ANTO87
UTL273A							30	"2026-05-11 06:36:35"							UTL273	5		UTL273	MG			ANTO87
UTL273B							30	"2026-05-12 06:44:28"							UTL273	1		UTL273	MG			ANTO87
UTL273B				484621			30	"2026-05-12 13:05:09"					"Colorama Gävle"		UTL273	2		UTL273	MG			HUGO49
UTL273B							30	"2026-05-07 06:25:21"							UTL273	3		UTL273	MG			ANTO87
UTL273B							30	"2026-05-08 06:07:56"							UTL273	4		UTL273	MG			ANTO87
UTL273B							30	"2026-05-07 14:18:07"							UTL273	5		UTL273	MG			ANTO87
UTL274A							30	"2026-05-05 06:21:44"							UTL274	1		UTL274	MG			ANTO87
UTL274A				192107			30	"2026-05-12 07:39:24"					"Happy Homes Borlänge AB"		UTL274	2		UTL274	MG			ANTO87
UTL274A				484621			30	"2026-05-13 07:21:15"					"Colorama Gävle"		UTL274	3	"Smålands Logistik"	UTL274	MG			ANTO87
UTL274A							30	"2026-05-08 06:07:56"							UTL274	4		UTL274	MG			ANTO87
UTL274A							30	"2026-05-11 06:36:35"							UTL274	5		UTL274	MG			ANTO87
UTL274B							30	"2026-05-12 06:44:28"							UTL274	1		UTL274	MG			ANTO87
UTL274B				484621			30	"2026-05-12 13:05:09"					"Colorama Gävle"		UTL274	2		UTL274	MG			HUGO49
UTL274B							30	"2026-05-07 06:25:21"							UTL274	3		UTL274	MG			ANTO87
UTL274B							30	"2026-05-08 06:07:56"							UTL274	4		UTL274	MG			ANTO87
UTL274B							30	"2026-05-07 14:18:07"							UTL274	5		UTL274	MG			ANTO87
UTL275A							30	"2026-05-05 06:21:44"							UTL275	1		UTL275	MG			ANTO87
UTL275A				192107			30	"2026-05-12 07:39:24"					"Happy Homes Borlänge AB"		UTL275	2		UTL275	MG			ANTO87
UTL275A							30	"2026-05-07 06:25:21"							UTL275	3		UTL275	MG			ANTO87
UTL275A							30	"2026-05-08 06:07:56"							UTL275	4		UTL275	MG			ANTO87
UTL275A							30	"2026-05-11 06:36:35"							UTL275	5		UTL275	MG			ANTO87
UTL275B							30	"2026-05-12 06:44:28"							UTL275	1		UTL275	MG			ANTO87
UTL275B							30	"2026-05-06 12:54:30"							UTL275	2		UTL275	MG			ANTO87
UTL275B							30	"2026-05-07 06:25:21"							UTL275	3		UTL275	MG			ANTO87
UTL275B							30	"2026-05-08 06:07:56"							UTL275	4		UTL275	MG			ANTO87
UTL275B							30	"2026-05-07 14:18:08"							UTL275	5		UTL275	MG			ANTO87
UTL276A							30	"2026-05-05 06:21:44"							UTL276	1		UTL276	MG			ANTO87
UTL276A				192107			30	"2026-05-12 07:39:24"					"Happy Homes Borlänge AB"		UTL276	2		UTL276	MG			ANTO87
UTL276A							30	"2026-05-07 06:25:21"							UTL276	3		UTL276	MG			ANTO87
UTL276A							30	"2026-05-08 06:07:56"							UTL276	4		UTL276	MG			ANTO87
UTL276A							30	"2026-05-11 06:36:35"							UTL276	5		UTL276	MG			ANTO87
UTL276B							30	"2026-05-12 06:44:28"							UTL276	1		UTL276	MG			ANTO87
UTL276B							30	"2026-05-06 12:54:31"							UTL276	2		UTL276	MG			ANTO87
UTL276B							30	"2026-05-07 06:25:21"							UTL276	3		UTL276	MG			ANTO87
UTL276B							30	"2026-05-08 06:07:56"							UTL276	4		UTL276	MG			ANTO87
UTL276B							30	"2026-05-07 14:18:08"							UTL276	5		UTL276	MG			ANTO87
UTL277A							30	"2026-05-05 06:21:44"							UTL277	1		UTL277	MG			ANTO87
UTL277A				192148			30	"2026-05-12 07:39:25"					"AB LO Johnsson"		UTL277	2		UTL277	MG			ANTO87
UTL277A				192279			30	"2026-05-13 07:21:15"					"Happy Homes Gävle AB"		UTL277	3	"Smålands Logistik"	UTL277	MG			ANTO87
UTL277A							30	"2026-05-08 06:07:56"							UTL277	4		UTL277	MG			ANTO87
UTL277A							30	"2026-05-11 06:36:35"							UTL277	5		UTL277	MG			ANTO87
UTL277B							30	"2026-05-12 06:44:28"							UTL277	1		UTL277	MG			ANTO87
UTL277B				192279			30	"2026-05-12 13:05:09"					"Happy Homes Gävle AB"		UTL277	2		UTL277	MG			HUGO49
UTL277B							30	"2026-05-07 06:25:21"							UTL277	3		UTL277	MG			ANTO87
UTL277B							30	"2026-05-08 06:07:56"							UTL277	4		UTL277	MG			ANTO87
UTL277B							30	"2026-05-07 14:18:08"							UTL277	5		UTL277	MG			ANTO87
UTL278A							30	"2026-04-28 06:54:45"							UTL278	1		UTL278	MG			ANTO87
UTL278A				192148			30	"2026-05-12 07:39:25"					"AB LO Johnsson"		UTL278	2		UTL278	MG			ANTO87
UTL278A				701			30	"2026-05-13 07:21:15"					"C24-BYGG Sandviken"		UTL278	3	"Smålands Logistik"	UTL278	MG			ANTO87
UTL278A							30	"2026-05-08 06:07:56"							UTL278	4		UTL278	MG			ANTO87
UTL278A							30	"2026-05-11 06:36:35"							UTL278	5		UTL278	MG			ANTO87
UTL278B							30	"2026-05-12 06:44:29"							UTL278	1		UTL278	MG			ANTO87
UTL278B				701			30	"2026-05-12 13:05:09"					"C24-BYGG Sandviken"		UTL278	2		UTL278	MG			HUGO49
UTL278B							30	"2026-05-07 06:25:21"							UTL278	3		UTL278	MG			ANTO87
UTL278B							30	"2026-05-08 06:07:56"							UTL278	4		UTL278	MG			ANTO87
UTL278B							30	"2026-05-07 14:18:08"							UTL278	5		UTL278	MG			ANTO87
UTL279A							30	"2026-05-05 06:21:45"							UTL279	1		UTL279	MG			ANTO87
UTL279A				192148			30	"2026-05-12 07:39:25"					"AB LO Johnsson"		UTL279	2		UTL279	MG			ANTO87
UTL279A				701			30	"2026-05-13 07:21:15"					"C24-BYGG Sandviken"		UTL279	3	"Smålands Logistik"	UTL279	MG			ANTO87
UTL279A							30	"2026-05-08 06:07:56"							UTL279	4		UTL279	MG			ANTO87
UTL279A							30	"2026-05-11 06:36:35"							UTL279	5		UTL279	MG			ANTO87
UTL279B							30	"2026-05-12 06:44:29"							UTL279	1		UTL279	MG			ANTO87
UTL279B				701			30	"2026-05-12 13:05:09"					"C24-BYGG Sandviken"		UTL279	2		UTL279	MG			HUGO49
UTL279B							30	"2026-05-07 06:25:21"							UTL279	3		UTL279	MG			ANTO87
UTL279B							30	"2026-05-08 06:07:57"							UTL279	4		UTL279	MG			ANTO87
UTL279B							30	"2026-05-07 14:18:08"							UTL279	5		UTL279	MG			ANTO87
UTL27A							30	"2026-05-11 17:02:27"							UTL27A	1		UTL27	GG			FILI10
UTL27A				439			30	"2026-05-12 16:20:28"					"Granngården Södertälje"		UTL27A	2		UTL27	GG			FILI10
UTL27A				471			30	"2026-05-13 11:31:37"					"Granngården Falköping"		UTL27A	3		UTL27	GG			FILI10
UTL27A							30	"2026-05-11 17:02:27"							UTL27A	4		UTL27	GG			FILI10
UTL27A				471			30	"2026-05-13 11:31:37"					"Granngården Falköping"		UTL27A	5		UTL27	GG			FILI10
UTL27A							30	"2026-05-11 17:02:28"							UTL27A	6		UTL27	GG			
UTL27A							30	"2026-05-11 17:02:28"							UTL27A	7		UTL27	GG			
UTL27B							30	"2026-05-11 17:02:28"							UTL27B	1		UTL27	GG			FILI10
UTL27B							30	"2026-04-10 16:15:16"							UTL27B	2		UTL27	GG			FILI10
UTL27B							30	"2026-05-11 17:02:28"							UTL27B	3		UTL27	GG			FILI10
UTL27B							30	"2026-05-11 17:02:28"							UTL27B	4		UTL27	GG			SEBA80
UTL27B							30	"2026-05-11 17:02:28"							UTL27B	5		UTL27	GG			FILI10
UTL27B							30	"2026-05-11 17:02:28"							UTL27B	6		UTL27	GG			
UTL27B							30	"2026-05-11 17:02:28"							UTL27B	7		UTL27	GG			
UTL280A							30	"2026-05-05 06:21:45"							UTL280	1		UTL280	MG			ANTO87
UTL280A				192148			30	"2026-05-12 07:39:25"					"AB LO Johnsson"		UTL280	2		UTL280	MG			ANTO87
UTL280A				705			30	"2026-05-13 07:21:15"					"C24-BYGG Gävle"		UTL280	3	"Smålands Logistik"	UTL280	MG			ANTO87
UTL280A							30	"2026-05-08 06:07:57"							UTL280	4		UTL280	MG			ANTO87
UTL280A							30	"2026-05-11 06:36:36"							UTL280	5		UTL280	MG			ANTO87
UTL280B							30	"2026-05-12 06:44:29"							UTL280	1		UTL280	MG			ANTO87
UTL280B				705			30	"2026-05-12 13:05:09"					"C24-BYGG Gävle"		UTL280	2		UTL280	MG			HUGO49
UTL280B							30	"2026-05-07 06:25:21"							UTL280	3		UTL280	MG			ANTO87
UTL280B							30	"2026-05-08 06:07:57"							UTL280	4		UTL280	MG			ANTO87
UTL280B							30	"2026-05-07 14:18:08"							UTL280	5		UTL280	MG			ANTO87
UTL281A							30	"2026-05-05 06:21:45"							UTL281	1		UTL281	MG			ANTO87
UTL281A				192148			30	"2026-05-12 07:39:25"					"AB LO Johnsson"		UTL281	2		UTL281	MG			ANTO87
UTL281A				706			30	"2026-05-13 07:21:15"					"C24-BYGG Tierp"		UTL281	3	"Smålands Logistik"	UTL281	MG			ANTO87
UTL281A							30	"2026-05-08 06:07:57"							UTL281	4		UTL281	MG			ANTO87
UTL281A							30	"2026-05-11 06:36:36"							UTL281	5		UTL281	MG			ANTO87
UTL281B							30	"2026-05-12 06:44:29"							UTL281	1		UTL281	MG			ANTO87
UTL281B				706			30	"2026-05-12 13:05:09"					"C24-BYGG Tierp"		UTL281	2		UTL281	MG			HUGO49
UTL281B							30	"2026-05-07 06:25:22"							UTL281	3		UTL281	MG			ANTO87
UTL281B							30	"2026-05-08 06:07:57"							UTL281	4		UTL281	MG			ANTO87
UTL281B							30	"2026-05-07 14:18:08"							UTL281	5		UTL281	MG			ANTO87
UTL282A							30	"2026-04-28 06:54:45"							UTL282	1		UTL282	MG			ANTO87
UTL282A				180			30	"2026-05-12 07:39:25"					"Bolist Svärdsjö Järn"		UTL282	2		UTL282	MG			ANTO87
UTL282A				484621			30	"2026-05-13 07:21:15"					"Colorama Gävle"		UTL282	3	"Smålands Logistik"	UTL282	MG			ANTO87
UTL282A							30	"2026-05-07 14:11:43"							UTL282	4		UTL282	MG			ANTO87
UTL282A							30	"2026-05-11 06:36:36"							UTL282	5		UTL282	MG			ANTO87
UTL282B							30	"2026-05-12 06:44:29"							UTL282	1		UTL282	MG			ANTO87
UTL282B				484621			30	"2026-05-12 13:05:09"					"Colorama Gävle"		UTL282	2		UTL282	MG			HUGO49
UTL282B							30	"2026-05-07 06:25:22"							UTL282	3		UTL282	MG			ANTO87
UTL282B							30	"2026-05-08 06:07:57"							UTL282	4		UTL282	MG			ANTO87
UTL282B							30	"2026-05-07 14:18:08"							UTL282	5		UTL282	MG			ANTO87
UTL283A							30	"2026-05-05 06:21:45"							UTL283	1		UTL283	MG			ANTO87
UTL283A				110			30	"2026-05-12 07:39:25"					"Bolist Västanhede"		UTL283	2		UTL283	MG			ANTO87
UTL283A				192214			30	"2026-05-13 07:21:15"					"Happy Homes Sandviken AB"		UTL283	3	"Smålands Logistik"	UTL283	MG			ANTO87
UTL283A							30	"2026-05-08 06:07:57"							UTL283	4		UTL283	MG			ANTO87
UTL283A							30	"2026-05-11 06:36:36"							UTL283	5		UTL283	MG			ANTO87
UTL283B							30	"2026-05-12 06:44:29"							UTL283	1		UTL283	MG			ANTO87
UTL283B				192214			30	"2026-05-12 13:05:09"					"Happy Homes Sandviken AB"		UTL283	2		UTL283	MG			HUGO49
UTL283B							30	"2026-05-07 06:25:22"							UTL283	3		UTL283	MG			ANTO87
UTL283B							30	"2026-05-08 06:07:57"							UTL283	4		UTL283	MG			ANTO87
UTL283B							30	"2026-05-07 14:18:08"							UTL283	5		UTL283	MG			ANTO87
UTL284A							30	"2026-05-05 06:21:45"							UTL284	1		UTL284	MG			ANTO87
UTL284A				616			30	"2026-05-12 07:39:25"					"XL-BYGG Falun"		UTL284	2		UTL284	MG			ANTO87
UTL284A				192214			30	"2026-05-13 07:21:15"					"Happy Homes Sandviken AB"		UTL284	3	"Smålands Logistik"	UTL284	MG			ANTO87
UTL284A							30	"2026-05-08 06:07:57"							UTL284	4		UTL284	MG			ANTO87
UTL284A							30	"2026-05-11 06:36:36"							UTL284	5		UTL284	MG			ANTO87
UTL284B							30	"2026-05-12 06:44:29"							UTL284	1		UTL284	MG			ANTO87
UTL284B				192214			30	"2026-05-12 13:05:09"					"Happy Homes Sandviken AB"		UTL284	2		UTL284	MG			HUGO49
UTL284B							30	"2026-05-07 06:25:22"							UTL284	3		UTL284	MG			ANTO87
UTL284B							30	"2026-05-08 06:07:57"							UTL284	4		UTL284	MG			ANTO87
UTL284B							30	"2026-05-07 14:18:09"							UTL284	5		UTL284	MG			ANTO87
UTL285A							30	"2026-05-05 06:21:45"							UTL285	1		UTL285	MG			ANTO87
UTL285A				616			30	"2026-05-12 07:39:25"					"XL-BYGG Falun"		UTL285	2		UTL285	MG			ANTO87
UTL285A				484406			30	"2026-05-13 07:21:15"					"Colorama Edsbyn"		UTL285	3	"Smålands Logistik"	UTL285	MG			ANTO87
UTL285A							30	"2026-05-08 06:07:57"							UTL285	4		UTL285	MG			ANTO87
UTL285A							30	"2026-05-11 06:36:36"							UTL285	5		UTL285	MG			ANTO87
UTL285B							30	"2026-05-12 06:44:30"							UTL285	1		UTL285	MG			ANTO87
UTL285B				484406			30	"2026-05-12 13:05:09"					"Colorama Edsbyn"		UTL285	2		UTL285	MG			HUGO49
UTL285B							30	"2026-05-07 06:25:22"							UTL285	3		UTL285	MG			ANTO87
UTL285B							30	"2026-05-08 06:07:57"							UTL285	4		UTL285	MG			ANTO87
UTL285B							30	"2026-05-07 14:18:09"							UTL285	5		UTL285	MG			ANTO87
UTL286A							30	"2026-05-05 06:21:45"							UTL286	1		UTL286	MG			ANTO87
UTL286A				616			30	"2026-05-12 07:39:25"					"XL-BYGG Falun"		UTL286	2		UTL286	MG			ANTO87
UTL286A				484404			30	"2026-05-13 07:21:16"					"Colorama Bollnäs"		UTL286	3	"Smålands Logistik"	UTL286	MG			ANTO87
UTL286A							30	"2026-05-08 06:07:57"							UTL286	4		UTL286	MG			ANTO87
UTL286A							30	"2026-05-11 06:36:36"							UTL286	5		UTL286	MG			ANTO87
UTL286B							30	"2026-05-12 06:44:30"							UTL286	1		UTL286	MG			ANTO87
UTL286B				484404			30	"2026-05-12 13:05:09"					"Colorama Bollnäs"		UTL286	2		UTL286	MG			HUGO49
UTL286B							30	"2026-05-07 06:25:22"							UTL286	3		UTL286	MG			ANTO87
UTL286B							30	"2026-05-08 06:07:58"							UTL286	4		UTL286	MG			ANTO87
UTL286B							30	"2026-05-07 14:18:09"							UTL286	5		UTL286	MG			ANTO87
UTL287A							30	"2026-05-11 07:10:29"							UTL287	1		UTL287	MG			ANTO87
UTL287A				700			30	"2026-05-12 07:39:25"					"C24-BYGG Ockelbo"		UTL287	2		UTL287	MG			ANTO87
UTL287A							30	"2026-05-07 06:25:22"							UTL287	3		UTL287	MG			ANTO87
UTL287A							30	"2026-05-08 06:07:58"							UTL287	4		UTL287	MG			ANTO87
UTL287A							30	"2026-05-07 14:18:09"							UTL287	5		UTL287	MG			ANTO87
UTL287B							30	"2026-04-28 06:54:46"							UTL287	1		UTL287	MG			ANTO87
UTL287B							30	"2026-05-05 18:30:50"							UTL287	2		UTL287	MG			ANTO87
UTL287B							30	"2026-05-07 06:25:22"							UTL287	3		UTL287	MG			ANTO87
UTL287B							30	"2026-05-06 14:42:34"							UTL287	4		UTL287	MG			ANTO87
UTL287B							30	"2026-05-11 06:36:36"							UTL287	5		UTL287	MG			ANTO87
UTL288A							30	"2026-05-11 07:10:30"							UTL288	1		UTL288	MG			ANTO87
UTL288A				486			30	"2026-05-12 07:39:25"					"Wåhlstedts i Östervåla AB"		UTL288	2		UTL288	MG			ANTO87
UTL288A							30	"2026-05-07 06:25:22"							UTL288	3		UTL288	MG			ANTO87
UTL288A							30	"2026-05-08 06:07:58"							UTL288	4		UTL288	MG			ANTO87
UTL288A							30	"2026-05-07 14:18:09"							UTL288	5		UTL288	MG			ANTO87
UTL288B							30	"2026-04-28 06:54:46"							UTL288	1		UTL288	MG			ANTO87
UTL288B							30	"2026-05-05 18:30:50"							UTL288	2		UTL288	MG			ANTO87
UTL288B							30	"2026-05-07 06:25:22"							UTL288	3		UTL288	MG			ANTO87
UTL288B							30	"2026-05-06 14:42:34"							UTL288	4		UTL288	MG			ANTO87
UTL288B							30	"2026-05-11 06:36:36"							UTL288	5		UTL288	MG			ANTO87
UTL289A							30	"2026-05-11 07:10:30"							UTL289	1		UTL289	MG			ANTO87
UTL289A				495			30	"2026-05-12 07:39:25"					"BOLIST Alfta"		UTL289	2		UTL289	MG			ANTO87
UTL289A							30	"2026-05-07 06:25:22"							UTL289	3		UTL289	MG			ANTO87
UTL289A							30	"2026-05-08 06:07:58"							UTL289	4		UTL289	MG			ANTO87
UTL289A							30	"2026-05-07 14:18:09"							UTL289	5		UTL289	MG			ANTO87
UTL289B							30	"2026-04-28 06:54:46"							UTL289	1		UTL289	MG			ANTO87
UTL289B							30	"2026-05-05 18:30:50"							UTL289	2		UTL289	MG			ANTO87
UTL289B							30	"2026-05-07 06:25:22"							UTL289	3		UTL289	MG			ANTO87
UTL289B							30	"2026-05-06 14:42:35"							UTL289	4		UTL289	MG			ANTO87
UTL289B							30	"2026-05-11 06:36:36"							UTL289	5		UTL289	MG			ANTO87
UTL28A							30	"2026-05-11 17:02:28"							UTL28A	1		UTL28	GG			FILI10
UTL28A				439			30	"2026-05-12 16:20:28"					"Granngården Södertälje"		UTL28A	2		UTL28	GG			FILI10
UTL28A				471			30	"2026-05-13 11:31:37"					"Granngården Falköping"		UTL28A	3		UTL28	GG			FILI10
UTL28A							30	"2026-05-11 17:02:28"							UTL28A	4		UTL28	GG			FILI10
UTL28A				471			30	"2026-05-13 11:31:37"					"Granngården Falköping"		UTL28A	5		UTL28	GG			FILI10
UTL28A							30	"2026-05-11 17:02:28"							UTL28A	6		UTL28	GG			
UTL28A							30	"2026-05-11 17:02:28"							UTL28A	7		UTL28	GG			
UTL28B							30	"2026-05-11 17:02:28"							UTL28B	1		UTL28	GG			FILI10
UTL28B							30	"2026-04-10 16:15:17"							UTL28B	2		UTL28	GG			FILI10
UTL28B							30	"2026-05-11 17:02:29"							UTL28B	3		UTL28	GG			FILI10
UTL28B							30	"2026-05-11 17:02:29"							UTL28B	4		UTL28	GG			HANN85
UTL28B							30	"2026-05-11 17:02:29"							UTL28B	5		UTL28	GG			FILI10
UTL28B							30	"2026-05-11 17:02:29"							UTL28B	6		UTL28	GG			
UTL28B							30	"2026-05-11 17:02:29"							UTL28B	7		UTL28	GG			
UTL290A							30	"2026-05-11 07:10:30"							UTL290	1		UTL290	MG			ANTO87
UTL290A				495			30	"2026-05-12 07:39:25"					"BOLIST Alfta"		UTL290	2		UTL290	MG			ANTO87
UTL290A							30	"2026-05-07 06:25:22"							UTL290	3		UTL290	MG			ANTO87
UTL290A							30	"2026-05-08 06:07:58"							UTL290	4		UTL290	MG			ANTO87
UTL290A							30	"2026-05-07 14:18:09"							UTL290	5		UTL290	MG			ANTO87
UTL290B							30	"2026-04-28 06:54:46"							UTL290	1		UTL290	MG			ANTO87
UTL290B							30	"2026-05-05 18:30:51"							UTL290	2		UTL290	MG			ANTO87
UTL290B							30	"2026-05-07 06:25:23"							UTL290	3		UTL290	MG			ANTO87
UTL290B							30	"2026-05-06 14:42:35"							UTL290	4		UTL290	MG			ANTO87
UTL290B							30	"2026-05-11 06:36:36"							UTL290	5		UTL290	MG			ANTO87
UTL291A							30	"2026-05-11 07:10:30"							UTL291	1		UTL291	MG			ANTO87
UTL291A				495			30	"2026-05-12 07:39:25"					"BOLIST Alfta"		UTL291	2		UTL291	MG			ANTO87
UTL291A							30	"2026-05-07 06:25:23"							UTL291	3		UTL291	MG			ANTO87
UTL291A							30	"2026-05-08 06:07:58"							UTL291	4		UTL291	MG			ANTO87
UTL291A							30	"2026-05-07 14:18:09"							UTL291	5		UTL291	MG			ANTO87
UTL291B							30	"2026-05-05 06:21:45"							UTL291	1		UTL291	MG			ANTO87
UTL291B							30	"2026-05-05 18:30:51"							UTL291	2		UTL291	MG			ANTO87
UTL291B							30	"2026-05-07 06:25:23"							UTL291	3		UTL291	MG			ANTO87
UTL291B							30	"2026-05-06 14:42:35"							UTL291	4		UTL291	MG			ANTO87
UTL291B							30	"2026-05-11 06:36:36"							UTL291	5		UTL291	MG			ANTO87
UTL292A							30	"2026-05-11 07:10:30"							UTL292	1		UTL292	MG			ANTO87
UTL292A				380			30	"2026-05-12 07:39:25"					"Eliassons Järn"		UTL292	2		UTL292	MG			ANTO87
UTL292A							30	"2026-05-07 06:25:23"							UTL292	3		UTL292	MG			ANTO87
UTL292A							30	"2026-05-08 06:07:58"							UTL292	4		UTL292	MG			ANTO87
UTL292A							30	"2026-05-07 14:18:10"							UTL292	5		UTL292	MG			ANTO87
UTL292B							30	"2026-05-12 06:44:30"							UTL292	1		UTL292	MG			ANTO87
UTL292B							30	"2026-05-05 18:30:51"							UTL292	2		UTL292	MG			ANTO87
UTL292B							30	"2026-05-07 06:25:23"							UTL292	3		UTL292	MG			ANTO87
UTL292B							30	"2026-05-06 14:42:35"							UTL292	4		UTL292	MG			ANTO87
UTL292B							30	"2026-05-11 06:36:36"							UTL292	5		UTL292	MG			ANTO87
UTL293A							30	"2026-05-11 07:10:30"							UTL293	1		UTL293	MG			ANTO87
UTL293A				380			30	"2026-05-12 07:39:25"					"Eliassons Järn"		UTL293	2		UTL293	MG			ANTO87
UTL293A							30	"2026-05-07 06:25:23"							UTL293	3		UTL293	MG			ANTO87
UTL293A							30	"2026-05-08 06:07:58"							UTL293	4		UTL293	MG			ANTO87
UTL293A							30	"2026-05-07 14:18:10"							UTL293	5		UTL293	MG			ANTO87
UTL293B							30	"2026-05-12 06:44:30"							UTL293	1		UTL293	MG			ANTO87
UTL293B							30	"2026-05-05 18:30:51"							UTL293	2		UTL293	MG			ANTO87
UTL293B							30	"2026-05-07 06:25:23"							UTL293	3		UTL293	MG			ANTO87
UTL293B							30	"2026-05-06 14:42:36"							UTL293	4		UTL293	MG			ANTO87
UTL293B							30	"2026-05-11 06:36:36"							UTL293	5		UTL293	MG			ANTO87
UTL294A							30	"2026-05-11 07:10:30"							UTL294	1		UTL294	MG			ANTO87
UTL294A				324			30	"2026-05-12 07:39:25"					"Bolist Bettna Såg"		UTL294	2		UTL294	MG			ANTO87
UTL294A							30	"2026-05-07 06:25:23"							UTL294	3		UTL294	MG			ANTO87
UTL294A							30	"2026-05-08 06:07:58"							UTL294	4		UTL294	MG			ANTO87
UTL294A							30	"2026-05-07 14:18:10"							UTL294	5		UTL294	MG			ANTO87
UTL294B							30	"2026-05-12 06:44:30"							UTL294	1		UTL294	MG			ANTO87
UTL294B							30	"2026-05-05 18:30:51"							UTL294	2		UTL294	MG			ANTO87
UTL294B							30	"2026-05-07 06:25:23"							UTL294	3		UTL294	MG			ANTO87
UTL294B							30	"2026-05-06 14:42:36"							UTL294	4		UTL294	MG			ANTO87
UTL294B							30	"2026-05-11 06:36:36"							UTL294	5		UTL294	MG			ANTO87
UTL295A							30	"2026-05-11 07:10:30"							UTL295	1		UTL295	MG			ANTO87
UTL295A				324			30	"2026-05-12 07:39:25"					"Bolist Bettna Såg"		UTL295	2		UTL295	MG			ANTO87
UTL295A							30	"2026-05-07 06:25:23"							UTL295	3		UTL295	MG			ANTO87
UTL295A							30	"2026-05-08 06:07:58"							UTL295	4		UTL295	MG			ANTO87
UTL295A							30	"2026-05-07 14:18:10"							UTL295	5		UTL295	MG			ANTO87
UTL295B							30	"2026-05-12 06:44:30"							UTL295	1		UTL295	MG			ANTO87
UTL295B							30	"2026-05-05 18:30:51"							UTL295	2		UTL295	MG			ANTO87
UTL295B							30	"2026-05-07 06:25:23"							UTL295	3		UTL295	MG			ANTO87
UTL295B							30	"2026-05-06 14:42:36"							UTL295	4		UTL295	MG			ANTO87
UTL295B							30	"2026-05-11 06:36:36"							UTL295	5		UTL295	MG			ANTO87
UTL296A							30	"2026-05-11 07:10:31"							UTL296	1		UTL296	MG			ANTO87
UTL296A				311			30	"2026-05-12 07:39:25"					"Bolist Trosa"		UTL296	2		UTL296	MG			ANTO87
UTL296A							30	"2026-05-07 06:25:23"							UTL296	3		UTL296	MG			ANTO87
UTL296A							30	"2026-05-08 06:07:58"							UTL296	4		UTL296	MG			ANTO87
UTL296A							30	"2026-05-11 06:36:37"							UTL296	5		UTL296	MG			ANTO87
UTL296B							30	"2026-05-12 06:44:30"							UTL296	1		UTL296	MG			ANTO87
UTL296B							30	"2026-05-05 18:30:51"							UTL296	2		UTL296	MG			ANTO87
UTL296B				683			30	"2026-05-13 12:56:03"					"XL-BYGG Lundgrens"		UTL296	3	"B Widéns Kalmar"	UTL296	MG			ANTO87
UTL296B							30	"2026-05-13 12:56:12"							UTL296	4		UTL296	MG			ANTO87
UTL296B							30	"2026-05-11 06:36:37"							UTL296	5		UTL296	MG			ANTO87
UTL297A							30	"2026-05-11 07:10:31"							UTL297	1		UTL297	MG			ANTO87
UTL297A				311			30	"2026-05-12 07:39:25"					"Bolist Trosa"		UTL297	2		UTL297	MG			ANTO87
UTL297A							30	"2026-05-07 06:25:23"							UTL297	3		UTL297	MG			ANTO87
UTL297A							30	"2026-05-08 06:07:59"							UTL297	4		UTL297	MG			ANTO87
UTL297A							30	"2026-05-11 06:36:37"							UTL297	5		UTL297	MG			ANTO87
UTL297B							30	"2026-05-12 06:44:30"							UTL297	1		UTL297	MG			ANTO87
UTL297B							30	"2026-05-05 18:30:51"							UTL297	2		UTL297	MG			ANTO87
UTL297B				683			30	"2026-05-13 12:56:03"					"XL-BYGG Lundgrens"		UTL297	3	"B Widéns Kalmar"	UTL297	MG			ANTO87
UTL297B							30	"2026-05-13 12:56:12"							UTL297	4		UTL297	MG			ANTO87
UTL297B							30	"2026-05-11 06:36:37"							UTL297	5		UTL297	MG			ANTO87
UTL298A							30	"2026-05-11 07:10:31"							UTL298	1		UTL298	MG			ANTO87
UTL298A				311			30	"2026-05-12 07:39:25"					"Bolist Trosa"		UTL298	2		UTL298	MG			ANTO87
UTL298A							30	"2026-05-07 06:25:23"							UTL298	3		UTL298	MG			ANTO87
UTL298A							30	"2026-05-08 06:07:59"							UTL298	4		UTL298	MG			ANTO87
UTL298A							30	"2026-05-11 06:36:37"							UTL298	5		UTL298	MG			ANTO87
UTL298B							30	"2026-05-12 06:44:30"							UTL298	1		UTL298	MG			ANTO87
UTL298B							30	"2026-05-05 18:30:51"							UTL298	2		UTL298	MG			ANTO87
UTL298B				244			30	"2026-05-13 12:56:03"					"Grimslövs Järn & Bygg"		UTL298	3	"B Widéns Kalmar"	UTL298	MG			ANTO87
UTL298B							30	"2026-05-13 12:56:12"							UTL298	4		UTL298	MG			ANTO87
UTL298B							30	"2026-05-11 06:36:37"							UTL298	5		UTL298	MG			ANTO87
UTL299A							30	"2026-05-11 07:10:31"							UTL299	1		UTL299	MG			ANTO87
UTL299A				311			30	"2026-05-12 07:39:25"					"Bolist Trosa"		UTL299	2		UTL299	MG			ANTO87
UTL299A							30	"2026-05-07 06:25:23"							UTL299	3		UTL299	MG			ANTO87
UTL299A							30	"2026-05-08 06:07:59"							UTL299	4		UTL299	MG			ANTO87
UTL299A							30	"2026-05-11 06:36:37"							UTL299	5		UTL299	MG			ANTO87
UTL299B							30	"2026-05-12 06:44:30"							UTL299	1		UTL299	MG			ANTO87
UTL299B							30	"2026-05-05 18:30:51"							UTL299	2		UTL299	MG			ANTO87
UTL299B				244			30	"2026-05-13 12:56:03"					"Grimslövs Järn & Bygg"		UTL299	3	"B Widéns Kalmar"	UTL299	MG			ANTO87
UTL299B							30	"2026-05-13 12:56:12"							UTL299	4		UTL299	MG			ANTO87
UTL299B							30	"2026-05-11 06:36:37"							UTL299	5		UTL299	MG			ANTO87
UTL29A							30	"2026-05-11 17:02:29"							UTL29A	1		UTL29	GG			FILI10
UTL29A				412			30	"2026-05-12 16:29:50"					"Granngården Gävle"		UTL29A	2		UTL29	GG			FILI10
UTL29A				463			30	"2026-05-13 11:29:56"					"Granngården Vara"		UTL29A	3		UTL29	GG			FILI10
UTL29A							30	"2026-05-11 17:02:29"							UTL29A	4		UTL29	GG			FILI10
UTL29A				463			30	"2026-05-13 11:29:56"					"Granngården Vara"		UTL29A	5		UTL29	GG			FILI10
UTL29A							30	"2026-05-11 17:02:29"							UTL29A	6		UTL29	GG			
UTL29A							30	"2026-05-11 17:02:29"							UTL29A	7		UTL29	GG			
UTL29B							30	"2026-05-11 17:02:30"							UTL29B	1		UTL29	GG			SEBA80
UTL29B							30	"2026-04-10 16:15:17"							UTL29B	2		UTL29	GG			FILI10
UTL29B							30	"2026-05-11 17:02:30"							UTL29B	3		UTL29	GG			FILI10
UTL29B							30	"2026-05-11 17:02:30"							UTL29B	4		UTL29	GG			FILI10
UTL29B							30	"2026-05-11 17:02:30"							UTL29B	5		UTL29	GG			FILI10
UTL29B							30	"2026-05-11 17:02:30"							UTL29B	6		UTL29	GG			
UTL29B							30	"2026-05-11 17:02:30"							UTL29B	7		UTL29	GG			
UTL300A							30	"2026-05-11 07:10:31"							UTL300	1		UTL300	MG			ANTO87
UTL300A				311			30	"2026-05-12 07:39:25"					"Bolist Trosa"		UTL300	2		UTL300	MG			ANTO87
UTL300A							30	"2026-05-07 06:25:23"							UTL300	3		UTL300	MG			ANTO87
UTL300A							30	"2026-05-08 06:07:59"							UTL300	4		UTL300	MG			ANTO87
UTL300A							30	"2026-05-11 06:36:37"							UTL300	5		UTL300	MG			ANTO87
UTL300B							30	"2026-05-12 06:44:30"							UTL300	1		UTL300	MG			ANTO87
UTL300B							30	"2026-05-05 18:30:51"							UTL300	2		UTL300	MG			ANTO87
UTL300B				244			30	"2026-05-13 12:56:03"					"Grimslövs Järn & Bygg"		UTL300	3	"B Widéns Kalmar"	UTL300	MG			ANTO87
UTL300B							30	"2026-05-13 12:56:13"							UTL300	4		UTL300	MG			ANTO87
UTL300B							30	"2026-05-11 06:36:37"							UTL300	5		UTL300	MG			ANTO87
UTL301A							30	"2026-05-11 07:10:31"							UTL301	1		UTL301	MG			ANTO87
UTL301A				311			30	"2026-05-12 07:39:25"					"Bolist Trosa"		UTL301	2		UTL301	MG			ANTO87
UTL301A							30	"2026-05-07 06:25:24"							UTL301	3		UTL301	MG			ANTO87
UTL301A							30	"2026-05-08 06:07:59"							UTL301	4		UTL301	MG			ANTO87
UTL301A							30	"2026-05-11 06:36:37"							UTL301	5		UTL301	MG			ANTO87
UTL301B							30	"2026-05-12 06:44:30"							UTL301	1		UTL301	MG			ANTO87
UTL301B							30	"2026-05-05 18:30:51"							UTL301	2		UTL301	MG			ANTO87
UTL301B				301			30	"2026-05-13 12:56:03"					"EmmaBoda Byggnadsvaror Bolist"		UTL301	3	"B Widéns Kalmar"	UTL301	MG			ANTO87
UTL301B							30	"2026-05-13 12:56:13"							UTL301	4		UTL301	MG			ANTO87
UTL301B							30	"2026-05-11 06:36:37"							UTL301	5		UTL301	MG			ANTO87
UTL302A							30	"2026-05-11 07:10:31"							UTL302	1		UTL302	MG			ANTO87
UTL302A							30	"2026-05-05 19:04:33"							UTL302	2		UTL302	MG			ANTO87
UTL302A							30	"2026-05-07 06:25:24"							UTL302	3		UTL302	MG			ANTO87
UTL302A							30	"2026-05-08 06:07:59"							UTL302	4		UTL302	MG			ANTO87
UTL302A							30	"2026-05-07 14:18:11"							UTL302	5		UTL302	MG			ANTO87
UTL302B							30	"2026-05-05 06:21:46"							UTL302	1		UTL302	MG			ANTO87
UTL302B							30	"2026-05-05 18:30:51"							UTL302	2		UTL302	MG			ANTO87
UTL302B				301			30	"2026-05-13 12:56:03"					"EmmaBoda Byggnadsvaror Bolist"		UTL302	3	"B Widéns Kalmar"	UTL302	MG			ANTO87
UTL302B							30	"2026-05-13 12:56:13"							UTL302	4		UTL302	MG			ANTO87
UTL302B							30	"2026-05-11 06:36:37"							UTL302	5		UTL302	MG			ANTO87
UTL303A							30	"2026-05-11 07:10:31"							UTL303	1		UTL303	MG			ANTO87
UTL303A				192159			30	"2026-05-12 07:39:25"					"Brunelius Färg AB"		UTL303	2		UTL303	MG			ANTO87
UTL303A							30	"2026-05-07 06:25:24"							UTL303	3		UTL303	MG			ANTO87
UTL303A							30	"2026-05-08 06:07:59"							UTL303	4		UTL303	MG			ANTO87
UTL303A							30	"2026-05-07 14:18:11"							UTL303	5		UTL303	MG			ANTO87
UTL303B							30	"2026-05-12 06:44:30"							UTL303	1		UTL303	MG			ANTO87
UTL303B							30	"2026-05-05 18:30:51"							UTL303	2		UTL303	MG			ANTO87
UTL303B				301			30	"2026-05-13 12:56:03"					"EmmaBoda Byggnadsvaror Bolist"		UTL303	3	"B Widéns Kalmar"	UTL303	MG			ANTO87
UTL303B							30	"2026-05-13 12:56:13"							UTL303	4		UTL303	MG			ANTO87
UTL303B							30	"2026-05-11 06:36:37"							UTL303	5		UTL303	MG			ANTO87
UTL304A							30	"2026-05-11 07:10:31"							UTL304	1		UTL304	MG			ANTO87
UTL304A				192159			30	"2026-05-12 07:39:25"					"Brunelius Färg AB"		UTL304	2		UTL304	MG			ANTO87
UTL304A							30	"2026-05-07 06:25:24"							UTL304	3		UTL304	MG			ANTO87
UTL304A							30	"2026-05-08 06:07:59"							UTL304	4		UTL304	MG			ANTO87
UTL304A							30	"2026-05-07 14:18:11"							UTL304	5		UTL304	MG			ANTO87
UTL304B							30	"2026-05-12 06:44:31"							UTL304	1		UTL304	MG			ANTO87
UTL304B							30	"2026-05-05 18:30:51"							UTL304	2		UTL304	MG			ANTO87
UTL304B				301			30	"2026-05-13 12:56:03"					"EmmaBoda Byggnadsvaror Bolist"		UTL304	3	"B Widéns Kalmar"	UTL304	MG			ANTO87
UTL304B							30	"2026-05-13 12:56:13"							UTL304	4		UTL304	MG			ANTO87
UTL304B							30	"2026-05-11 06:36:38"							UTL304	5		UTL304	MG			ANTO87
UTL305A							30	"2026-05-12 06:44:31"							UTL305	1		UTL305	MG			ANTO87
UTL305A				484594			30	"2026-05-12 07:39:25"					"Colorama Tvååker"		UTL305	2		UTL305	MG			ANTO87
UTL305A							30	"2026-05-07 06:25:24"							UTL305	3		UTL305	MG			ANTO87
UTL305A							30	"2026-05-08 06:07:59"							UTL305	4		UTL305	MG			ANTO87
UTL305A							30	"2026-05-11 06:36:38"							UTL305	5		UTL305	MG			ANTO87
UTL305B							30	"2026-05-12 06:44:31"							UTL305	1		UTL305	MG			ANTO87
UTL305B							30	"2026-05-06 12:54:31"							UTL305	2		UTL305	MG			ANTO87
UTL305B				133336			30	"2026-05-13 12:56:03"					"Materialmännen Oskarshamn"		UTL305	3	"B Widéns Kalmar"	UTL305	MG			ANTO87
UTL305B							30	"2026-05-13 12:56:13"							UTL305	4		UTL305	MG			ANTO87
UTL305B							30	"2026-05-07 14:18:11"							UTL305	5		UTL305	MG			ANTO87
UTL306A							30	"2026-05-12 06:44:31"							UTL306	1		UTL306	MG			ANTO87
UTL306A				484594			30	"2026-05-12 07:39:25"					"Colorama Tvååker"		UTL306	2		UTL306	MG			ANTO87
UTL306A							30	"2026-05-07 06:25:24"							UTL306	3		UTL306	MG			ANTO87
UTL306A							30	"2026-05-08 06:07:59"							UTL306	4		UTL306	MG			ANTO87
UTL306A							30	"2026-05-11 06:36:38"							UTL306	5		UTL306	MG			ANTO87
UTL306B							30	"2026-05-12 06:44:31"							UTL306	1		UTL306	MG			ANTO87
UTL306B							30	"2026-04-29 06:37:33"							UTL306	2		UTL306	MG			ANTO87
UTL306B				260			30	"2026-05-13 12:56:03"					"Jonssons Trä"		UTL306	3	"B Widéns Kalmar"	UTL306	MG			ANTO87
UTL306B							30	"2026-05-13 12:56:13"							UTL306	4		UTL306	MG			ANTO87
UTL306B							30	"2026-05-07 14:18:11"							UTL306	5		UTL306	MG			ANTO87
UTL307A							30	"2026-05-12 06:44:31"							UTL307	1		UTL307	MG			ANTO87
UTL307A				192190			30	"2026-05-12 07:39:25"					"Färg & Kakel i Varberg AB"		UTL307	2		UTL307	MG			ANTO87
UTL307A							30	"2026-05-07 06:25:25"							UTL307	3		UTL307	MG			ANTO87
UTL307A							30	"2026-05-08 06:07:59"							UTL307	4		UTL307	MG			ANTO87
UTL307A							30	"2026-05-11 06:36:38"							UTL307	5		UTL307	MG			ANTO87
UTL307B							30	"2026-05-12 06:44:31"							UTL307	1		UTL307	MG			ANTO87
UTL307B							30	"2026-05-05 18:30:51"							UTL307	2		UTL307	MG			ANTO87
UTL307B				292			30	"2026-05-13 12:56:03"					"NYBE Handels"		UTL307	3	"B Widéns Kalmar"	UTL307	MG			ANTO87
UTL307B							30	"2026-05-13 12:56:13"							UTL307	4		UTL307	MG			ANTO87
UTL307B							30	"2026-05-07 14:18:11"							UTL307	5		UTL307	MG			ANTO87
UTL308A							30	"2026-05-12 06:44:31"							UTL308	1		UTL308	MG			ANTO87
UTL308A				175			30	"2026-05-12 07:39:25"					"J GUSTAVSSONS BYGGMATERIAL"		UTL308	2		UTL308	MG			ANTO87
UTL308A							30	"2026-05-07 06:25:25"							UTL308	3		UTL308	MG			ANTO87
UTL308A							30	"2026-05-08 06:08:00"							UTL308	4		UTL308	MG			ANTO87
UTL308A							30	"2026-05-11 06:36:38"							UTL308	5		UTL308	MG			ANTO87
UTL308B							30	"2026-05-12 06:44:31"							UTL308	1		UTL308	MG			ANTO87
UTL308B							30	"2026-05-05 18:30:52"							UTL308	2		UTL308	MG			ANTO87
UTL308B				721			30	"2026-05-13 12:56:03"					"XL-BYGG Mörbylånga"		UTL308	3	"B Widéns Kalmar"	UTL308	MG			ANTO87
UTL308B							30	"2026-05-13 12:56:13"							UTL308	4		UTL308	MG			ANTO87
UTL308B							30	"2026-05-07 14:18:11"							UTL308	5		UTL308	MG			ANTO87
UTL309A							30	"2026-05-12 06:44:31"							UTL309	1		UTL309	MG			ANTO87
UTL309A				642			30	"2026-05-12 07:39:25"					"XL-BYGG Byggcenter Varberg"		UTL309	2		UTL309	MG			ANTO87
UTL309A							30	"2026-05-07 06:25:25"							UTL309	3		UTL309	MG			ANTO87
UTL309A							30	"2026-05-08 06:08:00"							UTL309	4		UTL309	MG			ANTO87
UTL309A							30	"2026-05-11 06:36:38"							UTL309	5		UTL309	MG			ANTO87
UTL309B							30	"2026-05-12 06:44:31"							UTL309	1		UTL309	MG			ANTO87
UTL309B							30	"2026-05-05 18:30:52"							UTL309	2		UTL309	MG			ANTO87
UTL309B				326			30	"2026-05-13 12:56:03"					"Byggvaruhuset i Mönsterås"		UTL309	3	"B Widéns Kalmar"	UTL309	MG			ANTO87
UTL309B							30	"2026-05-13 12:56:13"							UTL309	4		UTL309	MG			ANTO87
UTL309B							30	"2026-05-07 14:18:11"							UTL309	5		UTL309	MG			ANTO87
UTL30A							30	"2026-05-11 17:02:30"							UTL30A	1		UTL30	GG			FILI10
UTL30A				412			30	"2026-05-12 16:29:50"					"Granngården Gävle"		UTL30A	2		UTL30	GG			FILI10
UTL30A				463			30	"2026-05-13 11:29:56"					"Granngården Vara"		UTL30A	3		UTL30	GG			FILI10
UTL30A							30	"2026-05-11 17:02:30"							UTL30A	4		UTL30	GG			FILI10
UTL30A				463			30	"2026-05-13 11:29:56"					"Granngården Vara"		UTL30A	5		UTL30	GG			FILI10
UTL30A							30	"2026-05-11 17:02:31"							UTL30A	6		UTL30	GG			
UTL30A							30	"2026-05-11 17:02:31"							UTL30A	7		UTL30	GG			
UTL30B							30	"2026-05-11 17:02:31"							UTL30B	1		UTL30	GG			SEBA80
UTL30B							30	"2026-04-10 16:15:18"							UTL30B	2		UTL30	GG			FILI10
UTL30B							30	"2026-05-11 17:02:31"							UTL30B	3		UTL30	GG			FILI10
UTL30B							30	"2026-05-11 17:02:31"							UTL30B	4		UTL30	GG			FILI10
UTL30B							30	"2026-05-11 17:02:31"							UTL30B	5		UTL30	GG			SEBA80
UTL30B							30	"2026-05-11 17:02:31"							UTL30B	6		UTL30	GG			
UTL30B							30	"2026-05-11 17:02:31"							UTL30B	7		UTL30	GG			
UTL310A							30	"2026-05-12 06:44:31"							UTL310	1		UTL310	MG			ANTO87
UTL310A				192153			30	"2026-05-12 07:39:25"					"Happy Homes Mölndal AB"		UTL310	2		UTL310	MG			ANTO87
UTL310A							30	"2026-05-07 06:25:25"							UTL310	3		UTL310	MG			ANTO87
UTL310A							30	"2026-05-08 06:08:00"							UTL310	4		UTL310	MG			ANTO87
UTL310A							30	"2026-05-11 06:36:38"							UTL310	5		UTL310	MG			ANTO87
UTL310B							30	"2026-05-12 06:44:31"							UTL310	1		UTL310	MG			ANTO87
UTL310B							30	"2026-05-05 18:30:52"							UTL310	2		UTL310	MG			ANTO87
UTL310B				697			30	"2026-05-13 12:56:03"					"XL-BYGG JBM Lessebo"		UTL310	3	"B Widéns Kalmar"	UTL310	MG			ANTO87
UTL310B							30	"2026-05-13 12:56:13"							UTL310	4		UTL310	MG			ANTO87
UTL310B							30	"2026-05-07 14:18:12"							UTL310	5		UTL310	MG			ANTO87
UTL311A							30	"2026-05-12 06:44:32"							UTL311	1		UTL311	MG			ANTO87
UTL311A				658			30	"2026-05-12 07:39:25"					"XL-BYGG Kungsbacka"		UTL311	2		UTL311	MG			ANTO87
UTL311A							30	"2026-05-07 06:25:25"							UTL311	3		UTL311	MG			ANTO87
UTL311A							30	"2026-05-08 06:08:00"							UTL311	4		UTL311	MG			ANTO87
UTL311A							30	"2026-05-11 06:36:38"							UTL311	5		UTL311	MG			ANTO87
UTL311B							30	"2026-05-12 06:44:32"							UTL311	1		UTL311	MG			ANTO87
UTL311B							30	"2026-05-05 18:30:52"							UTL311	2		UTL311	MG			ANTO87
UTL311B				192225			30	"2026-05-13 12:56:03"					"Lasses i Ryd AB"		UTL311	3	"B Widéns Kalmar"	UTL311	MG			ANTO87
UTL311B							30	"2026-05-13 12:56:13"							UTL311	4		UTL311	MG			ANTO87
UTL311B							30	"2026-05-07 14:18:12"							UTL311	5		UTL311	MG			ANTO87
UTL312A							30	"2026-05-12 06:44:32"							UTL312	1		UTL312	MG			ANTO87
UTL312A							30	"2026-05-05 19:04:33"							UTL312	2		UTL312	MG			ANTO87
UTL312A							30	"2026-05-07 06:25:25"							UTL312	3		UTL312	MG			ANTO87
UTL312A							30	"2026-05-08 06:08:00"							UTL312	4		UTL312	MG			ANTO87
UTL312A							30	"2026-05-11 06:36:38"							UTL312	5		UTL312	MG			ANTO87
UTL312B							30	"2026-05-05 06:21:47"							UTL312	1		UTL312	MG			ANTO87
UTL312B							30	"2026-05-05 18:30:52"							UTL312	2		UTL312	MG			ANTO87
UTL312B				322			30	"2026-05-13 12:56:03"					"Löttorps Byggvaror"		UTL312	3	"B Widéns Kalmar"	UTL312	MG			ANTO87
UTL312B							30	"2026-05-13 12:56:13"							UTL312	4		UTL312	MG			ANTO87
UTL312B							30	"2026-05-07 14:18:12"							UTL312	5		UTL312	MG			ANTO87
UTL313A							30	"2026-04-21 06:41:53"							UTL313	1		UTL313	MG			ANTO87
UTL313A							30	"2026-05-05 19:04:33"							UTL313	2		UTL313	MG			ANTO87
UTL313A							30	"2026-05-07 06:25:25"							UTL313	3		UTL313	MG			ANTO87
UTL313A							30	"2026-05-06 14:42:43"							UTL313	4		UTL313	MG			ANTO87
UTL313A							30	"2026-05-11 06:36:38"							UTL313	5		UTL313	MG			ANTO87
UTL313B							30	"2026-05-05 06:21:47"							UTL313	1		UTL313	MG			ANTO87
UTL313B							30	"2026-05-05 18:30:52"							UTL313	2		UTL313	MG			ANTO87
UTL313B				322			30	"2026-05-13 12:56:03"					"Löttorps Byggvaror"		UTL313	3	"B Widéns Kalmar"	UTL313	MG			ANTO87
UTL313B							30	"2026-05-13 12:56:13"							UTL313	4		UTL313	MG			ANTO87
UTL313B							30	"2026-05-07 14:18:12"							UTL313	5		UTL313	MG			ANTO87
UTL314A							30	"2026-05-12 06:44:32"							UTL314	1		UTL314	MG			ANTO87
UTL314A				481			30	"2026-05-12 07:39:25"					"Hantverkarhuset Göteborg"		UTL314	2		UTL314	MG			ANTO87
UTL314A							30	"2026-05-07 06:25:25"							UTL314	3		UTL314	MG			ANTO87
UTL314A							30	"2026-05-08 06:08:01"							UTL314	4		UTL314	MG			ANTO87
UTL314A							30	"2026-05-11 06:36:38"							UTL314	5		UTL314	MG			ANTO87
UTL314B							30	"2026-05-12 06:44:32"							UTL314	1		UTL314	MG			ANTO87
UTL314B							30	"2026-05-06 12:54:31"							UTL314	2		UTL314	MG			ANTO87
UTL314B				648			30	"2026-05-13 12:56:03"					"XL-BYGG Oskarshamn"		UTL314	3	"B Widéns Kalmar"	UTL314	MG			ANTO87
UTL314B							30	"2026-05-13 12:56:13"							UTL314	4		UTL314	MG			ANTO87
UTL314B							30	"2026-05-07 14:18:12"							UTL314	5		UTL314	MG			ANTO87
UTL315A							30	"2026-05-12 06:44:32"							UTL315	1		UTL315	MG			ANTO87
UTL315A				484402			30	"2026-05-12 07:39:25"					"Colorama Askim"		UTL315	2		UTL315	MG			ANTO87
UTL315A							30	"2026-05-07 06:25:25"							UTL315	3		UTL315	MG			ANTO87
UTL315A							30	"2026-05-08 06:08:01"							UTL315	4		UTL315	MG			ANTO87
UTL315A							30	"2026-05-11 06:36:38"							UTL315	5		UTL315	MG			ANTO87
UTL315B							30	"2026-05-12 06:44:32"							UTL315	1		UTL315	MG			ANTO87
UTL315B							30	"2026-05-06 12:54:31"							UTL315	2		UTL315	MG			ANTO87
UTL315B							30	"2026-04-16 06:42:35"							UTL315	3		UTL315	MG			ANTO87
UTL315B							30	"2026-05-08 06:08:01"							UTL315	4		UTL315	MG			ANTO87
UTL315B							30	"2026-05-07 14:18:12"							UTL315	5		UTL315	MG			ANTO87
UTL316A							30	"2026-05-12 06:44:32"							UTL316	1		UTL316	MG			ANTO87
UTL316A				484402			30	"2026-05-12 07:39:25"					"Colorama Askim"		UTL316	2		UTL316	MG			ANTO87
UTL316A							30	"2026-05-07 06:25:25"							UTL316	3		UTL316	MG			ANTO87
UTL316A							30	"2026-05-08 06:08:01"							UTL316	4		UTL316	MG			ANTO87
UTL316A							30	"2026-05-11 06:36:38"							UTL316	5		UTL316	MG			ANTO87
UTL316B							30	"2026-05-12 06:44:32"							UTL316	1		UTL316	MG			ANTO87
UTL316B							30	"2026-05-06 12:54:31"							UTL316	2		UTL316	MG			ANTO87
UTL316B							30	"2026-04-16 06:42:36"							UTL316	3		UTL316	MG			ANTO87
UTL316B							30	"2026-05-08 06:08:01"							UTL316	4		UTL316	MG			ANTO87
UTL316B							30	"2026-05-07 14:18:12"							UTL316	5		UTL316	MG			ANTO87
UTL317A							30	"2026-05-12 06:44:32"							UTL317	1		UTL317	MG			ANTO87
UTL317A				401			30	"2026-05-12 07:39:25"					"Skottorps Bygghandel"		UTL317	2		UTL317	MG			ANTO87
UTL317A							30	"2026-05-07 06:25:25"							UTL317	3		UTL317	MG			ANTO87
UTL317A							30	"2026-05-08 06:08:01"							UTL317	4		UTL317	MG			ANTO87
UTL317A							30	"2026-05-11 06:36:38"							UTL317	5		UTL317	MG			ANTO87
UTL317B							30	"2026-05-12 06:44:32"							UTL317	1		UTL317	MG			ANTO87
UTL317B							30	"2026-05-06 12:54:31"							UTL317	2		UTL317	MG			ANTO87
UTL317B				484407			30	"2026-05-13 12:56:03"					"Colorama Filipstad"		UTL317	3	"B Börje Jönsson"	UTL317	MG			ANTO87
UTL317B							30	"2026-05-13 12:56:13"							UTL317	4		UTL317	MG			ANTO87
UTL317B							30	"2026-05-07 14:18:12"							UTL317	5		UTL317	MG			ANTO87
UTL318A							30	"2026-05-12 06:44:32"							UTL318	1		UTL318	MG			ANTO87
UTL318A				401			30	"2026-05-12 07:39:25"					"Skottorps Bygghandel"		UTL318	2		UTL318	MG			ANTO87
UTL318A							30	"2026-05-07 06:25:25"							UTL318	3		UTL318	MG			ANTO87
UTL318A							30	"2026-05-08 06:08:02"							UTL318	4		UTL318	MG			ANTO87
UTL318A							30	"2026-05-11 06:36:38"							UTL318	5		UTL318	MG			ANTO87
UTL318B							30	"2026-05-12 06:44:32"							UTL318	1		UTL318	MG			ANTO87
UTL318B							30	"2026-05-06 12:54:31"							UTL318	2		UTL318	MG			ANTO87
UTL318B				484407			30	"2026-05-13 12:56:03"					"Colorama Filipstad"		UTL318	3	"B Börje Jönsson"	UTL318	MG			ANTO87
UTL318B							30	"2026-05-13 12:56:13"							UTL318	4		UTL318	MG			ANTO87
UTL318B							30	"2026-05-07 14:18:13"							UTL318	5		UTL318	MG			ANTO87
UTL319A							30	"2026-05-12 06:44:32"							UTL319	1		UTL319	MG			ANTO87
UTL319A				1921042			30	"2026-05-12 07:39:25"					"Colorama Billdal"		UTL319	2		UTL319	MG			ANTO87
UTL319A							30	"2026-05-07 06:25:25"							UTL319	3		UTL319	MG			ANTO87
UTL319A							30	"2026-05-08 06:08:03"							UTL319	4		UTL319	MG			ANTO87
UTL319A							30	"2026-05-11 06:36:38"							UTL319	5		UTL319	MG			ANTO87
UTL319B							30	"2026-05-12 06:44:32"							UTL319	1		UTL319	MG			ANTO87
UTL319B							30	"2026-05-06 12:54:31"							UTL319	2		UTL319	MG			ANTO87
UTL319B				484407			30	"2026-05-13 12:56:03"					"Colorama Filipstad"		UTL319	3	"B Börje Jönsson"	UTL319	MG			ANTO87
UTL319B							30	"2026-05-13 12:56:14"							UTL319	4		UTL319	MG			ANTO87
UTL319B							30	"2026-05-07 14:18:13"							UTL319	5		UTL319	MG			ANTO87
UTL31A							30	"2026-05-11 17:02:31"							UTL31A	1		UTL31	GG			FILI10
UTL31A				412			30	"2026-05-12 16:29:50"					"Granngården Gävle"		UTL31A	2		UTL31	GG			FILI10
UTL31A				452			30	"2026-05-13 11:29:49"					"Granngården Mariestad"		UTL31A	3		UTL31	GG			FILI10
UTL31A							30	"2026-05-11 17:02:31"							UTL31A	4		UTL31	GG			FILI10
UTL31A				452			30	"2026-05-13 11:29:49"					"Granngården Mariestad"		UTL31A	5		UTL31	GG			FILI10
UTL31A							30	"2026-05-11 17:02:31"							UTL31A	6		UTL31	GG			
UTL31A							30	"2026-05-11 17:02:31"							UTL31A	7		UTL31	GG			
UTL31B							30	"2026-05-11 17:02:31"							UTL31B	1		UTL31	GG			FILI10
UTL31B							30	"2026-04-10 16:15:18"							UTL31B	2		UTL31	GG			FILI10
UTL31B							30	"2026-05-11 17:02:31"							UTL31B	3		UTL31	GG			FILI10
UTL31B							30	"2026-05-11 17:02:32"							UTL31B	4		UTL31	GG			FILI10
UTL31B							30	"2026-05-11 17:02:32"							UTL31B	5		UTL31	GG			FILI10
UTL31B							30	"2026-05-11 17:02:32"							UTL31B	6		UTL31	GG			
UTL31B							30	"2026-05-11 17:02:32"							UTL31B	7		UTL31	GG			
UTL320A							30	"2026-05-12 06:44:32"							UTL320	1		UTL320	MG			ANTO87
UTL320A				1921042			30	"2026-05-12 07:39:25"					"Colorama Billdal"		UTL320	2		UTL320	MG			ANTO87
UTL320A							30	"2026-05-07 06:25:25"							UTL320	3		UTL320	MG			ANTO87
UTL320A							30	"2026-05-08 06:08:03"							UTL320	4		UTL320	MG			ANTO87
UTL320A							30	"2026-05-11 06:36:39"							UTL320	5		UTL320	MG			ANTO87
UTL320B							30	"2026-05-12 06:44:32"							UTL320	1		UTL320	MG			ANTO87
UTL320B							30	"2026-05-06 12:54:31"							UTL320	2		UTL320	MG			ANTO87
UTL320B				484407			30	"2026-05-13 12:56:03"					"Colorama Filipstad"		UTL320	3	"B Börje Jönsson"	UTL320	MG			ANTO87
UTL320B							30	"2026-05-13 12:56:14"							UTL320	4		UTL320	MG			ANTO87
UTL320B							30	"2026-05-07 14:18:13"							UTL320	5		UTL320	MG			ANTO87
UTL321A							30	"2026-05-12 06:44:32"							UTL321	1		UTL321	MG			ANTO87
UTL321A				660			30	"2026-05-12 07:39:25"					"XL-BYGG Mölndal"		UTL321	2		UTL321	MG			ANTO87
UTL321A							30	"2026-05-07 06:25:25"							UTL321	3		UTL321	MG			ANTO87
UTL321A							30	"2026-05-08 06:08:03"							UTL321	4		UTL321	MG			ANTO87
UTL321A							30	"2026-05-11 06:36:39"							UTL321	5		UTL321	MG			ANTO87
UTL321B							30	"2026-05-12 06:44:33"							UTL321	1		UTL321	MG			ANTO87
UTL321B							30	"2026-05-06 12:54:31"							UTL321	2		UTL321	MG			ANTO87
UTL321B				484407			30	"2026-05-13 12:56:03"					"Colorama Filipstad"		UTL321	3	"B Börje Jönsson"	UTL321	MG			ANTO87
UTL321B							30	"2026-05-13 12:56:14"							UTL321	4		UTL321	MG			ANTO87
UTL321B							30	"2026-05-07 14:18:13"							UTL321	5		UTL321	MG			ANTO87
UTL322A							30	"2026-04-21 06:41:56"							UTL322	1		UTL322	MG			ANTO87
UTL322A				660			30	"2026-05-12 07:39:25"					"XL-BYGG Mölndal"		UTL322	2		UTL322	MG			ANTO87
UTL322A							30	"2026-05-07 06:25:25"							UTL322	3		UTL322	MG			ANTO87
UTL322A							30	"2026-05-06 14:42:45"							UTL322	4		UTL322	MG			ANTO87
UTL322A							30	"2026-05-11 06:36:39"							UTL322	5		UTL322	MG			ANTO87
UTL322B							30	"2026-05-12 06:44:33"							UTL322	1		UTL322	MG			ANTO87
UTL322B							30	"2026-05-06 12:54:32"							UTL322	2		UTL322	MG			ANTO87
UTL322B				484407			30	"2026-05-13 12:56:03"					"Colorama Filipstad"		UTL322	3	"B Börje Jönsson"	UTL322	MG			ANTO87
UTL322B							30	"2026-05-13 12:56:14"							UTL322	4		UTL322	MG			ANTO87
UTL322B							30	"2026-05-07 14:18:13"							UTL322	5		UTL322	MG			ANTO87
UTL323A							30	"2026-03-27 13:03:38"							UTL323	1		UTL323	MG			ANTO87
UTL323A							30	"2026-04-22 06:46:02"							UTL323	2		UTL323	MG			ANTO87
UTL323A							30	"2026-04-16 06:42:37"							UTL323	3		UTL323	MG			ANTO87
UTL323A							30	"2026-05-06 14:42:45"							UTL323	4		UTL323	MG			ANTO87
UTL323A							30	"2026-05-07 14:18:13"							UTL323	5		UTL323	MG			ANTO87
UTL323B							30	"2026-04-14 07:12:40"							UTL323	1		UTL323	MG			ANTO87
UTL323B							30	"2026-04-22 06:46:03"							UTL323	2		UTL323	MG			ANTO87
UTL323B							30	"2026-04-16 06:42:37"							UTL323	3		UTL323	MG			ANTO87
UTL323B							30	"2026-05-06 14:42:45"							UTL323	4		UTL323	MG			ANTO87
UTL323B							30	"2026-05-07 14:18:13"							UTL323	5		UTL323	MG			ANTO87
UTL324A							30	"2026-04-28 06:54:49"							UTL324	1		UTL324	MG			ANTO87
UTL324A				192136			30	"2026-05-12 07:39:25"					"Jannes Färg & Tapet AB"		UTL324	2		UTL324	MG			ANTO87
UTL324A				396			30	"2026-05-13 07:21:16"					"Bolist Edebo Såg"		UTL324	3	"Sandahals 23 Uppsala"	UTL324	MG			ANTO87
UTL324A							30	"2026-05-06 14:42:45"							UTL324	4		UTL324	MG			ANTO87
UTL324A							30	"2026-05-11 06:36:39"							UTL324	5		UTL324	MG			ANTO87
UTL324B							30	"2026-05-12 06:44:33"							UTL324	1		UTL324	MG			ANTO87
UTL324B				396			30	"2026-05-12 13:05:09"					"Bolist Edebo Såg"		UTL324	2		UTL324	MG			HUGO49
UTL324B				646			30	"2026-05-13 12:56:03"					"XL-BYGG Karlstad"		UTL324	3	"B Börje Jönsson"	UTL324	MG			ANTO87
UTL324B							30	"2026-05-13 12:56:14"							UTL324	4		UTL324	MG			ANTO87
UTL324B							30	"2026-05-07 14:18:13"							UTL324	5		UTL324	MG			ANTO87
UTL325A							30	"2026-04-28 06:54:49"							UTL325	1		UTL325	MG			ANTO87
UTL325A				192136			30	"2026-05-12 07:39:25"					"Jannes Färg & Tapet AB"		UTL325	2		UTL325	MG			ANTO87
UTL325A							30	"2026-05-07 06:25:25"							UTL325	3		UTL325	MG			ANTO87
UTL325A							30	"2026-05-06 14:42:45"							UTL325	4		UTL325	MG			ANTO87
UTL325A							30	"2026-05-11 06:36:39"							UTL325	5		UTL325	MG			ANTO87
UTL325B							30	"2026-05-12 06:44:33"							UTL325	1		UTL325	MG			ANTO87
UTL325B							30	"2026-05-06 12:54:32"							UTL325	2		UTL325	MG			ANTO87
UTL325B				646			30	"2026-05-13 12:56:03"					"XL-BYGG Karlstad"		UTL325	3	"B Börje Jönsson"	UTL325	MG			ANTO87
UTL325B							30	"2026-05-13 12:56:14"							UTL325	4		UTL325	MG			ANTO87
UTL325B							30	"2026-05-07 14:18:13"							UTL325	5		UTL325	MG			ANTO87
UTL326A							30	"2026-04-28 06:54:49"							UTL326	1		UTL326	MG			ANTO87
UTL326A				192136			30	"2026-05-12 07:39:25"					"Jannes Färg & Tapet AB"		UTL326	2		UTL326	MG			ANTO87
UTL326A				377			30	"2026-05-13 07:21:16"					Gustis		UTL326	3	"Sandahals 23 Uppsala"	UTL326	MG			ANTO87
UTL326A							30	"2026-05-06 14:42:45"							UTL326	4		UTL326	MG			ANTO87
UTL326A							30	"2026-05-11 06:36:39"							UTL326	5		UTL326	MG			ANTO87
UTL326B							30	"2026-05-12 06:44:33"							UTL326	1		UTL326	MG			ANTO87
UTL326B				377			30	"2026-05-12 13:05:09"					Gustis		UTL326	2		UTL326	MG			HUGO49
UTL326B				646			30	"2026-05-13 12:56:03"					"XL-BYGG Karlstad"		UTL326	3	"B Börje Jönsson"	UTL326	MG			ANTO87
UTL326B							30	"2026-05-13 12:56:14"							UTL326	4		UTL326	MG			ANTO87
UTL326B							30	"2026-05-07 14:18:13"							UTL326	5		UTL326	MG			ANTO87
UTL327A							30	"2026-05-05 06:21:48"							UTL327	1		UTL327	MG			ANTO87
UTL327A				484727			30	"2026-05-12 07:39:25"					"Colorama Kungsbacka"		UTL327	2		UTL327	MG			ANTO87
UTL327A				377			30	"2026-05-13 07:21:16"					Gustis		UTL327	3	"Sandahals 23 Uppsala"	UTL327	MG			ANTO87
UTL327A							30	"2026-05-06 14:42:45"							UTL327	4		UTL327	MG			ANTO87
UTL327A							30	"2026-05-11 06:36:39"							UTL327	5		UTL327	MG			ANTO87
UTL327B							30	"2026-05-12 06:44:33"							UTL327	1		UTL327	MG			ANTO87
UTL327B				377			30	"2026-05-12 13:05:09"					Gustis		UTL327	2		UTL327	MG			HUGO49
UTL327B				646			30	"2026-05-13 12:56:03"					"XL-BYGG Karlstad"		UTL327	3	"B Börje Jönsson"	UTL327	MG			ANTO87
UTL327B							30	"2026-05-13 12:56:14"							UTL327	4		UTL327	MG			ANTO87
UTL327B							30	"2026-05-07 14:18:14"							UTL327	5		UTL327	MG			ANTO87
UTL328A							30	"2026-05-05 06:21:48"							UTL328	1		UTL328	MG			ANTO87
UTL328A				484727			30	"2026-05-12 07:39:25"					"Colorama Kungsbacka"		UTL328	2		UTL328	MG			ANTO87
UTL328A				377			30	"2026-05-13 07:21:16"					Gustis		UTL328	3	"Sandahals 23 Uppsala"	UTL328	MG			ANTO87
UTL328A							30	"2026-05-06 14:42:46"							UTL328	4		UTL328	MG			ANTO87
UTL328A							30	"2026-05-11 06:36:39"							UTL328	5		UTL328	MG			ANTO87
UTL328B							30	"2026-05-12 06:44:33"							UTL328	1		UTL328	MG			ANTO87
UTL328B				377			30	"2026-05-12 13:05:09"					Gustis		UTL328	2		UTL328	MG			HUGO49
UTL328B				304			30	"2026-05-13 12:56:03"					"Olsäter Såg"		UTL328	3	"B Börje Jönsson"	UTL328	MG			ANTO87
UTL328B							30	"2026-05-13 12:56:14"							UTL328	4		UTL328	MG			ANTO87
UTL328B							30	"2026-05-07 14:18:14"							UTL328	5		UTL328	MG			ANTO87
UTL329A							30	"2026-05-05 06:21:48"							UTL329	1		UTL329	MG			ANTO87
UTL329A				484727			30	"2026-05-12 07:39:25"					"Colorama Kungsbacka"		UTL329	2		UTL329	MG			ANTO87
UTL329A				377			30	"2026-05-13 07:21:16"					Gustis		UTL329	3	"Sandahals 23 Uppsala"	UTL329	MG			ANTO87
UTL329A							30	"2026-05-06 14:42:46"							UTL329	4		UTL329	MG			ANTO87
UTL329A							30	"2026-05-11 06:36:39"							UTL329	5		UTL329	MG			ANTO87
UTL329B							30	"2026-05-12 06:44:33"							UTL329	1		UTL329	MG			ANTO87
UTL329B				377			30	"2026-05-12 13:05:09"					Gustis		UTL329	2		UTL329	MG			HUGO49
UTL329B				304			30	"2026-05-13 12:56:03"					"Olsäter Såg"		UTL329	3	"B Börje Jönsson"	UTL329	MG			ANTO87
UTL329B							30	"2026-05-13 12:56:14"							UTL329	4		UTL329	MG			ANTO87
UTL329B							30	"2026-05-07 14:18:14"							UTL329	5		UTL329	MG			ANTO87
UTL32A							30	"2026-05-11 17:02:32"							UTL32A	1		UTL32	GG			FILI10
UTL32A				412			30	"2026-05-12 16:29:50"					"Granngården Gävle"		UTL32A	2		UTL32	GG			FILI10
UTL32A				452			30	"2026-05-13 11:29:49"					"Granngården Mariestad"		UTL32A	3		UTL32	GG			FILI10
UTL32A							30	"2026-05-11 17:02:32"							UTL32A	4		UTL32	GG			FILI10
UTL32A				452			30	"2026-05-13 11:29:49"					"Granngården Mariestad"		UTL32A	5		UTL32	GG			FILI10
UTL32A							30	"2026-05-11 17:02:32"							UTL32A	6		UTL32	GG			
UTL32A							30	"2026-05-11 17:02:32"							UTL32A	7		UTL32	GG			
UTL32B							30	"2026-05-11 17:02:32"							UTL32B	1		UTL32	GG			SEBA80
UTL32B							30	"2026-04-10 16:15:19"							UTL32B	2		UTL32	GG			FILI10
UTL32B							30	"2026-05-11 17:02:32"							UTL32B	3		UTL32	GG			FILI10
UTL32B							30	"2026-05-11 17:02:32"							UTL32B	4		UTL32	GG			FILI10
UTL32B							30	"2026-05-11 17:02:32"							UTL32B	5		UTL32	GG			FILI10
UTL32B							30	"2026-05-11 17:02:32"							UTL32B	6		UTL32	GG			
UTL32B							30	"2026-05-11 17:02:32"							UTL32B	7		UTL32	GG			
UTL330A							30	"2026-03-27 13:03:38"							UTL330	1		UTL330	MG			ANTO87
UTL330A							30	"2026-04-22 06:46:04"							UTL330	2		UTL330	MG			ANTO87
UTL330A							30	"2026-04-16 06:42:39"							UTL330	3		UTL330	MG			ANTO87
UTL330A							30	"2026-05-06 14:42:46"							UTL330	4		UTL330	MG			ANTO87
UTL330A							30	"2026-05-07 14:18:14"							UTL330	5		UTL330	MG			ANTO87
UTL330B							30	"2026-03-27 13:03:39"							UTL330	1		UTL330	MG			ANTO87
UTL330B							30	"2026-04-22 06:46:04"							UTL330	2		UTL330	MG			ANTO87
UTL330B							30	"2026-04-16 06:42:39"							UTL330	3		UTL330	MG			ANTO87
UTL330B							30	"2026-05-06 14:42:46"							UTL330	4		UTL330	MG			ANTO87
UTL330B							30	"2026-05-07 14:18:14"							UTL330	5		UTL330	MG			ANTO87
UTL331A							30	"2026-04-14 07:12:41"							UTL331	1		UTL331	MG			ANTO87
UTL331A							30	"2026-04-22 06:46:04"							UTL331	2		UTL331	MG			ANTO87
UTL331A							30	"2026-04-16 06:42:39"							UTL331	3		UTL331	MG			ANTO87
UTL331A							30	"2026-05-06 14:42:46"							UTL331	4		UTL331	MG			ANTO87
UTL331A							30	"2026-05-07 14:18:14"							UTL331	5		UTL331	MG			ANTO87
UTL331B							30	"2026-03-27 13:03:39"							UTL331	1		UTL331	MG			ANTO87
UTL331B							30	"2026-04-22 06:46:04"							UTL331	2		UTL331	MG			ANTO87
UTL331B							30	"2026-04-16 06:42:39"							UTL331	3		UTL331	MG			ANTO87
UTL331B							30	"2026-05-06 14:42:46"							UTL331	4		UTL331	MG			ANTO87
UTL331B							30	"2026-05-07 14:18:14"							UTL331	5		UTL331	MG			ANTO87
UTL332A							30	"2026-05-05 06:21:48"							UTL332	1		UTL332	MG			ANTO87
UTL332A				484360			30	"2026-05-12 07:39:25"					"Colorama Halmstad"		UTL332	2		UTL332	MG			ANTO87
UTL332A				702			30	"2026-05-13 07:21:16"					"C24-BYGG Spillersboda"		UTL332	3	"Sandahals 23 Uppsala"	UTL332	MG			ANTO87
UTL332A							30	"2026-05-08 06:08:03"							UTL332	4		UTL332	MG			ANTO87
UTL332A							30	"2026-05-11 06:36:39"							UTL332	5		UTL332	MG			ANTO87
UTL332B							30	"2026-05-12 06:44:33"							UTL332	1		UTL332	MG			ANTO87
UTL332B				702			30	"2026-05-12 13:05:09"					"C24-BYGG Spillersboda"		UTL332	2		UTL332	MG			HUGO49
UTL332B				484176			30	"2026-05-13 12:56:03"					"Colorama Kristinehamn"		UTL332	3	"B Börje Jönsson"	UTL332	MG			ANTO87
UTL332B							30	"2026-05-13 12:56:14"							UTL332	4		UTL332	MG			ANTO87
UTL332B							30	"2026-05-07 14:18:14"							UTL332	5		UTL332	MG			ANTO87
UTL333A							30	"2026-05-05 06:21:48"							UTL333	1		UTL333	MG			ANTO87
UTL333A				484360			30	"2026-05-12 07:39:25"					"Colorama Halmstad"		UTL333	2		UTL333	MG			ANTO87
UTL333A				711			30	"2026-05-13 07:21:16"					"C24-BYGG Bergshamra"		UTL333	3	"Sandahals 23 Uppsala"	UTL333	MG			ANTO87
UTL333A							30	"2026-05-08 06:08:04"							UTL333	4		UTL333	MG			ANTO87
UTL333A							30	"2026-05-11 06:36:39"							UTL333	5		UTL333	MG			ANTO87
UTL333B							30	"2026-05-12 06:44:33"							UTL333	1		UTL333	MG			ANTO87
UTL333B				711			30	"2026-05-12 13:05:09"					"C24-BYGG Bergshamra"		UTL333	2		UTL333	MG			HUGO49
UTL333B				484172			30	"2026-05-13 12:56:03"					"Colorama Arvika"		UTL333	3	"B Börje Jönsson"	UTL333	MG			ANTO87
UTL333B							30	"2026-05-13 12:56:14"							UTL333	4		UTL333	MG			ANTO87
UTL333B							30	"2026-05-07 14:18:14"							UTL333	5		UTL333	MG			ANTO87
UTL334A							30	"2026-05-05 06:21:48"							UTL334	1		UTL334	MG			ANTO87
UTL334A				484360			30	"2026-05-12 07:39:25"					"Colorama Halmstad"		UTL334	2		UTL334	MG			ANTO87
UTL334A							30	"2026-05-07 06:25:26"							UTL334	3		UTL334	MG			ANTO87
UTL334A							30	"2026-05-08 06:08:04"							UTL334	4		UTL334	MG			ANTO87
UTL334A							30	"2026-05-11 06:36:39"							UTL334	5		UTL334	MG			ANTO87
UTL334B							30	"2026-05-12 06:44:33"							UTL334	1		UTL334	MG			ANTO87
UTL334B							30	"2026-05-06 12:54:32"							UTL334	2		UTL334	MG			ANTO87
UTL334B				484735			30	"2026-05-13 12:56:03"					"Colorama Karlstad"		UTL334	3	"B Börje Jönsson"	UTL334	MG			ANTO87
UTL334B							30	"2026-05-13 12:56:14"							UTL334	4		UTL334	MG			ANTO87
UTL334B							30	"2026-05-07 14:18:14"							UTL334	5		UTL334	MG			ANTO87
UTL335A							30	"2026-05-05 06:21:48"							UTL335	1		UTL335	MG			ANTO87
UTL335A				484360			30	"2026-05-12 07:39:25"					"Colorama Halmstad"		UTL335	2		UTL335	MG			ANTO87
UTL335A				288			30	"2026-05-13 07:21:16"					"Räfsnäs såg"		UTL335	3	"Sandahals 23 Uppsala"	UTL335	MG			ANTO87
UTL335A							30	"2026-05-08 06:08:04"							UTL335	4		UTL335	MG			ANTO87
UTL335A							30	"2026-05-11 06:36:39"							UTL335	5		UTL335	MG			ANTO87
UTL335B							30	"2026-05-12 06:44:33"							UTL335	1		UTL335	MG			ANTO87
UTL335B				288			30	"2026-05-12 13:05:09"					"Räfsnäs såg"		UTL335	2		UTL335	MG			HUGO49
UTL335B				484735			30	"2026-05-13 12:56:03"					"Colorama Karlstad"		UTL335	3	"B Börje Jönsson"	UTL335	MG			ANTO87
UTL335B							30	"2026-05-13 12:56:14"							UTL335	4		UTL335	MG			ANTO87
UTL335B							30	"2026-05-07 14:18:14"							UTL335	5		UTL335	MG			ANTO87
UTL336A							30	"2026-05-05 06:21:49"							UTL336	1		UTL336	MG			ANTO87
UTL336A				484360			30	"2026-05-12 07:39:25"					"Colorama Halmstad"		UTL336	2		UTL336	MG			ANTO87
UTL336A				288			30	"2026-05-13 07:21:16"					"Räfsnäs såg"		UTL336	3	"Sandahals 23 Uppsala"	UTL336	MG			ANTO87
UTL336A							30	"2026-05-08 06:08:04"							UTL336	4		UTL336	MG			ANTO87
UTL336A							30	"2026-05-11 06:36:39"							UTL336	5		UTL336	MG			ANTO87
UTL336B							30	"2026-05-12 06:44:33"							UTL336	1		UTL336	MG			ANTO87
UTL336B				288			30	"2026-05-12 13:05:09"					"Räfsnäs såg"		UTL336	2		UTL336	MG			HUGO49
UTL336B				484735			30	"2026-05-13 12:56:03"					"Colorama Karlstad"		UTL336	3	"B Börje Jönsson"	UTL336	MG			ANTO87
UTL336B							30	"2026-05-13 12:56:14"							UTL336	4		UTL336	MG			ANTO87
UTL336B							30	"2026-05-07 14:18:15"							UTL336	5		UTL336	MG			ANTO87
UTL337A							30	"2026-05-05 06:21:49"							UTL337	1		UTL337	MG			ANTO87
UTL337A				484360			30	"2026-05-12 07:39:25"					"Colorama Halmstad"		UTL337	2		UTL337	MG			ANTO87
UTL337A				634			30	"2026-05-13 07:21:16"					"XL-BYGG Pousette"		UTL337	3	"Sandahals 23 Uppsala"	UTL337	MG			ANTO87
UTL337A							30	"2026-05-08 06:08:04"							UTL337	4		UTL337	MG			ANTO87
UTL337A							30	"2026-05-11 06:36:39"							UTL337	5		UTL337	MG			ANTO87
UTL337B							30	"2026-05-12 06:44:33"							UTL337	1		UTL337	MG			ANTO87
UTL337B				634			30	"2026-05-12 13:05:09"					"XL-BYGG Pousette"		UTL337	2		UTL337	MG			HUGO49
UTL337B				304			30	"2026-05-13 12:56:03"					"Olsäter Såg"		UTL337	3	"B Börje Jönsson"	UTL337	MG			ANTO87
UTL337B							30	"2026-05-13 12:56:14"							UTL337	4		UTL337	MG			ANTO87
UTL337B							30	"2026-05-07 14:18:15"							UTL337	5		UTL337	MG			ANTO87
UTL338A							30	"2026-05-05 06:21:50"							UTL338	1		UTL338	MG			ANTO87
UTL338A				484360			30	"2026-05-12 07:39:25"					"Colorama Halmstad"		UTL338	2		UTL338	MG			ANTO87
UTL338A				634			30	"2026-05-13 07:21:16"					"XL-BYGG Pousette"		UTL338	3	"Sandahals 23 Uppsala"	UTL338	MG			ANTO87
UTL338A							30	"2026-05-08 06:08:04"							UTL338	4		UTL338	MG			ANTO87
UTL338A							30	"2026-05-11 06:36:40"							UTL338	5		UTL338	MG			ANTO87
UTL338B							30	"2026-05-12 06:44:33"							UTL338	1		UTL338	MG			ANTO87
UTL338B				634			30	"2026-05-12 13:05:09"					"XL-BYGG Pousette"		UTL338	2		UTL338	MG			HUGO49
UTL338B				304			30	"2026-05-13 12:56:03"					"Olsäter Såg"		UTL338	3	"B Börje Jönsson"	UTL338	MG			ANTO87
UTL338B							30	"2026-05-13 12:56:14"							UTL338	4		UTL338	MG			ANTO87
UTL338B							30	"2026-05-07 14:18:15"							UTL338	5		UTL338	MG			ANTO87
UTL339A							30	"2026-05-12 06:44:33"							UTL339	1		UTL339	MG			ANTO87
UTL339A							30	"2026-05-05 19:04:35"							UTL339	2		UTL339	MG			ANTO87
UTL339A				713			30	"2026-05-13 07:21:16"					"XL-BYGG MaterialMännen Västervik"		UTL339	3	"Widéns Kalmar"	UTL339	MG			ANTO87
UTL339A							30	"2026-05-08 06:08:04"							UTL339	4		UTL339	MG			ANTO87
UTL339A							30	"2026-05-11 06:36:40"							UTL339	5		UTL339	MG			ANTO87
UTL339B							30	"2026-05-05 06:21:50"							UTL339	1		UTL339	MG			ANTO87
UTL339B				713			30	"2026-05-12 13:05:09"					"XL-BYGG MaterialMännen Västervik"		UTL339	2		UTL339	MG			HUGO49
UTL339B				664			30	"2026-05-13 12:56:03"					"XL-BYGG Torsby"		UTL339	3	"B Börje Jönsson"	UTL339	MG			ANTO87
UTL339B							30	"2026-05-13 12:56:14"							UTL339	4		UTL339	MG			ANTO87
UTL339B							30	"2026-05-08 14:45:03"							UTL339	5		UTL339	MG			ANTO87
UTL33A							30	"2026-05-11 17:02:32"							UTL33A	1		UTL33	GG			FILI10
UTL33A							30	"2026-05-12 15:26:05"							UTL33A	2		UTL33	GG			FILI10
UTL33A				411			30	"2026-05-13 16:25:29"					"Granngården Bollnäs"		UTL33A	3		UTL33	GG			FILI10
UTL33A							30	"2026-05-11 17:02:33"							UTL33A	4		UTL33	GG			FILI10
UTL33A				411			30	"2026-05-13 16:25:29"					"Granngården Bollnäs"		UTL33A	5		UTL33	GG			FILI10
UTL33A							30	"2026-05-11 17:02:33"							UTL33A	6		UTL33	GG			
UTL33A							30	"2026-05-11 17:02:33"							UTL33A	7		UTL33	GG			
UTL33B							30	"2026-05-11 17:02:33"							UTL33B	1		UTL33	GG			SEBA80
UTL33B							30	"2026-04-10 16:15:20"							UTL33B	2		UTL33	GG			FILI10
UTL33B							30	"2026-05-11 17:02:33"							UTL33B	3		UTL33	GG			FILI10
UTL33B							30	"2026-05-11 17:02:33"							UTL33B	4		UTL33	GG			FILI10
UTL33B							30	"2026-05-11 17:02:33"							UTL33B	5		UTL33	GG			FILI10
UTL33B							30	"2026-05-11 17:02:33"							UTL33B	6		UTL33	GG			
UTL33B							30	"2026-05-11 17:02:33"							UTL33B	7		UTL33	GG			
UTL340A							30	"2026-05-12 06:44:33"							UTL340	1		UTL340	MG			ANTO87
UTL340A							30	"2026-05-05 19:04:35"							UTL340	2		UTL340	MG			ANTO87
UTL340A				713			30	"2026-05-13 07:21:16"					"XL-BYGG MaterialMännen Västervik"		UTL340	3	"Widéns Kalmar"	UTL340	MG			ANTO87
UTL340A							30	"2026-05-08 06:08:04"							UTL340	4		UTL340	MG			ANTO87
UTL340A							30	"2026-05-11 06:36:40"							UTL340	5		UTL340	MG			ANTO87
UTL340B							30	"2026-05-05 06:21:50"							UTL340	1		UTL340	MG			ANTO87
UTL340B				713			30	"2026-05-12 13:05:09"					"XL-BYGG MaterialMännen Västervik"		UTL340	2		UTL340	MG			HUGO49
UTL340B				666			30	"2026-05-13 12:56:03"					"XL-BYGG Årjäng"		UTL340	3	"B Börje Jönsson"	UTL340	MG			ANTO87
UTL340B							30	"2026-05-13 12:56:15"							UTL340	4		UTL340	MG			ANTO87
UTL340B							30	"2026-05-08 14:45:04"							UTL340	5		UTL340	MG			ANTO87
UTL341A							30	"2026-05-12 06:44:33"							UTL341	1		UTL341	MG			ANTO87
UTL341A				484445			30	"2026-05-12 07:39:25"					"Colorama Varberg"		UTL341	2		UTL341	MG			ANTO87
UTL341A				713			30	"2026-05-13 07:21:16"					"XL-BYGG MaterialMännen Västervik"		UTL341	3	"Widéns Kalmar"	UTL341	MG			ANTO87
UTL341A							30	"2026-05-08 06:08:05"							UTL341	4		UTL341	MG			ANTO87
UTL341A							30	"2026-05-11 06:36:40"							UTL341	5		UTL341	MG			ANTO87
UTL341B							30	"2026-05-12 06:44:34"							UTL341	1		UTL341	MG			ANTO87
UTL341B				713			30	"2026-05-12 13:05:09"					"XL-BYGG MaterialMännen Västervik"		UTL341	2		UTL341	MG			HUGO49
UTL341B				666			30	"2026-05-13 12:56:03"					"XL-BYGG Årjäng"		UTL341	3	"B Börje Jönsson"	UTL341	MG			ANTO87
UTL341B							30	"2026-05-13 12:56:15"							UTL341	4		UTL341	MG			ANTO87
UTL341B							30	"2026-05-08 14:45:05"							UTL341	5		UTL341	MG			ANTO87
UTL342A							30	"2026-05-12 06:44:34"							UTL342	1		UTL342	MG			ANTO87
UTL342A				484445			30	"2026-05-12 07:39:25"					"Colorama Varberg"		UTL342	2		UTL342	MG			ANTO87
UTL342A				713			30	"2026-05-13 07:21:16"					"XL-BYGG MaterialMännen Västervik"		UTL342	3	"Widéns Kalmar"	UTL342	MG			ANTO87
UTL342A							30	"2026-05-08 06:08:05"							UTL342	4		UTL342	MG			ANTO87
UTL342A							30	"2026-05-11 06:36:40"							UTL342	5		UTL342	MG			ANTO87
UTL342B							30	"2026-05-12 06:44:34"							UTL342	1		UTL342	MG			ANTO87
UTL342B				713			30	"2026-05-12 13:05:09"					"XL-BYGG MaterialMännen Västervik"		UTL342	2		UTL342	MG			HUGO49
UTL342B				237			30	"2026-05-13 12:56:03"					"Torgnys Trä"		UTL342	3	"B Börje Jönsson"	UTL342	MG			ANTO87
UTL342B							30	"2026-05-13 12:56:15"							UTL342	4		UTL342	MG			ANTO87
UTL342B							30	"2026-05-08 14:45:06"							UTL342	5		UTL342	MG			ANTO87
UTL343A							30	"2026-05-12 06:44:34"							UTL343	1		UTL343	MG			ANTO87
UTL343A				484445			30	"2026-05-12 07:39:25"					"Colorama Varberg"		UTL343	2		UTL343	MG			ANTO87
UTL343A				462			30	"2026-05-13 07:21:16"					"LEIF MERELLS VERKTYG & TRÄDGÅRD"		UTL343	3	"Widéns Kalmar"	UTL343	MG			ANTO87
UTL343A							30	"2026-05-08 06:08:05"							UTL343	4		UTL343	MG			ANTO87
UTL343A							30	"2026-05-11 06:36:40"							UTL343	5		UTL343	MG			ANTO87
UTL343B							30	"2026-05-12 06:44:34"							UTL343	1		UTL343	MG			ANTO87
UTL343B				462			30	"2026-05-12 13:05:09"					"LEIF MERELLS VERKTYG & TRÄDGÅRD"		UTL343	2		UTL343	MG			HUGO49
UTL343B				237			30	"2026-05-13 12:56:03"					"Torgnys Trä"		UTL343	3	"B Börje Jönsson"	UTL343	MG			ANTO87
UTL343B							30	"2026-05-13 12:56:15"							UTL343	4		UTL343	MG			ANTO87
UTL343B							30	"2026-05-08 14:45:06"							UTL343	5		UTL343	MG			ANTO87
UTL344A							30	"2026-05-12 06:44:34"							UTL344	1		UTL344	MG			ANTO87
UTL344A				484445			30	"2026-05-12 07:39:25"					"Colorama Varberg"		UTL344	2		UTL344	MG			ANTO87
UTL344A				192218			30	"2026-05-13 07:21:16"					"Växjö Färg & Tapetaffär AB"		UTL344	3	"Widéns Kalmar"	UTL344	MG			ANTO87
UTL344A							30	"2026-05-06 14:42:48"							UTL344	4		UTL344	MG			ANTO87
UTL344A							30	"2026-05-11 06:36:40"							UTL344	5		UTL344	MG			ANTO87
UTL344B							30	"2026-05-12 06:44:34"							UTL344	1		UTL344	MG			ANTO87
UTL344B							30	"2026-05-06 12:54:33"							UTL344	2		UTL344	MG			ANTO87
UTL344B				484597			30	"2026-05-13 12:56:03"					"Colorama Grums"		UTL344	3	"B Börje Jönsson"	UTL344	MG			ANTO87
UTL344B							30	"2026-05-13 12:56:15"							UTL344	4		UTL344	MG			ANTO87
UTL344B							30	"2026-05-08 14:45:07"							UTL344	5		UTL344	MG			ANTO87
UTL345A							30	"2026-05-12 06:44:34"							UTL345	1		UTL345	MG			ANTO87
UTL345A				484445			30	"2026-05-12 07:39:25"					"Colorama Varberg"		UTL345	2		UTL345	MG			ANTO87
UTL345A				192218			30	"2026-05-13 07:21:16"					"Växjö Färg & Tapetaffär AB"		UTL345	3	"Widéns Kalmar"	UTL345	MG			ANTO87
UTL345A							30	"2026-05-08 06:08:05"							UTL345	4		UTL345	MG			ANTO87
UTL345A							30	"2026-05-11 06:36:40"							UTL345	5		UTL345	MG			ANTO87
UTL345B							30	"2026-05-12 06:44:34"							UTL345	1		UTL345	MG			ANTO87
UTL345B							30	"2026-05-06 12:54:33"							UTL345	2		UTL345	MG			ANTO87
UTL345B				475			30	"2026-05-13 12:56:03"					"Handelsgruppen  Ekshärad"		UTL345	3	"B Börje Jönsson"	UTL345	MG			ANTO87
UTL345B							30	"2026-05-13 12:56:15"							UTL345	4		UTL345	MG			ANTO87
UTL345B							30	"2026-05-08 14:45:08"							UTL345	5		UTL345	MG			ANTO87
UTL346A							30	"2026-05-12 06:44:34"							UTL346	1		UTL346	MG			ANTO87
UTL346A				484445			30	"2026-05-12 07:39:25"					"Colorama Varberg"		UTL346	2		UTL346	MG			ANTO87
UTL346A				192218			30	"2026-05-13 07:21:16"					"Växjö Färg & Tapetaffär AB"		UTL346	3	"Widéns Kalmar"	UTL346	MG			ANTO87
UTL346A							30	"2026-05-08 06:08:05"							UTL346	4		UTL346	MG			ANTO87
UTL346A							30	"2026-05-11 06:36:40"							UTL346	5		UTL346	MG			ANTO87
UTL346B							30	"2026-05-12 06:44:34"							UTL346	1		UTL346	MG			ANTO87
UTL346B							30	"2026-05-06 12:54:33"							UTL346	2		UTL346	MG			ANTO87
UTL346B				475			30	"2026-05-13 12:56:03"					"Handelsgruppen  Ekshärad"		UTL346	3	"B Börje Jönsson"	UTL346	MG			ANTO87
UTL346B							30	"2026-05-13 12:56:15"							UTL346	4		UTL346	MG			ANTO87
UTL346B							30	"2026-05-08 14:45:09"							UTL346	5		UTL346	MG			ANTO87
UTL347A							30	"2026-05-12 06:44:34"							UTL347	1		UTL347	MG			ANTO87
UTL347A				484445			30	"2026-05-12 07:39:25"					"Colorama Varberg"		UTL347	2		UTL347	MG			ANTO87
UTL347A				484172			30	"2026-05-13 07:21:16"					"Colorama Arvika"		UTL347	3	"Börje Jönsson"	UTL347	MG			ANTO87
UTL347A							30	"2026-05-08 06:08:05"							UTL347	4		UTL347	MG			ANTO87
UTL347A							30	"2026-05-11 06:36:40"							UTL347	5		UTL347	MG			ANTO87
UTL347B							30	"2026-05-12 06:44:34"							UTL347	1		UTL347	MG			ANTO87
UTL347B				484172			30	"2026-05-12 13:05:09"					"Colorama Arvika"		UTL347	2		UTL347	MG			HUGO49
UTL347B				475			30	"2026-05-13 12:56:03"					"Handelsgruppen  Ekshärad"		UTL347	3	"B Börje Jönsson"	UTL347	MG			ANTO87
UTL347B							30	"2026-05-13 12:56:15"							UTL347	4		UTL347	MG			ANTO87
UTL347B							30	"2026-05-08 14:45:10"							UTL347	5		UTL347	MG			ANTO87
UTL348A							30	"2026-05-12 06:44:34"							UTL348	1		UTL348	MG			ANTO87
UTL348A							30	"2026-05-05 19:04:35"							UTL348	2		UTL348	MG			ANTO87
UTL348A				484364			30	"2026-05-13 07:21:16"					"Colorama Västervik"		UTL348	3	"Widéns Kalmar"	UTL348	MG			ANTO87
UTL348A							30	"2026-05-08 06:08:05"							UTL348	4		UTL348	MG			ANTO87
UTL348A							30	"2026-05-11 06:36:40"							UTL348	5		UTL348	MG			ANTO87
UTL348B							30	"2026-05-05 06:21:52"							UTL348	1		UTL348	MG			ANTO87
UTL348B				484364			30	"2026-05-12 13:05:09"					"Colorama Västervik"		UTL348	2		UTL348	MG			HUGO49
UTL348B				305			30	"2026-05-13 12:56:03"					"Jlb Bygghandel"		UTL348	3	"B Börje Jönsson"	UTL348	MG			ANTO87
UTL348B							30	"2026-05-13 12:56:15"							UTL348	4		UTL348	MG			ANTO87
UTL348B							30	"2026-05-08 14:45:11"							UTL348	5		UTL348	MG			ANTO87
UTL349A							30	"2026-05-12 06:44:34"							UTL349	1		UTL349	MG			ANTO87
UTL349A							30	"2026-05-05 19:04:35"							UTL349	2		UTL349	MG			ANTO87
UTL349A				484364			30	"2026-05-13 07:21:16"					"Colorama Västervik"		UTL349	3	"Widéns Kalmar"	UTL349	MG			ANTO87
UTL349A							30	"2026-05-08 06:08:05"							UTL349	4		UTL349	MG			ANTO87
UTL349A							30	"2026-05-11 06:36:40"							UTL349	5		UTL349	MG			ANTO87
UTL349B							30	"2026-05-05 06:21:52"							UTL349	1		UTL349	MG			ANTO87
UTL349B				484364			30	"2026-05-12 13:05:09"					"Colorama Västervik"		UTL349	2		UTL349	MG			HUGO49
UTL349B				305			30	"2026-05-13 12:56:03"					"Jlb Bygghandel"		UTL349	3	"B Börje Jönsson"	UTL349	MG			ANTO87
UTL349B							30	"2026-05-13 12:56:15"							UTL349	4		UTL349	MG			ANTO87
UTL349B							30	"2026-05-08 14:45:12"							UTL349	5		UTL349	MG			ANTO87
UTL34A							30	"2026-05-11 17:02:33"							UTL34A	1		UTL34	GG			FILI10
UTL34A							30	"2026-05-12 11:48:23"							UTL34A	2		UTL34	GG			FILI10
UTL34A				411			30	"2026-05-13 16:25:29"					"Granngården Bollnäs"		UTL34A	3		UTL34	GG			FILI10
UTL34A							30	"2026-05-11 17:02:33"							UTL34A	4		UTL34	GG			FILI10
UTL34A				411			30	"2026-05-13 16:25:29"					"Granngården Bollnäs"		UTL34A	5		UTL34	GG			FILI10
UTL34A							30	"2026-05-11 17:02:34"							UTL34A	6		UTL34	GG			
UTL34A							30	"2026-05-11 17:02:34"							UTL34A	7		UTL34	GG			
UTL34B							30	"2026-05-11 17:02:34"							UTL34B	1		UTL34	GG			OSCA45
UTL34B							30	"2026-04-22 08:01:37"							UTL34B	2		UTL34	GG			FILI10
UTL34B							30	"2026-05-11 17:02:34"							UTL34B	3		UTL34	GG			SEBA80
UTL34B							30	"2026-05-11 17:02:34"							UTL34B	4		UTL34	GG			FILI10
UTL34B							30	"2026-05-11 17:02:34"							UTL34B	5		UTL34	GG			FILI10
UTL34B							30	"2026-05-11 17:02:34"							UTL34B	6		UTL34	GG			
UTL34B							30	"2026-05-11 17:02:34"							UTL34B	7		UTL34	GG			
UTL350A							30	"2026-05-12 06:44:34"							UTL350	1		UTL350	MG			ANTO87
UTL350A							30	"2026-05-05 19:04:35"							UTL350	2		UTL350	MG			ANTO87
UTL350A				240			30	"2026-05-13 07:21:16"					"Anders Trä i Loftahammar"		UTL350	3	"Widéns Kalmar"	UTL350	MG			ANTO87
UTL350A							30	"2026-05-08 06:08:06"							UTL350	4		UTL350	MG			ANTO87
UTL350A							30	"2026-05-11 06:36:40"							UTL350	5		UTL350	MG			ANTO87
UTL350B							30	"2026-05-05 06:21:52"							UTL350	1		UTL350	MG			ANTO87
UTL350B				240			30	"2026-05-12 13:05:10"					"Anders Trä i Loftahammar"		UTL350	2		UTL350	MG			HUGO49
UTL350B				647			30	"2026-05-13 12:56:03"					"XL-BYGG Grums"		UTL350	3	"B Börje Jönsson"	UTL350	MG			ANTO87
UTL350B							30	"2026-05-13 12:56:15"							UTL350	4		UTL350	MG			ANTO87
UTL350B							30	"2026-05-08 14:45:14"							UTL350	5		UTL350	MG			ANTO87
UTL351A							30	"2026-05-12 06:44:34"							UTL351	1		UTL351	MG			ANTO87
UTL351A							30	"2026-04-29 06:37:38"							UTL351	2		UTL351	MG			ANTO87
UTL351A				240			30	"2026-05-13 07:21:16"					"Anders Trä i Loftahammar"		UTL351	3	"Widéns Kalmar"	UTL351	MG			ANTO87
UTL351A							30	"2026-05-08 06:08:06"							UTL351	4		UTL351	MG			ANTO87
UTL351A							30	"2026-05-11 06:36:41"							UTL351	5		UTL351	MG			ANTO87
UTL351B							30	"2026-05-04 06:49:58"							UTL351	1		UTL351	MG			ANTO87
UTL351B				240			30	"2026-05-12 13:05:10"					"Anders Trä i Loftahammar"		UTL351	2		UTL351	MG			HUGO49
UTL351B				484709			30	"2026-05-13 12:56:03"					"Colorama Säffle"		UTL351	3	"B Börje Jönsson"	UTL351	MG			ANTO87
UTL351B							30	"2026-05-13 12:56:15"							UTL351	4		UTL351	MG			ANTO87
UTL351B							30	"2026-05-08 14:45:14"							UTL351	5		UTL351	MG			ANTO87
UTL352A							30	"2026-05-12 06:44:35"							UTL352	1		UTL352	MG			ANTO87
UTL352A				192131			30	"2026-05-12 07:39:25"					"Happy Homes Karlskrona AB"		UTL352	2		UTL352	MG			ANTO87
UTL352A				234			30	"2026-05-13 07:21:16"					"Harry Perssons Byggnadsvaror"		UTL352	3	"Widéns Kalmar"	UTL352	MG			ANTO87
UTL352A							30	"2026-05-08 06:08:06"							UTL352	4		UTL352	MG			ANTO87
UTL352A							30	"2026-05-11 06:36:41"							UTL352	5		UTL352	MG			ANTO87
UTL352B							30	"2026-05-12 06:44:35"							UTL352	1		UTL352	MG			ANTO87
UTL352B				234			30	"2026-05-12 13:05:10"					"Harry Perssons Byggnadsvaror"		UTL352	2		UTL352	MG			HUGO49
UTL352B				332			30	"2026-05-13 12:56:03"					"Likenäs Bygg o färg"		UTL352	3	"B Börje Jönsson"	UTL352	MG			ANTO87
UTL352B							30	"2026-05-13 12:56:15"							UTL352	4		UTL352	MG			ANTO87
UTL352B							30	"2026-05-08 14:45:14"							UTL352	5		UTL352	MG			ANTO87
UTL353A							30	"2026-05-12 06:44:35"							UTL353	1		UTL353	MG			ANTO87
UTL353A				192131			30	"2026-05-12 07:39:25"					"Happy Homes Karlskrona AB"		UTL353	2		UTL353	MG			ANTO87
UTL353A				651			30	"2026-05-13 07:21:16"					"XL-BYGG Helgenäs"		UTL353	3	"Widéns Kalmar"	UTL353	MG			ANTO87
UTL353A							30	"2026-05-08 06:08:06"							UTL353	4		UTL353	MG			ANTO87
UTL353A							30	"2026-05-11 06:36:41"							UTL353	5		UTL353	MG			ANTO87
UTL353B							30	"2026-05-12 06:44:35"							UTL353	1		UTL353	MG			ANTO87
UTL353B				651			30	"2026-05-12 13:05:10"					"XL-BYGG Helgenäs"		UTL353	2		UTL353	MG			HUGO49
UTL353B				332			30	"2026-05-13 12:56:03"					"Likenäs Bygg o färg"		UTL353	3	"B Börje Jönsson"	UTL353	MG			ANTO87
UTL353B							30	"2026-05-13 12:56:15"							UTL353	4		UTL353	MG			ANTO87
UTL353B							30	"2026-05-08 14:45:15"							UTL353	5		UTL353	MG			ANTO87
UTL354A							30	"2026-05-12 06:44:35"							UTL354	1		UTL354	MG			ANTO87
UTL354A				484524			30	"2026-05-12 07:39:25"					"Colorama Tingsryd"		UTL354	2		UTL354	MG			ANTO87
UTL354A							30	"2026-05-07 06:25:29"							UTL354	3		UTL354	MG			ANTO87
UTL354A							30	"2026-05-08 06:08:06"							UTL354	4		UTL354	MG			ANTO87
UTL354A							30	"2026-05-11 06:36:41"							UTL354	5		UTL354	MG			ANTO87
UTL354B							30	"2026-05-12 06:44:35"							UTL354	1		UTL354	MG			ANTO87
UTL354B							30	"2026-05-06 12:54:33"							UTL354	2		UTL354	MG			ANTO87
UTL354B				332			30	"2026-05-13 12:56:03"					"Likenäs Bygg o färg"		UTL354	3	"B Börje Jönsson"	UTL354	MG			ANTO87
UTL354B							30	"2026-05-13 12:56:16"							UTL354	4		UTL354	MG			ANTO87
UTL354B							30	"2026-05-08 14:45:15"							UTL354	5		UTL354	MG			ANTO87
UTL355A							30	"2026-05-12 06:44:35"							UTL355	1		UTL355	MG			ANTO87
UTL355A				484524			30	"2026-05-12 07:39:25"					"Colorama Tingsryd"		UTL355	2		UTL355	MG			ANTO87
UTL355A							30	"2026-05-07 06:25:29"							UTL355	3		UTL355	MG			ANTO87
UTL355A							30	"2026-05-08 06:08:06"							UTL355	4		UTL355	MG			ANTO87
UTL355A							30	"2026-05-11 06:36:41"							UTL355	5		UTL355	MG			ANTO87
UTL355B							30	"2026-05-12 06:44:35"							UTL355	1		UTL355	MG			ANTO87
UTL355B							30	"2026-05-06 12:54:33"							UTL355	2		UTL355	MG			ANTO87
UTL355B				639			30	"2026-05-13 12:56:03"					"XL-BYGG Hilmer"		UTL355	3	"B Börje Jönsson"	UTL355	MG			ANTO87
UTL355B							30	"2026-05-13 12:56:16"							UTL355	4		UTL355	MG			ANTO87
UTL355B							30	"2026-05-08 14:45:15"							UTL355	5		UTL355	MG			ANTO87
UTL356A							30	"2026-05-12 06:44:35"							UTL356	1		UTL356	MG			ANTO87
UTL356A				683			30	"2026-05-12 07:39:25"					"XL-BYGG Lundgrens"		UTL356	2		UTL356	MG			ANTO87
UTL356A				449			30	"2026-05-13 07:21:16"					"Bolist Hammarö"		UTL356	3	"Börje Jönsson"	UTL356	MG			ANTO87
UTL356A							30	"2026-05-08 06:08:06"							UTL356	4		UTL356	MG			ANTO87
UTL356A							30	"2026-05-11 06:36:41"							UTL356	5		UTL356	MG			ANTO87
UTL356B							30	"2026-05-12 06:44:35"							UTL356	1		UTL356	MG			ANTO87
UTL356B				449			30	"2026-05-12 13:05:10"					"Bolist Hammarö"		UTL356	2		UTL356	MG			HUGO49
UTL356B				639			30	"2026-05-13 12:56:03"					"XL-BYGG Hilmer"		UTL356	3	"B Börje Jönsson"	UTL356	MG			ANTO87
UTL356B							30	"2026-05-13 12:56:16"							UTL356	4		UTL356	MG			ANTO87
UTL356B							30	"2026-05-08 14:45:15"							UTL356	5		UTL356	MG			ANTO87
UTL35A							30	"2026-05-11 17:02:34"							UTL35A	1		UTL35	GG			FILI10
UTL35A							30	"2026-05-12 11:48:23"							UTL35A	2		UTL35	GG			FILI10
UTL35A							30	"2026-05-13 16:25:32"							UTL35A	3		UTL35	GG			SEBA80
UTL35A							30	"2026-05-11 17:02:34"							UTL35A	4		UTL35	GG			FILI10
UTL35A							30	"2026-05-11 17:02:34"							UTL35A	5		UTL35	GG			FILI10
UTL35A							30	"2026-05-11 17:02:34"							UTL35A	6		UTL35	GG			
UTL35A							30	"2026-05-11 17:02:34"							UTL35A	7		UTL35	GG			
UTL35B							30	"2026-05-11 17:02:35"							UTL35B	1		UTL35	GG			OSCA45
UTL35B							30	"2026-04-22 08:01:37"							UTL35B	2		UTL35	GG			FILI10
UTL35B							30	"2026-05-11 17:02:35"							UTL35B	3		UTL35	GG			FILI10
UTL35B							30	"2026-05-11 17:02:35"							UTL35B	4		UTL35	GG			FILI10
UTL35B							30	"2026-05-11 17:02:35"							UTL35B	5		UTL35	GG			FILI10
UTL35B							30	"2026-05-11 17:02:35"							UTL35B	6		UTL35	GG			
UTL35B							30	"2026-05-11 17:02:35"							UTL35B	7		UTL35	GG			
UTL36A							30	"2026-05-11 17:02:35"							UTL36A	1		UTL36	GG			FILI10
UTL36A							30	"2026-05-12 15:27:35"							UTL36A	2		UTL36	GG			FILI10
UTL36A				259			30	"2026-05-13 12:22:23"					"Granngården Värnamo"		UTL36A	3		UTL36	GG			FILI10
UTL36A							30	"2026-05-11 17:02:35"							UTL36A	4		UTL36	GG			FILI10
UTL36A				259			30	"2026-05-13 12:22:23"					"Granngården Värnamo"		UTL36A	5		UTL36	GG			FILI10
UTL36A							30	"2026-05-11 17:02:35"							UTL36A	6		UTL36	GG			
UTL36A							30	"2026-05-11 17:02:35"							UTL36A	7		UTL36	GG			
UTL36B							30	"2026-05-11 17:02:35"							UTL36B	1		UTL36	GG			OSCA45
UTL36B							30	"2026-04-22 08:01:38"							UTL36B	2		UTL36	GG			FILI10
UTL36B							30	"2026-05-11 17:02:35"							UTL36B	3		UTL36	GG			FILI10
UTL36B							30	"2026-05-11 17:02:35"							UTL36B	4		UTL36	GG			FILI10
UTL36B							30	"2026-05-11 17:02:35"							UTL36B	5		UTL36	GG			FILI10
UTL36B							30	"2026-05-11 17:02:36"							UTL36B	6		UTL36	GG			
UTL36B							30	"2026-05-11 17:02:36"							UTL36B	7		UTL36	GG			
UTL37A							30	"2026-05-11 17:02:36"							UTL37A	1		UTL37	GG			FILI10
UTL37A							30	"2026-05-12 15:27:40"							UTL37A	2		UTL37	GG			FILI10
UTL37A				259			30	"2026-05-13 14:11:21"					"Granngården Värnamo"		UTL37A	3		UTL37	GG			FILI10
UTL37A							30	"2026-05-11 17:02:36"							UTL37A	4		UTL37	GG			FILI10
UTL37A				259			30	"2026-05-13 14:11:21"					"Granngården Värnamo"		UTL37A	5		UTL37	GG			FILI10
UTL37A							30	"2026-05-11 17:02:36"							UTL37A	6		UTL37	GG			
UTL37A							30	"2026-05-11 17:02:36"							UTL37A	7		UTL37	GG			
UTL37B							30	"2026-05-11 17:02:36"							UTL37B	1		UTL37	GG			SEBA80
UTL37B							30	"2026-04-22 08:01:38"							UTL37B	2		UTL37	GG			FILI10
UTL37B							30	"2026-05-11 17:02:36"							UTL37B	3		UTL37	GG			FILI10
UTL37B							30	"2026-05-11 17:02:36"							UTL37B	4		UTL37	GG			FILI10
UTL37B							30	"2026-05-11 17:02:36"							UTL37B	5		UTL37	GG			FILI10
UTL37B							30	"2026-05-11 17:02:36"							UTL37B	6		UTL37	GG			
UTL37B							30	"2026-05-11 17:02:36"							UTL37B	7		UTL37	GG			
UTL38A							30	"2026-05-11 17:02:36"							UTL38A	1		UTL38	GG			FILI10
UTL38A				216			30	"2026-05-12 15:27:55"					"Granngården Karlstad"		UTL38A	2		UTL38	GG			FILI10
UTL38A				425			30	"2026-05-13 16:22:59"					"Granngården Arninge"		UTL38A	3		UTL38	GG			FILI10
UTL38A							30	"2026-05-11 17:02:36"							UTL38A	4		UTL38	GG			FILI10
UTL38A				425			30	"2026-05-13 16:22:59"					"Granngården Arninge"		UTL38A	5		UTL38	GG			FILI10
UTL38A							30	"2026-05-11 17:02:37"							UTL38A	6		UTL38	GG			
UTL38A							30	"2026-05-11 17:02:37"							UTL38A	7		UTL38	GG			
UTL38B							30	"2026-05-11 17:02:37"							UTL38B	1		UTL38	GG			FILI10
UTL38B							30	"2026-04-10 16:15:23"							UTL38B	2		UTL38	GG			FILI10
UTL38B							30	"2026-05-11 17:02:37"							UTL38B	3		UTL38	GG			FILI10
UTL38B							30	"2026-05-11 17:02:37"							UTL38B	4		UTL38	GG			FILI10
UTL38B							30	"2026-05-11 17:02:37"							UTL38B	5		UTL38	GG			FILI10
UTL38B							30	"2026-05-11 17:02:37"							UTL38B	6		UTL38	GG			
UTL38B							30	"2026-05-11 17:02:37"							UTL38B	7		UTL38	GG			
UTL39A							30	"2026-05-11 17:02:37"							UTL39A	1		UTL39	GG			FILI10
UTL39A				218			30	"2026-05-12 15:26:32"					"Granngården Säffle"		UTL39A	2		UTL39	GG			FILI10
UTL39A				425			30	"2026-05-13 16:22:59"					"Granngården Arninge"		UTL39A	3		UTL39	GG			FILI10
UTL39A							30	"2026-05-11 17:02:37"							UTL39A	4		UTL39	GG			FILI10
UTL39A				425			30	"2026-05-13 16:22:59"					"Granngården Arninge"		UTL39A	5		UTL39	GG			FILI10
UTL39A							30	"2026-05-11 17:02:37"							UTL39A	6		UTL39	GG			
UTL39A							30	"2026-05-11 17:02:37"							UTL39A	7		UTL39	GG			
UTL39B							30	"2026-05-11 17:02:37"							UTL39B	1		UTL39	GG			FILI10
UTL39B							30	"2026-04-10 16:15:23"							UTL39B	2		UTL39	GG			FILI10
UTL39B							30	"2026-05-11 17:02:37"							UTL39B	3		UTL39	GG			OSCA45
UTL39B							30	"2026-05-11 17:02:37"							UTL39B	4		UTL39	GG			FILI10
UTL39B							30	"2026-05-11 17:02:38"							UTL39B	5		UTL39	GG			FILI10
UTL39B							30	"2026-05-11 17:02:38"							UTL39B	6		UTL39	GG			
UTL39B							30	"2026-05-11 17:02:38"							UTL39B	7		UTL39	GG			
UTL40							30	"2026-01-08 12:32:01"							UTL40	2		UTL40	GG			OSCA45
UTL40							30	"2025-11-20 12:08:17"							UTL40	3		UTL40	GG			
UTL40							30	"2026-04-30 08:14:08"							UTL40	4		UTL40	GG			
UTL40							30	"2026-02-06 15:57:10"							UTL40	5		UTL40	GG			OSCA45
UTL40							30	"2025-02-24 06:51:00"							UTL40	6		UTL40	GG			
UTL40							30	"2025-02-25 12:23:48"							UTL40	7		UTL40	GG			
UTL40A							30	"2026-05-11 17:02:38"							UTL40A	1		UTL40	GG			FILI10
UTL40A				218			30	"2026-05-12 15:26:32"					"Granngården Säffle"		UTL40A	2		UTL40	GG			FILI10
UTL40A				425			30	"2026-05-13 16:22:59"					"Granngården Arninge"		UTL40A	3		UTL40	GG			FILI10
UTL40A							30	"2026-05-11 17:02:38"							UTL40A	4		UTL40	GG			FILI10
UTL40A				425			30	"2026-05-13 16:22:59"					"Granngården Arninge"		UTL40A	5		UTL40	GG			FILI10
UTL40A							30	"2026-05-11 17:02:38"							UTL40A	6		UTL40	GG			OSCA45
UTL40A							30	"2026-05-11 17:02:38"							UTL40A	7		UTL40	GG			OSCA45
UTL40B							30	"2026-05-11 17:02:38"							UTL40B	1		UTL40	GG			SEBA80
UTL40B							30	"2026-04-10 16:15:24"							UTL40B	2		UTL40	GG			FILI10
UTL40B							30	"2026-05-11 17:02:38"							UTL40B	3		UTL40	GG			OSCA45
UTL40B							30	"2026-05-11 17:02:38"							UTL40B	4		UTL40	GG			FILI10
UTL40B							30	"2026-05-11 17:02:38"							UTL40B	5		UTL40	GG			SEBA80
UTL40B							30	"2026-05-11 17:02:38"							UTL40B	6		UTL40	GG			OSCA45
UTL40B							30	"2026-05-11 17:02:38"							UTL40B	7		UTL40	GG			OSCA45
UTL41							30	"2025-12-22 10:30:01"							UTL41	2		UTL41	GG			OSCA45
UTL41							30	"2025-03-03 06:41:09"							UTL41	3		UTL41	GG			
UTL41							30	"2025-03-03 06:41:09"							UTL41	4		UTL41	GG			
UTL41							30	"2025-03-03 06:41:09"							UTL41	5		UTL41	GG			
UTL41							30	"2025-03-03 06:41:09"							UTL41	6		UTL41	GG			
UTL41							30	"2025-03-03 06:41:09"							UTL41	7		UTL41	GG			
UTL41A							30	"2026-05-11 17:02:39"							UTL41A	1		UTL41	GG			FILI10
UTL41A				222			30	"2026-05-12 15:26:20"					"Granngården Arvika"		UTL41A	2		UTL41	GG			FILI10
UTL41A				181			30	"2026-05-13 16:08:02"					"Granngården Malmö"		UTL41A	3		UTL41	GG			FILI10
UTL41A							30	"2026-05-11 17:02:39"							UTL41A	4		UTL41	GG			SEBA80
UTL41A				181			30	"2026-05-13 16:08:02"					"Granngården Malmö"		UTL41A	5		UTL41	GG			FILI10
UTL41A							30	"2026-05-11 17:02:39"							UTL41A	6		UTL41	GG			OSCA45
UTL41A							30	"2026-05-11 17:02:39"							UTL41A	7		UTL41	GG			OSCA45
UTL41B							30	"2026-05-11 17:02:39"							UTL41B	1		UTL41	GG			SEBA80
UTL41B							30	"2026-04-13 16:32:56"							UTL41B	2		UTL41	GG			FILI10
UTL41B							30	"2026-05-11 17:02:39"							UTL41B	3		UTL41	GG			FILI10
UTL41B							30	"2026-05-11 17:02:39"							UTL41B	4		UTL41	GG			FILI10
UTL41B							30	"2026-05-11 17:02:39"							UTL41B	5		UTL41	GG			FILI10
UTL41B							30	"2026-05-11 17:02:39"							UTL41B	6		UTL41	GG			OSCA45
UTL41B							30	"2026-05-11 17:02:39"							UTL41B	7		UTL41	GG			OSCA45
UTL42A							30	"2026-05-11 17:02:39"							UTL42A	1		UTL42	GG			FILI10
UTL42A				222			30	"2026-05-12 15:26:20"					"Granngården Arvika"		UTL42A	2		UTL42	GG			FILI10
UTL42A				181			30	"2026-05-13 16:08:02"					"Granngården Malmö"		UTL42A	3		UTL42	GG			FILI10
UTL42A							30	"2026-05-11 17:02:39"							UTL42A	4		UTL42	GG			SEBA80
UTL42A				181			30	"2026-05-13 16:08:02"					"Granngården Malmö"		UTL42A	5		UTL42	GG			FILI10
UTL42A							30	"2026-05-11 17:02:39"							UTL42A	6		UTL42	GG			
UTL42A							30	"2026-05-11 17:02:40"							UTL42A	7		UTL42	GG			
UTL42B							30	"2026-05-11 17:02:40"							UTL42B	1		UTL42	GG			SEBA80
UTL42B							30	"2026-04-13 16:32:56"							UTL42B	2		UTL42	GG			FILI10
UTL42B							30	"2026-05-11 17:02:40"							UTL42B	3		UTL42	GG			FILI10
UTL42B							30	"2026-05-11 17:02:40"							UTL42B	4		UTL42	GG			FILI10
UTL42B							30	"2026-05-11 17:02:40"							UTL42B	5		UTL42	GG			FILI10
UTL42B							30	"2026-05-11 17:02:40"							UTL42B	6		UTL42	GG			
UTL42B							30	"2026-05-11 17:02:40"							UTL42B	7		UTL42	GG			
UTL43A							30	"2026-05-11 17:02:40"							UTL43A	1		UTL43	GG			FILI10
UTL43A				488			30	"2026-05-12 15:26:15"					"Granngården Åmål"		UTL43A	2		UTL43	GG			FILI10
UTL43A				181			30	"2026-05-13 16:08:02"					"Granngården Malmö"		UTL43A	3		UTL43	GG			FILI10
UTL43A							30	"2026-05-11 17:02:40"							UTL43A	4		UTL43	GG			SEBA80
UTL43A				181			30	"2026-05-13 16:08:02"					"Granngården Malmö"		UTL43A	5		UTL43	GG			FILI10
UTL43A							30	"2026-05-11 17:02:40"							UTL43A	6		UTL43	GG			
UTL43A							30	"2026-05-11 17:02:40"							UTL43A	7		UTL43	GG			
UTL43B							30	"2026-05-11 17:02:41"							UTL43B	1		UTL43	GG			FILI10
UTL43B							30	"2026-04-13 16:32:56"							UTL43B	2		UTL43	GG			FILI10
UTL43B							30	"2026-05-11 17:02:41"							UTL43B	3		UTL43	GG			FILI10
UTL43B							30	"2026-05-11 17:02:41"							UTL43B	4		UTL43	GG			FILI10
UTL43B							30	"2026-05-11 17:02:41"							UTL43B	5		UTL43	GG			FILI10
UTL43B							30	"2026-05-11 17:02:41"							UTL43B	6		UTL43	GG			
UTL43B							30	"2026-05-11 17:02:41"							UTL43B	7		UTL43	GG			
UTL44A							30	"2026-05-11 17:02:41"							UTL44A	1		UTL44	GG			SEBA80
UTL44A				488			30	"2026-05-12 15:26:15"					"Granngården Åmål"		UTL44A	2		UTL44	GG			FILI10
UTL44A				181			30	"2026-05-13 16:08:02"					"Granngården Malmö"		UTL44A	3		UTL44	GG			FILI10
UTL44A							30	"2026-05-11 17:02:41"							UTL44A	4		UTL44	GG			SEBA80
UTL44A				181			30	"2026-05-13 16:08:02"					"Granngården Malmö"		UTL44A	5		UTL44	GG			FILI10
UTL44A							30	"2026-05-11 17:02:42"							UTL44A	6		UTL44	GG			
UTL44A							30	"2026-05-11 17:02:42"							UTL44A	7		UTL44	GG			
UTL44B							30	"2026-05-11 17:02:42"							UTL44B	1		UTL44	GG			SEBA80
UTL44B							30	"2026-04-13 16:32:56"							UTL44B	2		UTL44	GG			FILI10
UTL44B							30	"2026-05-11 17:02:42"							UTL44B	3		UTL44	GG			FILI10
UTL44B							30	"2026-05-11 17:02:42"							UTL44B	4		UTL44	GG			FILI10
UTL44B							30	"2026-05-11 17:02:42"							UTL44B	5		UTL44	GG			FILI10
UTL44B							30	"2026-05-11 17:02:42"							UTL44B	6		UTL44	GG			
UTL44B							30	"2026-05-11 17:02:42"							UTL44B	7		UTL44	GG			
UTL45A							30	"2026-05-11 17:02:42"							UTL45A	1		UTL45	GG			SEBA80
UTL45A				165			30	"2026-05-12 14:27:49"					"Granngården Örnsköldsvik"		UTL45A	2		UTL45	GG			FILI10
UTL45A				195			30	"2026-05-13 16:10:03"					"Granngården Löddeköpinge"		UTL45A	3		UTL45	GG			FILI10
UTL45A							30	"2026-05-11 17:02:42"							UTL45A	4		UTL45	GG			FILI10
UTL45A				195			30	"2026-05-13 16:10:03"					"Granngården Löddeköpinge"		UTL45A	5		UTL45	GG			FILI10
UTL45A							30	"2026-05-11 17:02:42"							UTL45A	6		UTL45	GG			
UTL45A							30	"2026-05-11 17:02:42"							UTL45A	7		UTL45	GG			
UTL45B							30	"2026-05-11 17:02:42"							UTL45B	1		UTL45	GG			FILI10
UTL45B							30	"2026-04-13 16:32:56"							UTL45B	2		UTL45	GG			FILI10
UTL45B							30	"2026-05-11 17:02:42"							UTL45B	3		UTL45	GG			FILI10
UTL45B							30	"2026-05-11 17:02:43"							UTL45B	4		UTL45	GG			FILI10
UTL45B							30	"2026-05-11 17:02:43"							UTL45B	5		UTL45	GG			FILI10
UTL45B							30	"2026-05-11 17:02:43"							UTL45B	6		UTL45	GG			
UTL45B							30	"2026-05-11 17:02:43"							UTL45B	7		UTL45	GG			
UTL46A							30	"2026-05-11 17:02:43"							UTL46A	1		UTL46	GG			SEBA80
UTL46A				165			30	"2026-05-12 14:27:49"					"Granngården Örnsköldsvik"		UTL46A	2		UTL46	GG			FILI10
UTL46A				194			30	"2026-05-13 16:10:10"					"Granngården Helsingborg"		UTL46A	3		UTL46	GG			FILI10
UTL46A							30	"2026-05-11 17:02:43"							UTL46A	4		UTL46	GG			FILI10
UTL46A				194			30	"2026-05-13 16:10:10"					"Granngården Helsingborg"		UTL46A	5		UTL46	GG			FILI10
UTL46A							30	"2026-05-11 17:02:43"							UTL46A	6		UTL46	GG			
UTL46A							30	"2026-05-11 17:02:43"							UTL46A	7		UTL46	GG			
UTL46B							30	"2026-05-11 17:02:43"							UTL46B	1		UTL46	GG			SEBA80
UTL46B							30	"2026-04-13 16:32:57"							UTL46B	2		UTL46	GG			FILI10
UTL46B							30	"2026-05-11 17:02:43"							UTL46B	3		UTL46	GG			FILI10
UTL46B							30	"2026-05-11 17:02:43"							UTL46B	4		UTL46	GG			FILI10
UTL46B							30	"2026-05-11 17:02:43"							UTL46B	5		UTL46	GG			FILI10
UTL46B							30	"2026-05-11 17:02:44"							UTL46B	6		UTL46	GG			
UTL46B							30	"2026-05-11 17:02:44"							UTL46B	7		UTL46	GG			
UTL47A							30	"2026-05-11 17:02:44"							UTL47A	1		UTL47	GG			SEBA80
UTL47A				165			30	"2026-05-12 14:27:49"					"Granngården Örnsköldsvik"		UTL47A	2		UTL47	GG			FILI10
UTL47A				194			30	"2026-05-13 16:10:10"					"Granngården Helsingborg"		UTL47A	3		UTL47	GG			FILI10
UTL47A							30	"2026-05-11 17:02:44"							UTL47A	4		UTL47	GG			FILI10
UTL47A				194			30	"2026-05-13 16:10:10"					"Granngården Helsingborg"		UTL47A	5		UTL47	GG			FILI10
UTL47A							30	"2026-05-11 17:02:44"							UTL47A	6		UTL47	GG			
UTL47A							30	"2026-05-11 17:02:44"							UTL47A	7		UTL47	GG			
UTL47B							30	"2026-05-11 17:02:44"							UTL47B	1		UTL47	GG			SEBA80
UTL47B							30	"2026-04-10 16:15:31"							UTL47B	2		UTL47	GG			FILI10
UTL47B							30	"2026-05-11 17:02:44"							UTL47B	3		UTL47	GG			FILI10
UTL47B							30	"2026-05-11 17:02:44"							UTL47B	4		UTL47	GG			FILI10
UTL47B							30	"2026-05-11 17:02:44"							UTL47B	5		UTL47	GG			FILI10
UTL47B							30	"2026-05-11 17:02:44"							UTL47B	6		UTL47	GG			
UTL47B							30	"2026-05-11 17:02:44"							UTL47B	7		UTL47	GG			
UTL48A							30	"2026-05-11 17:02:44"							UTL48A	1		UTL48	GG			SEBA80
UTL48A				201			30	"2026-05-12 14:27:43"					"Granngården Umeå"		UTL48A	2		UTL48	GG			FILI10
UTL48A				178			30	"2026-05-13 16:10:15"					"Granngården Dalby"		UTL48A	3		UTL48	GG			FILI10
UTL48A							30	"2026-05-11 17:02:45"							UTL48A	4		UTL48	GG			SEBA80
UTL48A				178			30	"2026-05-13 16:10:15"					"Granngården Dalby"		UTL48A	5		UTL48	GG			FILI10
UTL48A							30	"2026-05-11 17:02:45"							UTL48A	6		UTL48	GG			
UTL48A							30	"2026-05-11 17:02:45"							UTL48A	7		UTL48	GG			
UTL48B							30	"2026-05-11 17:02:45"							UTL48B	1		UTL48	GG			SEBA80
UTL48B							30	"2026-04-10 16:15:31"							UTL48B	2		UTL48	GG			FILI10
UTL48B							30	"2026-05-11 17:02:45"							UTL48B	3		UTL48	GG			FILI10
UTL48B							30	"2026-05-11 17:02:45"							UTL48B	4		UTL48	GG			FILI10
UTL48B							30	"2026-05-11 17:02:45"							UTL48B	5		UTL48	GG			FILI10
UTL48B							30	"2026-05-11 17:02:45"							UTL48B	6		UTL48	GG			
UTL48B							30	"2026-05-11 17:02:45"							UTL48B	7		UTL48	GG			
UTL49A							30	"2026-05-11 17:02:45"							UTL49A	1		UTL49	GG			SEBA80
UTL49A				201			30	"2026-05-12 14:27:43"					"Granngården Umeå"		UTL49A	2		UTL49	GG			FILI10
UTL49A				178			30	"2026-05-13 16:10:15"					"Granngården Dalby"		UTL49A	3		UTL49	GG			FILI10
UTL49A							30	"2026-05-11 17:02:45"							UTL49A	4		UTL49	GG			SEBA80
UTL49A				178			30	"2026-05-13 16:10:15"					"Granngården Dalby"		UTL49A	5		UTL49	GG			FILI10
UTL49A							30	"2026-05-11 17:02:45"							UTL49A	6		UTL49	GG			
UTL49A							30	"2026-05-11 17:02:45"							UTL49A	7		UTL49	GG			
UTL49B							30	"2026-05-11 17:02:45"							UTL49B	1		UTL49	GG			SEBA80
UTL49B							30	"2026-04-10 16:15:32"							UTL49B	2		UTL49	GG			FILI10
UTL49B							30	"2026-05-11 17:02:46"							UTL49B	3		UTL49	GG			FILI10
UTL49B							30	"2026-05-11 17:02:46"							UTL49B	4		UTL49	GG			FILI10
UTL49B							30	"2026-05-11 17:02:46"							UTL49B	5		UTL49	GG			FILI10
UTL49B							30	"2026-05-11 17:02:46"							UTL49B	6		UTL49	GG			
UTL49B							30	"2026-05-11 17:02:46"							UTL49B	7		UTL49	GG			
UTL500AC							30	"2025-06-09 12:45:44"							UTL500A	1		UTL500A				
UTL500AD							30	"2025-10-10 14:21:19"							UTL500A	2		UTL500A				FILI10
UTL500BD							30	"2025-10-10 14:21:19"							UTL500B	4		UTL500B				FILI10
UTL500BE							30	"2025-05-26 12:53:53"							UTL500B	1		UTL500B				
UTL501AD							30	"2025-10-10 14:21:19"							UTL501A	4		UTL501A				FILI10
UTL501AE							30	"2025-10-10 14:21:19"							UTL501A	4		UTL501A				FILI10
UTL501AF							30	"2025-10-10 14:21:19"							UTL501A	3		UTL501A				FILI10
UTL501BC							30	"2025-06-09 12:37:16"							UTL501B	1		UTL501B				
UTL501BD							30	"2025-06-13 06:10:57"							UTL501B	5		UTL501B				
UTL501BE							30	"2025-06-13 06:10:57"							UTL501B	5		UTL501B				
UTL501BF							30	"2025-06-13 06:10:57"							UTL501B	5		UTL501B				
UTL502BF							30	"2025-06-23 13:03:58"							UTL502B	1		UTL502B				
UTL502BF							30	"2025-06-13 06:10:57"							UTL502B	5		UTL502B				
UTL503AC							30	"2025-06-13 06:10:57"							UTL503A	5		UTL503A				
UTL503AD							30	"2025-05-30 12:43:17"							UTL503A	1		UTL503A				
UTL503AD							30	"2025-10-10 14:21:19"							UTL503A	3		UTL503A				FILI10
UTL503AE							30	"2025-05-30 12:43:26"							UTL503A	1		UTL503A				
UTL503AE							30	"2025-10-10 14:21:19"							UTL503A	3		UTL503A				FILI10
UTL503AF							30	"2025-05-30 12:43:41"							UTL503A	1		UTL503A				
UTL503AG							30	"2025-05-30 12:43:53"							UTL503A	1		UTL503A				
UTL503AG							30	"2025-06-13 06:10:57"							UTL503A	5		UTL503A				
UTL503BC							30	"2025-10-10 14:21:19"							UTL503B	2		UTL503B				FILI10
UTL503BD							30	"2025-10-10 14:21:19"							UTL503B	2		UTL503B				FILI10
UTL503BE							30	"2025-05-26 12:51:45"							UTL503B	1		UTL503B				
UTL503BF							30	"2025-05-26 12:51:57"							UTL503B	1		UTL503B				
UTL504AC							30	"2025-10-10 14:21:19"							UTL504A	2		UTL504A				FILI10
UTL504AD							30	"2025-10-10 14:21:19"							UTL504A	3		UTL504A				FILI10
UTL504AE							30	"2025-10-10 14:21:19"							UTL504A	3		UTL504A				FILI10
UTL504AE							30	"2025-10-10 14:21:19"							UTL504A	4		UTL504A				FILI10
UTL504AF							30	"2025-10-10 14:21:19"							UTL504A	3		UTL504A				FILI10
UTL504BC							30	"2025-10-10 14:21:19"							UTL504B	3		UTL504B				FILI10
UTL505AC							30	"2025-10-10 14:21:19"							UTL505A	2		UTL505A				FILI10
UTL505AD							30	"2025-10-10 14:21:19"							UTL505A	3		UTL505A				FILI10
UTL505AE							30	"2025-10-10 14:21:19"							UTL505A	3		UTL505A				FILI10
UTL505AF							30	"2025-05-26 12:58:57"							UTL505A	1		UTL505A				
UTL505BD							30	"2025-10-10 14:21:19"							UTL505B	3		UTL505B				FILI10
UTL505BE							30	"2025-10-10 14:21:19"							UTL505B	3		UTL505B				FILI10
UTL505BF							30	"2025-10-10 14:21:19"							UTL505B	3		UTL505B				FILI10
UTL505BG							30	"2025-10-10 14:21:19"							UTL505B	3		UTL505B				FILI10
UTL506AC							30	"2025-10-10 14:21:19"							UTL506A	3		UTL506A				FILI10
UTL506AE							30	"2025-05-26 07:29:22"							UTL506A	1		UTL506A				
UTL506AF							30	"2025-05-26 07:29:01"							UTL506A	1		UTL506A				
UTL506AF							30	"2025-06-13 06:10:57"							UTL506A	5		UTL506A				
UTL506BC							30	"2025-10-10 14:21:19"							UTL506B	3		UTL506B				FILI10
UTL506BD							30	"2025-10-10 14:21:19"							UTL506B	3		UTL506B				FILI10
UTL507AC							30	"2025-10-10 14:21:19"							UTL507A	3		UTL507A				FILI10
UTL507AF							30	"2025-06-13 06:10:57"							UTL507A	5		UTL507A				
UTL507AG							30	"2025-05-26 13:07:50"							UTL507A	1		UTL507A				
UTL507BC							30	"2025-10-10 14:21:19"							UTL507B	3		UTL507B				FILI10
UTL507BD							30	"2025-10-10 14:21:19"							UTL507B	3		UTL507B				FILI10
UTL507BE							30	"2025-10-10 14:21:19"							UTL507B	3		UTL507B				FILI10
UTL507BF							30	"2025-06-13 06:10:57"							UTL507B	5		UTL507B				
UTL507BG							30	"2025-06-13 06:10:57"							UTL507B	5		UTL507B				
UTL508AD							30	"2025-10-10 14:21:19"							UTL508A	4		UTL508A				FILI10
UTL508AF							30	"2025-05-26 12:59:53"							UTL508A	1		UTL508A				
UTL508BC							30	"2025-05-26 13:03:28"							UTL508B	1		UTL508B				
UTL508BD							30	"2025-05-26 13:03:17"							UTL508B	1		UTL508B				
UTL508BE							30	"2025-05-26 13:02:20"							UTL508B	1		UTL508B				
UTL508BE							30	"2025-06-13 06:10:57"							UTL508B	5		UTL508B				
UTL508BF							30	"2025-05-26 13:01:53"							UTL508B	1		UTL508B				
UTL508BF							30	"2025-06-13 06:10:57"							UTL508B	5		UTL508B				
UTL508BG							30	"2025-05-26 13:03:50"							UTL508B	1		UTL508B				
UTL508BG							30	"2025-06-13 06:10:57"							UTL508B	5		UTL508B				
UTL509AF							30	"2025-06-13 06:10:57"							UTL509A	5		UTL509A				
UTL509BD							30	"2025-10-10 14:21:19"							UTL509B	4		UTL509B				FILI10
UTL509BE							30	"2025-10-10 14:21:19"							UTL509B	4		UTL509B				FILI10
UTL509BF							30	"2025-10-10 14:21:19"							UTL509B	4		UTL509B				FILI10
UTL509BF							30	"2025-06-13 06:10:57"							UTL509B	5		UTL509B				
UTL50A							30	"2026-05-11 17:02:46"							UTL50A	1		UTL50	GG			FILI10
UTL50A							30	"2026-04-10 16:15:32"							UTL50A	2		UTL50	GG			FILI10
UTL50A							30	"2026-05-11 17:02:46"							UTL50A	3		UTL50	GG			FILI10
UTL50A							30	"2026-05-11 17:02:46"							UTL50A	4		UTL50	GG			FILI10
UTL50A							30	"2026-05-11 17:02:46"							UTL50A	5		UTL50	GG			FILI10
UTL50A							30	"2026-05-11 17:02:46"							UTL50A	6		UTL50	GG			MUNC85
UTL50A							30	"2026-05-11 17:02:46"							UTL50A	7		UTL50	GG			MUNC85
UTL50B							30	"2026-05-11 17:02:46"							UTL50B	1		UTL50	GG			FILI10
UTL50B							30	"2026-04-10 16:15:33"							UTL50B	2		UTL50	GG			FILI10
UTL50B							30	"2026-05-11 17:02:46"							UTL50B	3		UTL50	GG			FILI10
UTL50B							30	"2026-05-11 17:02:46"							UTL50B	4		UTL50	GG			FILI10
UTL50B							30	"2026-05-11 17:02:46"							UTL50B	5		UTL50	GG			FILI10
UTL50B							30	"2026-05-11 17:02:46"							UTL50B	6		UTL50	GG			
UTL50B							30	"2026-05-11 17:02:46"							UTL50B	7		UTL50	GG			
UTL510AC							30	"2025-10-10 14:21:19"							UTL510A	2		UTL510A				FILI10
UTL510AD							30	"2025-10-10 14:21:19"							UTL510A	4		UTL510A				FILI10
UTL510AE							30	"2025-05-26 12:48:21"							UTL510A	1		UTL510A				
UTL510AF							30	"2025-06-13 06:10:57"							UTL510A	5		UTL510A				
UTL510BC							30	"2025-10-10 14:21:19"							UTL510B	2		UTL510B				FILI10
UTL510BC							30	"2025-10-10 14:21:19"							UTL510B	3		UTL510B				FILI10
UTL510BD							30	"2025-10-10 14:21:19"							UTL510B	3		UTL510B				FILI10
UTL510BE							30	"2025-05-26 12:53:24"							UTL510B	1		UTL510B				
UTL510BE							30	"2025-10-10 14:21:19"							UTL510B	3		UTL510B				FILI10
UTL510BF							30	"2025-05-26 12:53:09"							UTL510B	1		UTL510B				
UTL510BF							30	"2025-10-10 14:21:19"							UTL510B	3		UTL510B				FILI10
UTL510BF							30	"2025-06-13 06:10:57"							UTL510B	5		UTL510B				
UTL511AC							30	"2025-10-10 14:21:19"							UTL511A	2		UTL511A				FILI10
UTL511AD							30	"2025-10-10 14:21:19"							UTL511A	2		UTL511A				FILI10
UTL511AE							30	"2025-10-10 14:21:19"							UTL511A	2		UTL511A				FILI10
UTL511BC							30	"2025-10-10 14:21:19"							UTL511B	2		UTL511B				FILI10
UTL511BC							30	"2025-10-10 14:21:19"							UTL511B	3		UTL511B				FILI10
UTL511BD							30	"2025-10-10 14:21:19"							UTL511B	2		UTL511B				FILI10
UTL511BD							30	"2025-10-10 14:21:19"							UTL511B	3		UTL511B				FILI10
UTL511BD							30	"2025-10-10 14:21:19"							UTL511B	4		UTL511B				FILI10
UTL511BE							30	"2025-05-26 12:48:46"							UTL511B	1		UTL511B				
UTL511BE							30	"2025-10-10 14:21:19"							UTL511B	4		UTL511B				FILI10
UTL511BF							30	"2025-10-10 14:21:19"							UTL511B	4		UTL511B				FILI10
UTL511BF							30	"2025-06-13 06:10:57"							UTL511B	5		UTL511B				
UTL511BG							30	"2025-10-10 14:21:19"							UTL511B	4		UTL511B				FILI10
UTL512AC							30	"2025-06-13 06:10:57"							UTL512A	5		UTL512A				
UTL512AD							30	"2025-06-13 06:10:57"							UTL512A	5		UTL512A				
UTL512AE							30	"2025-05-26 12:54:31"							UTL512A	1		UTL512A				
UTL512AF							30	"2025-05-26 12:54:44"							UTL512A	1		UTL512A				
UTL512BD							30	"2025-10-10 14:21:19"							UTL512B	4		UTL512B				FILI10
UTL513AC							30	"2025-10-10 14:21:19"							UTL513A	2		UTL513A				FILI10
UTL513BC							30	"2025-10-10 14:21:19"							UTL513B	2		UTL513B				FILI10
UTL513BD							30	"2025-10-10 14:21:19"							UTL513B	3		UTL513B				FILI10
UTL514AB				610			30	"2025-03-31 09:40:32"								2						
UTL514AC							30	"2025-10-10 14:21:19"							UTL514A	4		UTL514A				FILI10
UTL514AD							30	"2025-10-10 14:21:19"							UTL514A	3		UTL514A				FILI10
UTL514AD							30	"2025-06-05 06:42:30"								4		UTL514A				
UTL514AE							30	"2025-10-10 14:21:19"							UTL514A	3		UTL514A				FILI10
UTL514AE							30	"2025-10-10 14:21:19"							UTL514A	4		UTL514A				FILI10
UTL514AF							30	"2025-06-13 06:10:58"							UTL514A	5		UTL514A				
UTL514BD							30	"2025-10-10 14:21:19"							UTL514B	4		UTL514B				FILI10
UTL514BF							30	"2025-06-13 06:10:58"							UTL514B	5		UTL514B				
UTL515AD							30	"2025-06-25 14:57:00"								3		UTL515A				
UTL515AD							30	"2025-10-10 14:21:19"							UTL515A	4		UTL515A				FILI10
UTL515AF							30	"2025-06-13 06:10:58"							UTL515A	5		UTL515A				
UTL515BD							30	"2025-10-10 14:21:19"							UTL515B	3		UTL515B				FILI10
UTL515BF							30	"2025-06-13 06:10:58"							UTL515B	5		UTL515B				
UTL516AC							30	"2025-06-09 13:49:24"							UTL516A	1		UTL516A				
UTL516BC							30	"2025-06-09 13:52:22"							UTL516B	1		UTL516B				
UTL516BC							30	"2025-06-10 14:04:20"								2		UTL516B				
UTL516BD							30	"2025-10-10 14:21:19"							UTL516B	2		UTL516B				FILI10
UTL518AC							30	"2025-10-10 14:21:19"							UTL518A	3		UTL518A				FILI10
UTL518BC							30	"2025-10-10 14:21:19"							UTL518B	2		UTL518B				FILI10
UTL518BC							30	"2025-10-10 14:21:19"							UTL518B	3		UTL518B				FILI10
UTL51A							30	"2026-05-11 17:02:47"							UTL51A	1		UTL51	GG			FILI10
UTL51A							30	"2026-04-10 16:15:33"							UTL51A	2		UTL51	GG			FILI10
UTL51A							30	"2026-05-11 17:02:47"							UTL51A	3		UTL51	GG			FILI10
UTL51A							30	"2026-05-11 17:02:47"							UTL51A	4		UTL51	GG			FILI10
UTL51A							30	"2026-05-11 17:02:47"							UTL51A	5		UTL51	GG			FILI10
UTL51A							30	"2026-05-11 17:02:47"							UTL51A	6		UTL51	GG			
UTL51A							30	"2026-05-11 17:02:47"							UTL51A	7		UTL51	GG			
UTL51B							30	"2026-05-11 17:02:47"							UTL51B	1		UTL51	GG			FILI10
UTL51B							30	"2026-04-10 16:15:33"							UTL51B	2		UTL51	GG			FILI10
UTL51B							30	"2026-05-11 17:02:47"							UTL51B	3		UTL51	GG			FILI10
UTL51B							30	"2026-05-11 17:02:47"							UTL51B	4		UTL51	GG			FILI10
UTL51B							30	"2026-05-11 17:02:47"							UTL51B	5		UTL51	GG			FILI10
UTL51B							30	"2026-05-11 17:02:47"							UTL51B	6		UTL51	GG			
UTL51B							30	"2026-05-11 17:02:47"							UTL51B	7		UTL51	GG			
UTL520BD							30	"2025-10-10 14:21:19"							UTL520B	4		UTL520B				FILI10
UTL521BC							30	"2025-06-09 13:51:42"							UTL521B	1		UTL521B				
UTL524BD							30	"2025-10-10 14:21:19"							UTL524B	4		UTL524B				FILI10
UTL526AC							30	"2025-10-10 14:21:19"							UTL526A	4		UTL526A				FILI10
UTL529AC							30	"2025-10-10 14:21:19"							UTL529A	4		UTL529A				FILI10
UTL52A							30	"2026-05-11 17:02:47"							UTL52A	1		UTL52	GG			FILI10
UTL52A				453			30	"2026-05-12 11:46:30"					"Granngården Hjo"		UTL52A	2		UTL52	GG			FILI10
UTL52A				249			30	"2026-05-13 12:46:52"					"Granngården Kalmar"		UTL52A	3		UTL52	GG			FILI10
UTL52A							30	"2026-05-11 17:02:47"							UTL52A	4		UTL52	GG			FILI10
UTL52A				249			30	"2026-05-13 12:46:52"					"Granngården Kalmar"		UTL52A	5		UTL52	GG			FILI10
UTL52A							30	"2026-05-11 17:02:47"							UTL52A	6		UTL52	GG			
UTL52A							30	"2026-05-11 17:02:48"							UTL52A	7		UTL52	GG			
UTL52B							30	"2026-05-11 17:02:48"							UTL52B	1		UTL52	GG			FILI10
UTL52B							30	"2026-04-10 16:15:34"							UTL52B	2		UTL52	GG			FILI10
UTL52B							30	"2026-05-11 17:02:48"							UTL52B	3		UTL52	GG			FILI10
UTL52B							30	"2026-05-11 17:02:48"							UTL52B	4		UTL52	GG			FILI10
UTL52B							30	"2026-05-11 17:02:48"							UTL52B	5		UTL52	GG			FILI10
UTL52B							30	"2026-05-11 17:02:48"							UTL52B	6		UTL52	GG			
UTL52B							30	"2026-05-11 17:02:48"							UTL52B	7		UTL52	GG			
UTL530AG							30	"2025-05-26 13:43:39"							UTL530A	1		UTL530A				
UTL530BC							30	"2025-10-10 14:21:19"							UTL530B	4		UTL530B				FILI10
UTL531BC							30	"2025-10-10 14:21:19"							UTL531B	3		UTL531B				FILI10
UTL531BC							30	"2025-10-10 14:21:19"							UTL531B	4		UTL531B				FILI10
UTL531BD							30	"2025-10-10 14:21:19"							UTL531B	4		UTL531B				FILI10
UTL532AD							30	"2025-10-10 14:21:19"							UTL532A	4		UTL532A				FILI10
UTL533BC							30	"2025-10-10 14:21:19"							UTL533B	4		UTL533B				FILI10
UTL534BC							30	"2025-10-10 14:21:19"							UTL534B	4		UTL534B				FILI10
UTL534BD							30	"2025-10-10 14:21:19"							UTL534B	4		UTL534B				FILI10
UTL535AD							30	"2025-10-10 14:21:19"							UTL535A	4		UTL535A				FILI10
UTL536AC							30	"2025-10-10 14:21:19"							UTL536A	2		UTL536A				FILI10
UTL536AD							30	"2025-10-10 14:21:19"							UTL536A	4		UTL536A				FILI10
UTL536BD							30	"2025-10-10 14:21:19"							UTL536B	4		UTL536B				FILI10
UTL537AD							30	"2025-10-10 14:21:19"							UTL537A	4		UTL537A				FILI10
UTL538AF							30	"2025-06-13 06:10:58"							UTL538A	5		UTL538A				
UTL539BC							30	"2025-10-10 14:21:19"							UTL539B	2		UTL539B				FILI10
UTL53A							30	"2026-05-11 17:02:48"							UTL53	1		UTL53	GG			FILI10
UTL53A				453			30	"2026-05-12 11:46:30"					"Granngården Hjo"		UTL53	2		UTL53	GG			FILI10
UTL53A				249			30	"2026-05-13 12:46:52"					"Granngården Kalmar"		UTL53	3		UTL53	GG			FILI10
UTL53A							30	"2026-05-11 17:02:48"							UTL53	4		UTL53	GG			FILI10
UTL53A				249			30	"2026-05-13 12:46:52"					"Granngården Kalmar"		UTL53	5		UTL53	GG			FILI10
UTL53A							30	"2026-05-11 17:02:48"							UTL53	6		UTL53	GG			
UTL53A							30	"2026-05-11 17:02:48"							UTL53	7		UTL53	GG			
UTL53B							30	"2026-05-11 17:02:48"							UTL53	1		UTL53	GG			FILI10
UTL53B							30	"2026-04-10 16:15:34"							UTL53	2		UTL53	GG			FILI10
UTL53B							30	"2026-05-11 17:02:48"							UTL53	3		UTL53	GG			FILI10
UTL53B							30	"2026-05-11 17:02:48"							UTL53	4		UTL53	GG			FILI10
UTL53B							30	"2026-05-11 17:02:48"							UTL53	5		UTL53	GG			SEBA80
UTL53B							30	"2026-05-11 17:02:48"							UTL53	6		UTL53	GG			
UTL53B							30	"2026-05-11 17:02:49"							UTL53	7		UTL53	GG			
UTL540AF							30	"2025-05-26 06:28:42"							UTL540A	1		UTL540A				
UTL541BD							30	"2025-10-10 14:21:19"							UTL541B	3		UTL541B				FILI10
UTL542BC							30	"2025-06-13 06:10:58"							UTL542B	5		UTL542B				
UTL542BD							30	"2025-10-10 14:21:19"							UTL542B	3		UTL542B				FILI10
UTL542BE							30	"2025-05-28 06:07:59"							UTL542B	1		UTL542B				
UTL542BE							30	"2025-10-10 14:21:19"							UTL542B	4		UTL542B				FILI10
UTL542BE							30	"2025-06-13 06:10:58"							UTL542B	5		UTL542B				
UTL542BF							30	"2025-05-28 06:07:35"							UTL542B	1		UTL542B				
UTL542BF							30	"2025-10-10 14:21:19"							UTL542B	4		UTL542B				FILI10
UTL542BF							30	"2025-06-13 06:10:58"							UTL542B	5		UTL542B				
UTL542BG							30	"2025-05-28 06:07:09"							UTL542B	1		UTL542B				
UTL543AD							30	"2025-10-10 14:21:19"							UTL543A	3		UTL543A				FILI10
UTL544AD							30	"2025-10-10 14:21:19"							UTL544A	3		UTL544A				FILI10
UTL544AE							30	"2025-10-10 14:21:19"							UTL544A	4		UTL544A				FILI10
UTL545BF							30	"2025-05-26 06:24:19"							UTL545B	1		UTL545B				
UTL546AF							30	"2025-05-26 06:24:28"							UTL546A	1		UTL546A				
UTL546BC							30	"2025-10-10 14:21:19"							UTL546B	3		UTL546B				FILI10
UTL546BF							30	"2025-05-26 06:24:36"							UTL546B	1		UTL546B				
UTL54A							30	"2026-05-11 17:02:49"							UTL54A	1		UTL54	GG			FILI10
UTL54A				453			30	"2026-05-12 11:46:30"					"Granngården Hjo"		UTL54A	2		UTL54	GG			FILI10
UTL54A				249			30	"2026-05-13 12:46:52"					"Granngården Kalmar"		UTL54A	3		UTL54	GG			FILI10
UTL54A							30	"2026-05-11 17:02:49"							UTL54A	4		UTL54	GG			FILI10
UTL54A				249			30	"2026-05-13 12:46:52"					"Granngården Kalmar"		UTL54A	5		UTL54	GG			FILI10
UTL54A							30	"2026-05-11 17:02:49"							UTL54A	6		UTL54	GG			
UTL54A							30	"2026-05-11 17:02:49"							UTL54A	7		UTL54	GG			
UTL54B							30	"2026-05-11 17:02:49"							UTL54B	1		UTL54	GG			FILI10
UTL54B							30	"2026-04-13 16:39:07"							UTL54B	2		UTL54	GG			FILI10
UTL54B							30	"2026-05-11 17:02:49"							UTL54B	3		UTL54	GG			FILI10
UTL54B							30	"2026-05-11 17:02:49"							UTL54B	4		UTL54	GG			FILI10
UTL54B							30	"2026-05-11 17:02:49"							UTL54B	5		UTL54	GG			FILI10
UTL54B							30	"2026-05-11 17:02:49"							UTL54B	6		UTL54	GG			
UTL54B							30	"2026-05-11 17:02:49"							UTL54B	7		UTL54	GG			
UTL55A							30	"2026-05-11 17:02:49"							UTL55A	1		UTL55	GG			FILI10
UTL55A				454			30	"2026-05-12 11:46:36"					"Granngården Skövde"		UTL55A	2		UTL55	GG			FILI10
UTL55A				249			30	"2026-05-13 12:46:58"					"Granngården Kalmar"		UTL55A	3		UTL55	GG			FILI10
UTL55A							30	"2026-05-11 17:02:49"							UTL55A	4		UTL55	GG			SEBA80
UTL55A				249			30	"2026-05-13 12:46:58"					"Granngården Kalmar"		UTL55A	5		UTL55	GG			FILI10
UTL55A							30	"2026-05-11 17:02:49"							UTL55A	6		UTL55	GG			
UTL55A							30	"2026-05-11 17:02:50"							UTL55A	7		UTL55	GG			
UTL55B							30	"2026-05-11 17:02:50"							UTL55B	1		UTL55	GG			FILI10
UTL55B							30	"2026-04-10 16:15:36"							UTL55B	2		UTL55	GG			FILI10
UTL55B							30	"2026-05-11 17:02:50"							UTL55B	3		UTL55	GG			FILI10
UTL55B							30	"2026-05-11 17:02:50"							UTL55B	4		UTL55	GG			FILI10
UTL55B							30	"2026-05-11 17:02:50"							UTL55B	5		UTL55	GG			FILI10
UTL55B							30	"2026-05-11 17:02:50"							UTL55B	6		UTL55	GG			
UTL55B							30	"2026-05-11 17:02:50"							UTL55B	7		UTL55	GG			
UTL56A							30	"2026-05-11 17:02:50"							UTL56A	1		UTL56	GG			FILI10
UTL56A				454			30	"2026-05-12 11:46:36"					"Granngården Skövde"		UTL56A	2		UTL56	GG			FILI10
UTL56A				222			30	"2026-05-13 16:15:27"					"Granngården Arvika"		UTL56A	3		UTL56	GG			FILI10
UTL56A							30	"2026-05-11 17:02:50"							UTL56A	4		UTL56	GG			SEBA80
UTL56A				222			30	"2026-05-13 16:15:27"					"Granngården Arvika"		UTL56A	5		UTL56	GG			FILI10
UTL56A							30	"2026-05-11 17:02:50"							UTL56A	6		UTL56	GG			
UTL56A							30	"2026-05-11 17:02:50"							UTL56A	7		UTL56	GG			
UTL56B							30	"2026-05-11 17:02:50"							UTL56B	1		UTL56	GG			SEBA80
UTL56B							30	"2026-04-10 16:15:36"							UTL56B	2		UTL56	GG			FILI10
UTL56B							30	"2026-05-11 17:02:50"							UTL56B	3		UTL56	GG			FILI10
UTL56B							30	"2026-05-11 17:02:50"							UTL56B	4		UTL56	GG			FILI10
UTL56B							30	"2026-05-11 17:02:50"							UTL56B	5		UTL56	GG			OSCA45
UTL56B							30	"2026-05-11 17:02:51"							UTL56B	6		UTL56	GG			
UTL56B							30	"2026-05-11 17:02:51"							UTL56B	7		UTL56	GG			
UTL57A							30	"2026-05-11 17:02:51"							UTL57A	1		UTL57	GG			FILI10
UTL57A				284			30	"2026-05-12 11:46:44"					"Granngården Karlskrona"		UTL57A	2		UTL57	GG			FILI10
UTL57A				222			30	"2026-05-13 16:15:27"					"Granngården Arvika"		UTL57A	3		UTL57	GG			FILI10
UTL57A							30	"2026-05-11 17:02:51"							UTL57A	4		UTL57	GG			FILI10
UTL57A				222			30	"2026-05-13 16:15:27"					"Granngården Arvika"		UTL57A	5		UTL57	GG			FILI10
UTL57A							30	"2026-05-11 17:02:52"							UTL57A	6		UTL57	GG			
UTL57A							30	"2026-05-11 17:02:52"							UTL57A	7		UTL57	GG			
UTL57B							30	"2026-05-11 17:02:52"							UTL57B	1		UTL57	GG			FILI10
UTL57B							30	"2026-04-10 16:15:37"							UTL57B	2		UTL57	GG			FILI10
UTL57B							30	"2026-05-11 17:02:52"							UTL57B	3		UTL57	GG			FILI10
UTL57B							30	"2026-05-11 17:02:52"							UTL57B	4		UTL57	GG			FILI10
UTL57B							30	"2026-05-11 17:02:53"							UTL57B	5		UTL57	GG			OSCA45
UTL57B							30	"2026-05-11 17:02:53"							UTL57B	6		UTL57	GG			
UTL57B							30	"2026-05-11 17:02:53"							UTL57B	7		UTL57	GG			
UTL58A							30	"2026-05-11 17:02:53"							UTL58A	1		UTL58	GG			FILI10
UTL58A				284			30	"2026-05-12 11:46:44"					"Granngården Karlskrona"		UTL58A	2		UTL58	GG			FILI10
UTL58A				222			30	"2026-05-13 16:15:27"					"Granngården Arvika"		UTL58A	3		UTL58	GG			FILI10
UTL58A							30	"2026-05-11 17:02:53"							UTL58A	4		UTL58	GG			FILI10
UTL58A				222			30	"2026-05-13 16:15:27"					"Granngården Arvika"		UTL58A	5		UTL58	GG			FILI10
UTL58A							30	"2026-05-11 17:02:53"							UTL58A	6		UTL58	GG			
UTL58A							30	"2026-05-11 17:02:53"							UTL58A	7		UTL58	GG			
UTL58B							30	"2026-05-11 17:02:54"							UTL58B	1		UTL58	GG			FILI10
UTL58B							30	"2026-04-10 16:15:37"							UTL58B	2		UTL58	GG			FILI10
UTL58B							30	"2026-05-11 17:02:54"							UTL58B	3		UTL58	GG			FILI10
UTL58B							30	"2026-05-11 17:02:54"							UTL58B	4		UTL58	GG			FILI10
UTL58B							30	"2026-05-11 17:02:54"							UTL58B	5		UTL58	GG			OSCA45
UTL58B							30	"2026-05-11 17:02:54"							UTL58B	6		UTL58	GG			
UTL58B							30	"2026-05-11 17:02:54"							UTL58B	7		UTL58	GG			
UTL59A							30	"2026-05-11 17:02:54"							UTL59A	1		UTL59	GG			FILI10
UTL59A				284			30	"2026-05-12 11:46:44"					"Granngården Karlskrona"		UTL59A	2		UTL59	GG			FILI10
UTL59A				222			30	"2026-05-13 16:15:27"					"Granngården Arvika"		UTL59A	3		UTL59	GG			FILI10
UTL59A							30	"2026-05-11 17:02:55"							UTL59A	4		UTL59	GG			FILI10
UTL59A				222			30	"2026-05-13 16:15:27"					"Granngården Arvika"		UTL59A	5		UTL59	GG			FILI10
UTL59A							30	"2026-05-11 17:02:55"							UTL59A	6		UTL59	GG			
UTL59A							30	"2026-05-11 17:02:55"							UTL59A	7		UTL59	GG			
UTL59B							30	"2026-05-11 17:02:55"							UTL59B	1		UTL59	GG			FILI10
UTL59B							30	"2026-04-10 16:15:38"							UTL59B	2		UTL59	GG			FILI10
UTL59B							30	"2026-05-11 17:02:55"							UTL59B	3		UTL59	GG			FILI10
UTL59B							30	"2026-05-11 17:02:55"							UTL59B	4		UTL59	GG			FILI10
UTL59B							30	"2026-05-11 17:02:55"							UTL59B	5		UTL59	GG			OSCA45
UTL59B							30	"2026-05-11 17:02:55"							UTL59B	6		UTL59	GG			
UTL59B							30	"2026-05-11 17:02:55"							UTL59B	7		UTL59	GG			
UTL600AA							30	"2026-05-12 06:44:35"							UTL600A	1		UTL600A	MG			ANTO87
UTL600AA				617			30	"2026-05-12 07:39:25"					"XL-BYGG Faringe"		UTL600A	2		UTL600A	MG			ANTO87
UTL600AA				442			30	"2026-05-13 07:21:16"					"Söders Järn"		UTL600A	3	"Freja Stockholm"	UTL600A	MG			ANTO87
UTL600AA							30	"2026-05-08 06:08:06"							UTL600A	4		UTL600A	MG			ANTO87
UTL600AA							30	"2026-05-11 06:36:41"							UTL600A	5		UTL600A	MG			ANTO87
UTL600AA							30	"2025-08-26 06:50:52"							UTL600A	6		UTL600A	MG			MUNC85
UTL600AA							30	"2025-08-26 06:50:52"							UTL600A	7		UTL600A	MG			MUNC85
UTL600AB							30	"2026-05-12 06:44:35"							UTL600A	1		UTL600A	MG			ANTO87
UTL600AB				442			30	"2026-05-12 13:05:10"					"Söders Järn"		UTL600A	2		UTL600A	MG			HUGO49
UTL600AB				409			30	"2026-05-13 12:56:03"					"Järn & Färghandel i Tumba"		UTL600A	3	"B Freja Stockholm"	UTL600A	MG			ANTO87
UTL600AB							30	"2026-05-13 12:56:16"							UTL600A	4		UTL600A	MG			ANTO87
UTL600AB							30	"2026-05-11 06:36:41"							UTL600A	5		UTL600A	MG			ANTO87
UTL600AB							30	"2025-08-26 06:50:52"							UTL600A	6		UTL600A	MG			
UTL600AB							30	"2025-08-26 06:50:52"							UTL600A	7		UTL600A	MG			
UTL600AC				484433			30	"2025-08-04 16:41:48"							UTL600A	3		UTL600A				MUNC85
UTL600AC							30	"2026-05-06 14:42:50"							UTL600A	4		UTL600A	MG			
UTL600AD							30	"2025-05-28 13:32:46"							UTL600A	3		UTL600A				
UTL600BA							30	"2026-05-12 06:44:35"							UTL600B	1		UTL600B	MG			ANTO87
UTL600BA				133376			30	"2026-05-12 07:39:25"					"Mal proff Upplands Väsby"		UTL600B	2		UTL600B	MG			ANTO87
UTL600BA				290			30	"2026-05-13 07:21:16"					"J&B Saltis"		UTL600B	3	"Freja Stockholm"	UTL600B	MG			ANTO87
UTL600BA							30	"2026-05-08 06:08:07"							UTL600B	4		UTL600B	MG			ANTO87
UTL600BA							30	"2026-05-11 06:36:41"							UTL600B	5		UTL600B	MG			ANTO87
UTL600BA							30	"2025-08-26 06:50:52"							UTL600B	6		UTL600B	MG			MUNC85
UTL600BA							30	"2025-08-26 06:50:52"							UTL600B	7		UTL600B	MG			MUNC85
UTL600BB							30	"2026-05-12 06:44:35"							UTL600B	1		UTL600B	MG			ANTO87
UTL600BB				290			30	"2026-05-12 13:05:10"					"J&B Saltis"		UTL600B	2		UTL600B	MG			HUGO49
UTL600BB				470			30	"2026-05-13 12:56:03"					"Järnia Favoriten"		UTL600B	3	"B Freja Stockholm"	UTL600B	MG			ANTO87
UTL600BB							30	"2026-05-13 12:56:16"							UTL600B	4		UTL600B	MG			ANTO87
UTL600BB							30	"2026-05-11 06:36:41"							UTL600B	5		UTL600B	MG			ANTO87
UTL600BB							30	"2025-08-26 06:50:52"							UTL600B	6		UTL600B	MG			
UTL600BB							30	"2025-08-26 06:50:52"							UTL600B	7		UTL600B	MG			
UTL600BC							30	"2025-07-09 06:37:35"							UTL600B	2		UTL600B				
UTL600BC							30	"2026-05-06 14:42:51"							UTL600B	4		UTL600B	MG			
UTL600BE							30	"2026-03-26 07:01:35"							UTL600B	3		UTL600B	MG			
UTL600BG							30	"2025-10-09 16:54:36"							UTL600B	5		UTL600B				FILI10
UTL600BH							30	"2026-03-26 07:01:35"							UTL600B	3		UTL600B	MG			
UTL600BN							30	"2026-03-26 07:01:35"							UTL600B	3		UTL600B	MG			
UTL601AA							30	"2026-05-12 06:44:35"							UTL601A	1		UTL601A	MG			ANTO87
UTL601AA				192289			30	"2026-05-12 07:39:25"					"Kålbäcks Färghall AB"		UTL601A	2		UTL601A	MG			ANTO87
UTL601AA				728			30	"2026-05-13 07:21:16"					"XL-BYGG Upplands Väsby"		UTL601A	3	"Freja Stockholm"	UTL601A	MG			ANTO87
UTL601AA							30	"2026-05-08 06:08:07"							UTL601A	4		UTL601A	MG			ANTO87
UTL601AA							30	"2026-05-11 06:36:41"							UTL601A	5		UTL601A	MG			ANTO87
UTL601AA							30	"2025-08-26 06:50:52"							UTL601A	6		UTL601A	MG			MUNC85
UTL601AA							30	"2025-08-26 06:50:52"							UTL601A	7		UTL601A	MG			MUNC85
UTL601AB							30	"2026-05-12 06:44:35"							UTL601A	1		UTL601A	MG			ANTO87
UTL601AB				728			30	"2026-05-12 13:05:10"					"XL-BYGG Upplands Väsby"		UTL601A	2		UTL601A	MG			HUGO49
UTL601AB				192289			30	"2026-05-13 12:56:03"					"Kålbäcks Färghall AB"		UTL601A	3	"B Freja Stockholm"	UTL601A	MG			ANTO87
UTL601AB							30	"2026-05-13 12:56:16"							UTL601A	4		UTL601A	MG			ANTO87
UTL601AB							30	"2026-05-11 06:36:41"							UTL601A	5		UTL601A	MG			ANTO87
UTL601AB							30	"2025-08-26 06:50:52"							UTL601A	6		UTL601A	MG			
UTL601AB							30	"2025-08-26 06:50:52"							UTL601A	7		UTL601A	MG			
UTL601AC							30	"2025-07-09 06:39:37"							UTL601A	2		UTL601A				
UTL601AC							30	"2026-05-06 14:42:51"							UTL601A	4		UTL601A	MG			
UTL601BA							30	"2026-05-12 06:44:35"							UTL601B	1		UTL601B	MG			ANTO87
UTL601BA				484055			30	"2026-05-12 07:39:25"					"Colorama Sollentuna Norrorts Färg"		UTL601B	2		UTL601B	MG			ANTO87
UTL601BA				626			30	"2026-05-13 07:21:16"					"XL-BYGG Palms"		UTL601B	3	"Freja Stockholm"	UTL601B	MG			ANTO87
UTL601BA							30	"2026-05-08 06:08:07"							UTL601B	4		UTL601B	MG			ANTO87
UTL601BA							30	"2026-05-11 06:36:41"							UTL601B	5		UTL601B	MG			ANTO87
UTL601BA							30	"2025-08-26 06:50:52"							UTL601B	6		UTL601B	MG			MUNC85
UTL601BA							30	"2025-08-26 06:50:52"							UTL601B	7		UTL601B	MG			MUNC85
UTL601BB							30	"2026-05-12 06:44:36"							UTL601B	1		UTL601B	MG			ANTO87
UTL601BB				626			30	"2026-05-12 13:05:10"					"XL-BYGG Palms"		UTL601B	2		UTL601B	MG			HUGO49
UTL601BB				484055			30	"2026-05-13 12:56:03"					"Colorama Sollentuna Norrorts Färg"		UTL601B	3	"B Freja Stockholm"	UTL601B	MG			ANTO87
UTL601BB							30	"2026-05-13 12:56:16"							UTL601B	4		UTL601B	MG			ANTO87
UTL601BB							30	"2026-05-11 06:36:41"							UTL601B	5		UTL601B	MG			ANTO87
UTL601BB							30	"2025-08-26 06:50:52"							UTL601B	6		UTL601B	MG			
UTL601BB							30	"2025-08-26 06:50:52"							UTL601B	7		UTL601B	MG			
UTL601BC							30	"2026-03-26 07:01:35"							UTL601B	3		UTL601B	MG			
UTL601BD							30	"2025-06-03 14:50:23"							UTL601B	2		UTL601B				
UTL601BD							30	"2025-06-25 13:57:31"							UTL601B	3		UTL601B				
UTL601BE							30	"2025-06-05 13:26:22"							UTL601B	4		UTL601B				
UTL601BF							30	"2025-06-13 06:10:58"							UTL601B	5		UTL601B				
UTL601BG							30	"2025-05-26 13:46:49"							UTL601B	1		UTL601B				
UTL601BG							30	"2025-06-13 06:10:58"							UTL601B	5		UTL601B				
UTL602AA							30	"2026-05-12 06:44:36"							UTL602A	1		UTL602A	MG			ANTO87
UTL602AA				484660			30	"2026-05-12 07:39:25"					"Colorama Märsta Arlandastad"		UTL602A	2		UTL602A	MG			ANTO87
UTL602AA				620			30	"2026-05-13 07:21:16"					"XL-BYGG Lebe Byggvaror"		UTL602A	3	"Freja Stockholm"	UTL602A	MG			ANTO87
UTL602AA							30	"2026-05-08 06:08:07"							UTL602A	4		UTL602A	MG			ANTO87
UTL602AA							30	"2026-05-11 06:36:41"							UTL602A	5		UTL602A	MG			ANTO87
UTL602AA							30	"2025-08-26 06:50:52"							UTL602A	6		UTL602A	MG			MUNC85
UTL602AA							30	"2025-08-26 06:50:52"							UTL602A	7		UTL602A	MG			MUNC85
UTL602AB							30	"2026-05-12 06:44:36"							UTL602A	1		UTL602A	MG			ANTO87
UTL602AB				620			30	"2026-05-12 13:05:10"					"XL-BYGG Lebe Byggvaror"		UTL602A	2		UTL602A	MG			HUGO49
UTL602AB				637			30	"2026-05-13 12:56:03"					"XL-BYGG Täby"		UTL602A	3	"B Freja Stockholm"	UTL602A	MG			ANTO87
UTL602AB							30	"2026-05-13 12:56:16"							UTL602A	4		UTL602A	MG			ANTO87
UTL602AB							30	"2026-05-11 06:36:41"							UTL602A	5		UTL602A	MG			ANTO87
UTL602AB							30	"2025-08-26 06:50:52"							UTL602A	6		UTL602A	MG			
UTL602AB							30	"2025-08-26 06:50:52"							UTL602A	7		UTL602A	MG			
UTL602AC							30	"2026-05-06 14:42:52"							UTL602A	4		UTL602A	MG			
UTL602AD							30	"2025-06-03 14:45:07"							UTL602A	2		UTL602A				
UTL602AD							30	"2025-07-16 13:15:23"							UTL602A	3		UTL602A				
UTL602AD							30	"2026-05-06 14:42:52"							UTL602A	4		UTL602A	MG			
UTL602AG							30	"2025-06-02 07:49:40"							UTL602A	1		UTL602A				
UTL602BA							30	"2026-05-12 06:44:36"							UTL602B	1		UTL602B	MG			ANTO87
UTL602BA				409			30	"2026-05-12 07:39:25"					"Järn & Färghandel i Tumba"		UTL602B	2		UTL602B	MG			ANTO87
UTL602BA				484612			30	"2026-05-13 07:21:16"					"Colorama Stockholm Tyresö"		UTL602B	3	"Freja Stockholm"	UTL602B	MG			ANTO87
UTL602BA							30	"2026-05-08 06:08:07"							UTL602B	4		UTL602B	MG			ANTO87
UTL602BA							30	"2026-05-11 06:36:41"							UTL602B	5		UTL602B	MG			ANTO87
UTL602BA							30	"2025-08-26 06:50:52"							UTL602B	6		UTL602B	MG			MUNC85
UTL602BA							30	"2025-08-26 06:50:52"							UTL602B	7		UTL602B	MG			MUNC85
UTL602BB							30	"2026-05-12 06:44:36"							UTL602B	1		UTL602B	MG			ANTO87
UTL602BB				484612			30	"2026-05-12 13:05:10"					"Colorama Stockholm Tyresö"		UTL602B	2		UTL602B	MG			HUGO49
UTL602BB				723			30	"2026-05-13 12:56:03"					"XL-BYGG Åkersberga"		UTL602B	3	"B Freja Stockholm"	UTL602B	MG			ANTO87
UTL602BB							30	"2026-05-13 12:56:16"							UTL602B	4		UTL602B	MG			ANTO87
UTL602BB							30	"2026-05-11 06:36:42"							UTL602B	5		UTL602B	MG			ANTO87
UTL602BB							30	"2025-08-26 06:50:52"							UTL602B	6		UTL602B	MG			
UTL602BB							30	"2025-08-26 06:50:52"							UTL602B	7		UTL602B	MG			MUNC85
UTL602BC							30	"2025-06-03 14:43:18"							UTL602B	2		UTL602B				
UTL602BC							30	"2025-05-28 13:33:59"							UTL602B	3		UTL602B				
UTL602BD							30	"2025-06-03 14:43:33"							UTL602B	2		UTL602B				
UTL602BE							30	"2025-06-05 13:23:14"							UTL602B	4		UTL602B				
UTL602BG							30	"2025-06-13 06:10:58"							UTL602B	5		UTL602B				
UTL603AA							30	"2026-05-12 06:44:36"							UTL603A	1		UTL603A	MG			ANTO87
UTL603AA				624			30	"2026-05-12 07:39:25"					"XL-BYGG Nynäshamn"		UTL603A	2		UTL603A	MG			ANTO87
UTL603AA				192285			30	"2026-05-13 07:21:16"					"Färggiganten Värmdö AB"		UTL603A	3	"Freja Stockholm"	UTL603A	MG			ANTO87
UTL603AA							30	"2026-05-08 06:08:07"							UTL603A	4		UTL603A	MG			ANTO87
UTL603AA							30	"2026-05-11 06:36:42"							UTL603A	5		UTL603A	MG			ANTO87
UTL603AA							30	"2025-08-26 06:50:52"							UTL603A	6		UTL603A	MG			MUNC85
UTL603AA							30	"2025-08-26 06:50:52"							UTL603A	7		UTL603A	MG			MUNC85
UTL603AB							30	"2026-05-12 06:44:36"							UTL603A	1		UTL603A	MG			ANTO87
UTL603AB				192285			30	"2026-05-12 13:05:10"					"Färggiganten Värmdö AB"		UTL603A	2		UTL603A	MG			HUGO49
UTL603AB				624			30	"2026-05-13 12:56:03"					"XL-BYGG Nynäshamn"		UTL603A	3	"B Freja Stockholm"	UTL603A	MG			ANTO87
UTL603AB							30	"2026-05-13 12:56:16"							UTL603A	4		UTL603A	MG			ANTO87
UTL603AB							30	"2026-05-11 06:36:42"							UTL603A	5		UTL603A	MG			ANTO87
UTL603AB							30	"2025-08-26 06:50:52"							UTL603A	6		UTL603A	MG			
UTL603AB							30	"2025-08-26 06:50:52"							UTL603A	7		UTL603A	MG			MUNC85
UTL603AC							30	"2025-07-09 06:42:10"							UTL603A	2		UTL603A				
UTL603AC							30	"2025-05-28 13:33:34"							UTL603A	3		UTL603A				
UTL603AE							30	"2025-06-05 13:33:58"							UTL603A	4		UTL603A				
UTL603AG							30	"2025-06-13 06:10:58"							UTL603A	5		UTL603A				
UTL603BA							30	"2026-05-12 06:44:36"							UTL603B	1		UTL603B	MG			ANTO87
UTL603BA				637			30	"2026-05-12 07:39:25"					"XL-BYGG Täby"		UTL603B	2		UTL603B	MG			ANTO87
UTL603BA				484612			30	"2026-05-13 07:21:16"					"Colorama Stockholm Tyresö"		UTL603B	3	"Freja Stockholm"	UTL603B	MG			ANTO87
UTL603BA							30	"2026-05-08 06:08:07"							UTL603B	4		UTL603B	MG			ANTO87
UTL603BA							30	"2026-05-11 06:36:42"							UTL603B	5		UTL603B	MG			ANTO87
UTL603BA							30	"2025-08-26 06:50:52"							UTL603B	6		UTL603B	MG			MUNC85
UTL603BA							30	"2025-08-26 06:50:52"							UTL603B	7		UTL603B	MG			MUNC85
UTL603BB							30	"2026-05-12 06:44:36"							UTL603B	1		UTL603B	MG			ANTO87
UTL603BB				484612			30	"2026-05-12 13:05:10"					"Colorama Stockholm Tyresö"		UTL603B	2		UTL603B	MG			HUGO49
UTL603BB				484660			30	"2026-05-13 12:56:03"					"Colorama Märsta Arlandastad"		UTL603B	3	"B Freja Stockholm"	UTL603B	MG			ANTO87
UTL603BB							30	"2026-05-13 12:56:16"							UTL603B	4		UTL603B	MG			ANTO87
UTL603BB							30	"2026-05-11 06:36:42"							UTL603B	5		UTL603B	MG			ANTO87
UTL603BB							30	"2025-08-26 06:50:52"							UTL603B	6		UTL603B	MG			MUNC85
UTL603BB							30	"2025-08-26 06:50:52"							UTL603B	7		UTL603B	MG			MUNC85
UTL603BC							30	"2025-06-25 13:58:03"							UTL603B	3		UTL603B				
UTL603BD							30	"2025-06-03 14:46:33"							UTL603B	2		UTL603B				
UTL603BE							30	"2025-06-05 13:26:54"							UTL603B	4		UTL603B				
UTL603BG							30	"2025-05-30 14:26:33"							UTL603B	1		UTL603B				
UTL603BG							30	"2025-06-13 06:10:58"							UTL603B	5		UTL603B				
UTL604A							30	"2026-05-12 06:44:36"							UTL604	1		UTL604	MG			ANTO87
UTL604A				484655			30	"2026-05-12 07:39:25"					"Colorama Stockholm Vällingby"		UTL604	2		UTL604	MG			ANTO87
UTL604A				286			30	"2026-05-13 07:21:16"					"Vallåkra Lantmannaaffär"		UTL604	3	"Freja Skåne"	UTL604	MG			ANTO87
UTL604A							30	"2026-05-08 06:08:08"							UTL604	4		UTL604	MG			ANTO87
UTL604A							30	"2026-05-11 06:36:42"							UTL604	5		UTL604	MG			ANTO87
UTL604A							30	"2025-08-26 06:50:52"							UTL604	6		UTL604	MG			MUNC85
UTL604A							30	"2025-08-26 06:50:52"							UTL604	7		UTL604	MG			MUNC85
UTL604AA							30	"2026-03-27 13:03:44"							UTL604A	1		UTL604A	MG			
UTL604AA							30	"2026-04-22 06:46:10"							UTL604A	2		UTL604A	MG			
UTL604AA							30	"2026-03-26 07:01:37"							UTL604A	3		UTL604A	MG			
UTL604AA							30	"2026-05-06 14:42:52"							UTL604A	4		UTL604A	MG			
UTL604AA							30	"2026-05-07 14:18:18"							UTL604A	5		UTL604A	MG			
UTL604AB							30	"2026-03-27 13:03:44"							UTL604A	1		UTL604A	MG			
UTL604AB							30	"2026-04-22 06:46:10"							UTL604A	2		UTL604A	MG			
UTL604AB							30	"2026-03-26 07:01:37"							UTL604A	3		UTL604A	MG			
UTL604AB							30	"2026-05-06 14:42:52"							UTL604A	4		UTL604A	MG			
UTL604AB							30	"2026-05-07 14:18:18"							UTL604A	5		UTL604A	MG			
UTL604B							30	"2026-05-12 06:44:36"							UTL604	1		UTL604	MG			ANTO87
UTL604B				286			30	"2026-05-12 13:05:10"					"Vallåkra Lantmannaaffär"		UTL604	2		UTL604	MG			HUGO49
UTL604B				726			30	"2026-05-13 12:56:03"					"XL-BYGG Bergqvist Askersund"		UTL604	3	"B Freja Örebro"	UTL604	MG			ANTO87
UTL604B							30	"2026-05-13 12:56:16"							UTL604	4		UTL604	MG			ANTO87
UTL604B							30	"2026-05-11 06:36:42"							UTL604	5		UTL604	MG			ANTO87
UTL604B							30	"2025-08-26 06:50:52"							UTL604	6		UTL604	MG			
UTL604B							30	"2025-08-26 06:50:52"							UTL604	7		UTL604	MG			
UTL604BA							30	"2026-05-12 06:44:36"							UTL604B	1		UTL604B	MG			ANTO87
UTL604BA				484655			30	"2026-05-12 07:39:25"					"Colorama Stockholm Vällingby"		UTL604B	2		UTL604B	MG			ANTO87
UTL604BA				359			30	"2026-05-13 07:21:16"					"ByggUppMera i Skivarp"		UTL604B	3	"Freja Skåne"	UTL604B	MG			ANTO87
UTL604BA							30	"2026-05-08 06:08:08"							UTL604B	4		UTL604B	MG			ANTO87
UTL604BA							30	"2026-05-11 06:36:42"							UTL604B	5		UTL604B	MG			ANTO87
UTL604BB							30	"2026-05-12 06:44:36"							UTL604B	1		UTL604B	MG			ANTO87
UTL604BB				359			30	"2026-05-12 13:05:10"					"ByggUppMera i Skivarp"		UTL604B	2		UTL604B	MG			HUGO49
UTL604BB				618			30	"2026-05-13 12:56:03"					"XL-BYGG Håga"		UTL604B	3	"B Freja Stockholm"	UTL604B	MG			ANTO87
UTL604BB							30	"2026-05-13 12:56:17"							UTL604B	4		UTL604B	MG			ANTO87
UTL604BB							30	"2026-05-11 06:36:42"							UTL604B	5		UTL604B	MG			ANTO87
UTL604G							30	"2025-05-26 13:44:56"							UTL604	1		UTL604				
UTL605A							30	"2026-05-12 06:44:36"							UTL605	1		UTL605	MG			ANTO87
UTL605A				723			30	"2026-05-12 07:39:25"					"XL-BYGG Åkersberga"		UTL605	2		UTL605	MG			ANTO87
UTL605A				360			30	"2026-05-13 07:21:16"					"Örkelljunga Lantmannaaffär"		UTL605	3	"Freja Skåne"	UTL605	MG			ANTO87
UTL605A							30	"2026-05-08 06:08:08"							UTL605	4		UTL605	MG			ANTO87
UTL605A							30	"2026-05-11 06:36:42"							UTL605	5		UTL605	MG			ANTO87
UTL605A							30	"2025-08-26 06:50:52"							UTL605	6		UTL605	MG			MUNC85
UTL605A							30	"2025-08-26 06:50:52"							UTL605	7		UTL605	MG			MUNC85
UTL605AA							30	"2026-03-27 13:03:45"							UTL605A	1		UTL605A	MG			
UTL605AA							30	"2026-04-22 06:46:10"							UTL605A	2		UTL605A	MG			
UTL605AA							30	"2026-03-26 07:01:38"							UTL605A	3		UTL605A	MG			
UTL605AA							30	"2026-05-06 14:42:52"							UTL605A	4		UTL605A	MG			
UTL605AA							30	"2026-05-07 14:18:18"							UTL605A	5		UTL605A	MG			
UTL605AB							30	"2026-03-27 13:03:45"							UTL605A	1		UTL605A	MG			
UTL605AB							30	"2026-04-22 06:46:10"							UTL605A	2		UTL605A	MG			
UTL605AB							30	"2026-03-26 07:01:38"							UTL605A	3		UTL605A	MG			
UTL605AB							30	"2026-05-06 14:42:52"							UTL605A	4		UTL605A	MG			
UTL605AB							30	"2026-05-07 14:18:18"							UTL605A	5		UTL605A	MG			
UTL605B							30	"2026-05-12 06:44:36"							UTL605	1		UTL605	MG			ANTO87
UTL605B				360			30	"2026-05-12 13:05:10"					"Örkelljunga Lantmannaaffär"		UTL605	2		UTL605	MG			HUGO49
UTL605B				160			30	"2026-05-13 12:56:03"					"Fjugesta Järn & Färg"		UTL605	3	"B Freja Örebro"	UTL605	MG			ANTO87
UTL605B							30	"2026-05-13 12:56:17"							UTL605	4		UTL605	MG			ANTO87
UTL605B							30	"2026-05-11 06:36:42"							UTL605	5		UTL605	MG			ANTO87
UTL605B							30	"2025-08-26 06:50:52"							UTL605	6		UTL605	MG			
UTL605B							30	"2025-08-26 06:50:52"							UTL605	7		UTL605	MG			MUNC85
UTL605BA							30	"2026-05-12 06:44:36"							UTL605B	1		UTL605B	MG			ANTO87
UTL605BA				484550			30	"2026-05-12 07:39:25"					"Colorama Lindesberg"		UTL605B	2		UTL605B	MG			ANTO87
UTL605BA				681			30	"2026-05-13 07:21:16"					"XL-BYGG Hans Anders, Veberöd"		UTL605B	3	"Freja Skåne"	UTL605B	MG			ANTO87
UTL605BA							30	"2026-05-08 06:08:08"							UTL605B	4		UTL605B	MG			ANTO87
UTL605BA							30	"2026-05-11 06:36:42"							UTL605B	5		UTL605B	MG			ANTO87
UTL605BB							30	"2026-05-12 06:44:36"							UTL605B	1		UTL605B	MG			ANTO87
UTL605BB				681			30	"2026-05-12 13:05:10"					"XL-BYGG Hans Anders, Veberöd"		UTL605B	2		UTL605B	MG			HUGO49
UTL605BB				618			30	"2026-05-13 12:56:03"					"XL-BYGG Håga"		UTL605B	3	"B Freja Stockholm"	UTL605B	MG			ANTO87
UTL605BB							30	"2026-05-13 12:56:17"							UTL605B	4		UTL605B	MG			ANTO87
UTL605BB							30	"2026-05-11 06:36:42"							UTL605B	5		UTL605B	MG			ANTO87
UTL605C							30	"2025-05-28 14:04:54"							UTL605	3		UTL605				
UTL605C							30	"2025-06-19 13:34:40"							UTL605	4		UTL605				
UTL605G							30	"2025-06-02 13:28:25"							UTL605	1		UTL605				
UTL606A							30	"2026-05-12 06:44:36"							UTL606	1		UTL606	MG			ANTO87
UTL606A				723			30	"2026-05-12 07:39:25"					"XL-BYGG Åkersberga"		UTL606	2		UTL606	MG			ANTO87
UTL606A				192167			30	"2026-05-13 07:21:16"					"Sjöbecks Färg AB"		UTL606	3	"Freja Skåne"	UTL606	MG			ANTO87
UTL606A							30	"2026-05-08 06:08:08"							UTL606	4		UTL606	MG			ANTO87
UTL606A							30	"2026-05-11 06:36:42"							UTL606	5		UTL606	MG			ANTO87
UTL606A							30	"2025-08-26 06:50:52"							UTL606	6		UTL606	MG			MUNC85
UTL606A							30	"2025-08-26 06:50:52"							UTL606	7		UTL606	MG			MUNC85
UTL606AA							30	"2026-03-27 13:03:45"							UTL606A	1		UTL606A	MG			
UTL606AA							30	"2026-04-22 06:46:11"							UTL606A	2		UTL606A	MG			
UTL606AA							30	"2026-03-26 07:01:38"							UTL606A	3		UTL606A	MG			
UTL606AA							30	"2026-05-06 14:42:53"							UTL606A	4		UTL606A	MG			
UTL606AA							30	"2026-05-07 14:18:19"							UTL606A	5		UTL606A	MG			
UTL606AB							30	"2026-03-27 13:03:45"							UTL606A	1		UTL606A	MG			
UTL606AB							30	"2026-04-22 06:46:11"							UTL606A	2		UTL606A	MG			
UTL606AB							30	"2026-03-26 07:01:38"							UTL606A	3		UTL606A	MG			
UTL606AB							30	"2026-05-06 14:42:53"							UTL606A	4		UTL606A	MG			
UTL606AB							30	"2026-05-07 14:18:19"							UTL606A	5		UTL606A	MG			
UTL606B							30	"2026-05-12 06:44:36"							UTL606	1		UTL606	MG			ANTO87
UTL606B				192167			30	"2026-05-12 13:05:10"					"Sjöbecks Färg AB"		UTL606	2		UTL606	MG			HUGO49
UTL606B				484702			30	"2026-05-13 12:56:03"					"Colorama Askersund"		UTL606	3	"B Freja Örebro"	UTL606	MG			ANTO87
UTL606B							30	"2026-05-13 12:56:17"							UTL606	4		UTL606	MG			ANTO87
UTL606B							30	"2026-05-11 06:36:42"							UTL606	5		UTL606	MG			ANTO87
UTL606B							30	"2025-08-26 06:50:52"							UTL606	6		UTL606	MG			
UTL606B							30	"2025-08-26 06:50:52"							UTL606	7		UTL606	MG			
UTL606BA							30	"2026-05-12 06:44:37"							UTL606B	1		UTL606B	MG			ANTO87
UTL606BA				484550			30	"2026-05-12 07:39:25"					"Colorama Lindesberg"		UTL606B	2		UTL606B	MG			ANTO87
UTL606BA				233			30	"2026-05-13 07:21:16"					"Bolist Stehag"		UTL606B	3	"Freja Skåne"	UTL606B	MG			ANTO87
UTL606BA							30	"2026-05-08 06:08:08"							UTL606B	4		UTL606B	MG			ANTO87
UTL606BA							30	"2026-05-11 06:36:43"							UTL606B	5		UTL606B	MG			ANTO87
UTL606BB							30	"2026-05-12 06:44:37"							UTL606B	1		UTL606B	MG			ANTO87
UTL606BB				233			30	"2026-05-12 13:05:10"					"Bolist Stehag"		UTL606B	2		UTL606B	MG			HUGO49
UTL606BB				436			30	"2026-05-13 12:56:03"					Roje		UTL606B	3	"B Freja Örebro"	UTL606B	MG			ANTO87
UTL606BB							30	"2026-05-13 12:56:17"							UTL606B	4		UTL606B	MG			ANTO87
UTL606BB							30	"2026-05-11 06:36:43"							UTL606B	5		UTL606B	MG			ANTO87
UTL607A							30	"2026-05-12 06:44:37"							UTL607	1		UTL607	MG			ANTO87
UTL607A				723			30	"2026-05-12 07:39:25"					"XL-BYGG Åkersberga"		UTL607	2		UTL607	MG			ANTO87
UTL607A							30	"2026-05-07 06:25:31"							UTL607	3		UTL607	MG			ANTO87
UTL607A							30	"2026-05-08 06:08:08"							UTL607	4		UTL607	MG			ANTO87
UTL607A							30	"2026-05-11 06:36:43"							UTL607	5		UTL607	MG			ANTO87
UTL607A							30	"2025-08-26 06:50:52"							UTL607	6		UTL607	MG			MUNC85
UTL607A							30	"2025-08-26 06:50:52"							UTL607	7		UTL607	MG			MUNC85
UTL607AA							30	"2026-03-27 13:03:46"							UTL607A	1		UTL607A	MG			
UTL607AA							30	"2026-04-22 06:46:11"							UTL607A	2		UTL607A	MG			
UTL607AA							30	"2026-03-26 07:01:38"							UTL607A	3		UTL607A	MG			
UTL607AA							30	"2026-05-06 14:42:53"							UTL607A	4		UTL607A	MG			
UTL607AA							30	"2026-05-07 14:18:19"							UTL607A	5		UTL607A	MG			
UTL607AB							30	"2026-03-27 13:03:46"							UTL607A	1		UTL607A	MG			
UTL607AB							30	"2026-04-22 06:46:11"							UTL607A	2		UTL607A	MG			
UTL607AB							30	"2026-03-26 07:01:38"							UTL607A	3		UTL607A	MG			
UTL607AB							30	"2026-05-06 14:42:53"							UTL607A	4		UTL607A	MG			
UTL607AB							30	"2026-05-07 14:18:19"							UTL607A	5		UTL607A	MG			
UTL607B							30	"2026-05-12 06:44:37"							UTL607	1		UTL607	MG			ANTO87
UTL607B							30	"2026-05-06 12:54:34"							UTL607	2		UTL607	MG			ANTO87
UTL607B				329			30	"2026-05-13 12:56:03"					"Handelsgruppen  Hällefors"		UTL607	3	"B Freja Örebro"	UTL607	MG			ANTO87
UTL607B							30	"2026-05-13 12:56:17"							UTL607	4		UTL607	MG			ANTO87
UTL607B							30	"2026-05-11 06:36:43"							UTL607	5		UTL607	MG			ANTO87
UTL607B							30	"2025-08-26 06:50:52"							UTL607	6		UTL607	MG			
UTL607B							30	"2025-08-26 06:50:52"							UTL607	7		UTL607	MG			
UTL607BA							30	"2026-05-12 06:44:37"							UTL607B	1		UTL607B	MG			ANTO87
UTL607BA				484035			30	"2026-05-12 07:39:25"					"Colorama Hällefors"		UTL607B	2		UTL607B	MG			ANTO87
UTL607BA							30	"2026-05-07 06:25:31"							UTL607B	3		UTL607B	MG			ANTO87
UTL607BA							30	"2026-05-08 06:08:09"							UTL607B	4		UTL607B	MG			ANTO87
UTL607BA							30	"2026-05-11 06:36:43"							UTL607B	5		UTL607B	MG			ANTO87
UTL607BB							30	"2026-05-12 06:44:37"							UTL607B	1		UTL607B	MG			ANTO87
UTL607BB							30	"2026-05-06 12:54:34"							UTL607B	2		UTL607B	MG			ANTO87
UTL607BB				193			30	"2026-05-13 12:56:03"					"Bolist Nora"		UTL607B	3	"B Freja Örebro"	UTL607B	MG			ANTO87
UTL607BB							30	"2026-05-13 12:56:17"							UTL607B	4		UTL607B	MG			ANTO87
UTL607BB							30	"2026-05-11 06:36:43"							UTL607B	5		UTL607B	MG			ANTO87
UTL607C							30	"2026-03-27 13:03:46"							UTL607	1		UTL607	MG			
UTL607C							30	"2025-10-10 14:21:30"							UTL607	3		UTL607				FILI10
UTL607D							30	"2026-03-27 13:03:46"							UTL607	1		UTL607	MG			
UTL607F							30	"2025-06-13 06:10:58"							UTL607	5		UTL607				
UTL607G							30	"2025-06-13 06:10:58"							UTL607	5		UTL607				
UTL608A							30	"2026-05-12 06:44:37"							UTL608	1		UTL608	MG			ANTO87
UTL608A				248			30	"2026-05-12 07:39:25"					"Jensens Byggland"		UTL608	2		UTL608	MG			ANTO87
UTL608A				263			30	"2026-05-13 07:21:16"					"Esperöds Byggshop"		UTL608	3	"Freja Skåne"	UTL608	MG			ANTO87
UTL608A							30	"2026-05-08 06:08:09"							UTL608	4		UTL608	MG			ANTO87
UTL608A							30	"2026-05-11 06:36:43"							UTL608	5		UTL608	MG			ANTO87
UTL608A							30	"2025-08-26 06:50:52"							UTL608	6		UTL608	MG			MUNC85
UTL608A							30	"2025-08-26 06:50:52"							UTL608	7		UTL608	MG			MUNC85
UTL608AA							30	"2026-03-27 13:03:46"							UTL608A	1		UTL608A	MG			
UTL608AA							30	"2026-04-22 06:46:12"							UTL608A	2		UTL608A	MG			
UTL608AA							30	"2026-03-26 07:01:39"							UTL608A	3		UTL608A	MG			
UTL608AA							30	"2026-05-06 14:42:54"							UTL608A	4		UTL608A	MG			
UTL608AA							30	"2026-05-07 14:18:19"							UTL608A	5		UTL608A	MG			
UTL608AB							30	"2026-03-27 13:03:46"							UTL608A	1		UTL608A	MG			
UTL608AB							30	"2026-04-22 06:46:12"							UTL608A	2		UTL608A	MG			
UTL608AB							30	"2026-03-26 07:01:39"							UTL608A	3		UTL608A	MG			
UTL608AB							30	"2026-05-06 14:42:54"							UTL608A	4		UTL608A	MG			
UTL608AB							30	"2026-05-07 14:18:19"							UTL608A	5		UTL608A	MG			
UTL608B							30	"2026-05-12 06:44:37"							UTL608	1		UTL608	MG			ANTO87
UTL608B				263			30	"2026-05-12 13:05:10"					"Esperöds Byggshop"		UTL608	2		UTL608	MG			HUGO49
UTL608B				248			30	"2026-05-13 12:56:03"					"Jensens Byggland"		UTL608	3	"B Freja Skåne"	UTL608	MG			ANTO87
UTL608B							30	"2026-05-13 12:56:17"							UTL608	4		UTL608	MG			ANTO87
UTL608B							30	"2026-05-11 06:36:43"							UTL608	5		UTL608	MG			ANTO87
UTL608B							30	"2025-08-26 06:50:52"							UTL608	6		UTL608	MG			
UTL608B							30	"2025-08-26 06:50:52"							UTL608	7		UTL608	MG			
UTL608BA							30	"2026-05-12 06:44:37"							UTL608B	1		UTL608B	MG			ANTO87
UTL608BA				334			30	"2026-05-12 07:39:25"					"Järn & Fritid i Simrishamn"		UTL608B	2		UTL608B	MG			ANTO87
UTL608BA				251			30	"2026-05-13 07:21:16"					"Önne Trä & Byggvaror"		UTL608B	3	"Freja Skåne"	UTL608B	MG			ANTO87
UTL608BA							30	"2026-05-08 06:08:09"							UTL608B	4		UTL608B	MG			ANTO87
UTL608BA							30	"2026-05-11 06:36:43"							UTL608B	5		UTL608B	MG			ANTO87
UTL608BB							30	"2026-05-12 06:44:37"							UTL608B	1		UTL608B	MG			ANTO87
UTL608BB				251			30	"2026-05-12 13:05:10"					"Önne Trä & Byggvaror"		UTL608B	2		UTL608B	MG			HUGO49
UTL608BB				193			30	"2026-05-13 12:56:03"					"Bolist Nora"		UTL608B	3	"B Freja Örebro"	UTL608B	MG			ANTO87
UTL608BB							30	"2026-05-13 12:56:17"							UTL608B	4		UTL608B	MG			ANTO87
UTL608BB							30	"2026-05-11 06:36:43"							UTL608B	5		UTL608B	MG			ANTO87
UTL609A							30	"2026-05-12 06:44:37"							UTL609	1		UTL609	MG			ANTO87
UTL609A				347			30	"2026-05-12 07:39:25"					velltra		UTL609	2		UTL609	MG			ANTO87
UTL609A				263			30	"2026-05-13 07:21:16"					"Esperöds Byggshop"		UTL609	3	"Freja Skåne"	UTL609	MG			ANTO87
UTL609A							30	"2026-05-08 06:08:09"							UTL609	4		UTL609	MG			ANTO87
UTL609A							30	"2026-05-11 06:36:43"							UTL609	5		UTL609	MG			ANTO87
UTL609A							30	"2025-08-26 06:50:52"							UTL609	6		UTL609	MG			MUNC85
UTL609A							30	"2025-08-26 06:50:52"							UTL609	7		UTL609	MG			MUNC85
UTL609AA							30	"2026-03-27 13:03:47"							UTL609A	1		UTL609A	MG			
UTL609AA							30	"2026-04-22 06:46:12"							UTL609A	2		UTL609A	MG			
UTL609AA							30	"2026-03-26 07:01:39"							UTL609A	3		UTL609A	MG			
UTL609AA							30	"2026-05-06 14:42:54"							UTL609A	4		UTL609A	MG			
UTL609AA							30	"2026-05-07 14:18:20"							UTL609A	5		UTL609A	MG			
UTL609AB							30	"2026-03-27 13:03:47"							UTL609A	1		UTL609A	MG			
UTL609AB							30	"2026-04-22 06:46:12"							UTL609A	2		UTL609A	MG			
UTL609AB							30	"2026-03-26 07:01:39"							UTL609A	3		UTL609A	MG			
UTL609AB							30	"2026-05-06 14:42:54"							UTL609A	4		UTL609A	MG			
UTL609AB							30	"2026-05-07 14:18:20"							UTL609A	5		UTL609A	MG			
UTL609B							30	"2026-05-12 06:44:37"							UTL609	1		UTL609	MG			ANTO87
UTL609B				263			30	"2026-05-12 13:05:10"					"Esperöds Byggshop"		UTL609	2		UTL609	MG			HUGO49
UTL609B				300			30	"2026-05-13 12:56:04"					"ABC Järn & Färg"		UTL609	3	"B Freja Skåne"	UTL609	MG			ANTO87
UTL609B							30	"2026-05-13 12:56:17"							UTL609	4		UTL609	MG			ANTO87
UTL609B							30	"2026-05-11 06:36:43"							UTL609	5		UTL609	MG			ANTO87
UTL609B							30	"2025-08-26 06:50:52"							UTL609	6		UTL609	MG			
UTL609B							30	"2025-08-26 06:50:52"							UTL609	7		UTL609	MG			
UTL609BA							30	"2026-05-12 06:44:37"							UTL609B	1		UTL609B	MG			ANTO87
UTL609BA				674			30	"2026-05-12 07:39:25"					"XL-BYGG A-trä"		UTL609B	2		UTL609B	MG			ANTO87
UTL609BA				251			30	"2026-05-13 07:21:16"					"Önne Trä & Byggvaror"		UTL609B	3	"Freja Skåne"	UTL609B	MG			ANTO87
UTL609BA							30	"2026-05-08 06:08:09"							UTL609B	4		UTL609B	MG			ANTO87
UTL609BA							30	"2026-05-11 06:36:43"							UTL609B	5		UTL609B	MG			ANTO87
UTL609BB							30	"2026-05-12 06:44:37"							UTL609B	1		UTL609B	MG			ANTO87
UTL609BB				251			30	"2026-05-12 13:05:10"					"Önne Trä & Byggvaror"		UTL609B	2		UTL609B	MG			HUGO49
UTL609BB				347			30	"2026-05-13 12:56:04"					velltra		UTL609B	3	"B Freja Skåne"	UTL609B	MG			ANTO87
UTL609BB							30	"2026-05-13 12:56:17"							UTL609B	4		UTL609B	MG			ANTO87
UTL609BB							30	"2026-05-11 06:36:43"							UTL609B	5		UTL609B	MG			ANTO87
UTL609C							30	"2026-03-26 07:01:39"							UTL609	3		UTL609	MG			
UTL609D							30	"2026-03-27 13:03:47"							UTL609	1		UTL609	MG			
UTL609V							30	"2026-05-07 14:18:20"							UTL609	5		UTL609	MG			MUNC85
UTL60A							30	"2026-05-11 17:02:55"							UTL60A	1		UTL60	GG			FILI10
UTL60A				284			30	"2026-05-12 11:46:44"					"Granngården Karlskrona"		UTL60A	2		UTL60	GG			FILI10
UTL60A				222			30	"2026-05-13 16:15:27"					"Granngården Arvika"		UTL60A	3		UTL60	GG			FILI10
UTL60A							30	"2026-05-11 17:02:55"							UTL60A	4		UTL60	GG			FILI10
UTL60A				222			30	"2026-05-13 16:15:27"					"Granngården Arvika"		UTL60A	5		UTL60	GG			FILI10
UTL60A							30	"2026-05-11 17:02:55"							UTL60A	6		UTL60	GG			
UTL60A							30	"2026-05-11 17:02:55"							UTL60A	7		UTL60	GG			
UTL60B							30	"2026-05-11 17:02:55"							UTL60B	1		UTL60	GG			FILI10
UTL60B							30	"2026-04-10 16:15:38"							UTL60B	2		UTL60	GG			FILI10
UTL60B							30	"2026-05-11 17:02:56"							UTL60B	3		UTL60	GG			FILI10
UTL60B							30	"2026-05-11 17:02:56"							UTL60B	4		UTL60	GG			FILI10
UTL60B							30	"2026-05-11 17:02:56"							UTL60B	5		UTL60	GG			FILI10
UTL60B							30	"2026-05-11 17:02:56"							UTL60B	6		UTL60	GG			
UTL60B							30	"2026-05-11 17:02:56"							UTL60B	7		UTL60	GG			
UTL610A							30	"2026-05-12 06:44:37"							UTL610	1		UTL610	MG			ANTO87
UTL610A				678			30	"2026-05-12 07:39:25"					"XL-BYGG Hans Anders, Malmö"		UTL610	2		UTL610	MG			ANTO87
UTL610A				263			30	"2026-05-13 07:21:16"					"Esperöds Byggshop"		UTL610	3	"Freja Skåne"	UTL610	MG			ANTO87
UTL610A							30	"2026-05-08 06:08:09"							UTL610	4		UTL610	MG			ANTO87
UTL610A							30	"2026-05-11 06:36:43"							UTL610	5		UTL610	MG			ANTO87
UTL610A							30	"2025-08-26 06:50:52"							UTL610	6		UTL610	MG			MUNC85
UTL610A							30	"2025-08-26 06:50:52"							UTL610	7		UTL610	MG			MUNC85
UTL610AA							30	"2026-03-27 13:03:47"							UTL610A	1		UTL610A	MG			
UTL610AA							30	"2026-04-22 06:46:12"							UTL610A	2		UTL610A	MG			
UTL610AA							30	"2026-03-26 07:01:40"							UTL610A	3		UTL610A	MG			
UTL610AA							30	"2026-05-06 14:42:54"							UTL610A	4		UTL610A	MG			
UTL610AA							30	"2026-05-07 14:18:20"							UTL610A	5		UTL610A	MG			
UTL610AB							30	"2026-03-27 13:03:48"							UTL610A	1		UTL610A	MG			
UTL610AB							30	"2026-04-22 06:46:12"							UTL610A	2		UTL610A	MG			
UTL610AB							30	"2026-03-26 07:01:40"							UTL610A	3		UTL610A	MG			
UTL610AB							30	"2026-05-06 14:42:54"							UTL610A	4		UTL610A	MG			
UTL610AB							30	"2026-05-07 14:18:20"							UTL610A	5		UTL610A	MG			
UTL610B							30	"2026-05-12 06:44:37"							UTL610	1		UTL610	MG			ANTO87
UTL610B				263			30	"2026-05-12 13:05:10"					"Esperöds Byggshop"		UTL610	2		UTL610	MG			HUGO49
UTL610B				369			30	"2026-05-13 12:56:04"					"Munka Lantmän"		UTL610	3	"B Freja Skåne"	UTL610	MG			ANTO87
UTL610B							30	"2026-05-13 12:56:17"							UTL610	4		UTL610	MG			ANTO87
UTL610B							30	"2026-05-11 06:36:43"							UTL610	5		UTL610	MG			ANTO87
UTL610B							30	"2025-08-26 06:50:52"							UTL610	6		UTL610	MG			
UTL610B							30	"2025-08-26 06:50:52"							UTL610	7		UTL610	MG			
UTL610BA							30	"2026-05-12 06:44:37"							UTL610B	1		UTL610B	MG			ANTO87
UTL610BA				192144			30	"2026-05-12 07:39:25"					"Färghuset i Lund AB"		UTL610B	2		UTL610B	MG			ANTO87
UTL610BA				251			30	"2026-05-13 07:21:16"					"Önne Trä & Byggvaror"		UTL610B	3	"Freja Skåne"	UTL610B	MG			ANTO87
UTL610BA							30	"2026-05-08 06:08:09"							UTL610B	4		UTL610B	MG			ANTO87
UTL610BA							30	"2026-05-11 06:36:44"							UTL610B	5		UTL610B	MG			ANTO87
UTL610BB							30	"2026-05-12 06:44:38"							UTL610B	1		UTL610B	MG			ANTO87
UTL610BB				251			30	"2026-05-12 13:05:10"					"Önne Trä & Byggvaror"		UTL610B	2		UTL610B	MG			HUGO49
UTL610BB				674			30	"2026-05-13 12:56:04"					"XL-BYGG A-trä"		UTL610B	3	"B Freja Skåne"	UTL610B	MG			ANTO87
UTL610BB							30	"2026-05-13 12:56:17"							UTL610B	4		UTL610B	MG			ANTO87
UTL610BB							30	"2026-05-11 06:36:44"							UTL610B	5		UTL610B	MG			ANTO87
UTL610C							30	"2025-10-10 14:21:30"							UTL610	4		UTL610				FILI10
UTL610D							30	"2025-10-10 14:21:30"							UTL610	2		UTL610				FILI10
UTL610S							30	"2026-03-27 13:03:48"							UTL610	1		UTL610	MG			
UTL611A							30	"2026-05-12 06:44:38"							UTL611	1		UTL611	MG			ANTO87
UTL611A				484359			30	"2026-05-12 07:39:25"					"Colorama Ystad"		UTL611	2		UTL611	MG			ANTO87
UTL611A				192291			30	"2026-05-13 07:21:16"					"Färg och Tapet i Helsingborg AB"		UTL611	3	"Freja Skåne"	UTL611	MG			ANTO87
UTL611A							30	"2026-05-08 06:08:09"							UTL611	4		UTL611	MG			ANTO87
UTL611A							30	"2026-05-11 06:36:44"							UTL611	5		UTL611	MG			ANTO87
UTL611A							30	"2025-08-26 06:50:52"							UTL611	6		UTL611	MG			MUNC85
UTL611A							30	"2025-08-26 06:50:52"							UTL611	7		UTL611	MG			MUNC85
UTL611AA							30	"2026-03-27 13:03:48"							UTL611A	1		UTL611A	MG			
UTL611AA							30	"2026-04-22 06:46:13"							UTL611A	2		UTL611A	MG			
UTL611AA							30	"2026-03-26 07:01:40"							UTL611A	3		UTL611A	MG			
UTL611AA							30	"2026-05-06 14:42:55"							UTL611A	4		UTL611A	MG			
UTL611AA							30	"2026-05-07 14:18:20"							UTL611A	5		UTL611A	MG			
UTL611AB							30	"2026-03-27 13:03:48"							UTL611A	1		UTL611A	MG			
UTL611AB							30	"2026-04-22 06:46:13"							UTL611A	2		UTL611A	MG			
UTL611AB							30	"2026-03-26 07:01:40"							UTL611A	3		UTL611A	MG			
UTL611AB							30	"2026-05-06 14:42:55"							UTL611A	4		UTL611A	MG			
UTL611AB							30	"2026-05-07 14:18:20"							UTL611A	5		UTL611A	MG			
UTL611B							30	"2026-05-12 06:44:38"							UTL611	1		UTL611	MG			ANTO87
UTL611B				192291			30	"2026-05-12 13:05:10"					"Färg och Tapet i Helsingborg AB"		UTL611	2		UTL611	MG			HUGO49
UTL611B				677			30	"2026-05-13 12:56:04"					"XL-BYGG Hans Anders, Simrishamn"		UTL611	3	"B Freja Skåne"	UTL611	MG			ANTO87
UTL611B							30	"2026-05-13 12:56:17"							UTL611	4		UTL611	MG			ANTO87
UTL611B							30	"2026-05-11 06:36:44"							UTL611	5		UTL611	MG			ANTO87
UTL611B							30	"2025-08-26 06:50:52"							UTL611	6		UTL611	MG			
UTL611B							30	"2025-08-26 06:50:52"							UTL611	7		UTL611	MG			
UTL611BA							30	"2026-05-12 06:44:38"							UTL611B	1		UTL611B	MG			ANTO87
UTL611BA				484609			30	"2026-05-12 07:39:25"					"Colorama Malmö Limhamn"		UTL611B	2		UTL611B	MG			ANTO87
UTL611BA				251			30	"2026-05-13 07:21:16"					"Önne Trä & Byggvaror"		UTL611B	3	"Freja Skåne"	UTL611B	MG			ANTO87
UTL611BA							30	"2026-05-08 06:08:10"							UTL611B	4		UTL611B	MG			ANTO87
UTL611BA							30	"2026-05-11 06:36:44"							UTL611B	5		UTL611B	MG			ANTO87
UTL611BB							30	"2026-05-12 06:44:38"							UTL611B	1		UTL611B	MG			ANTO87
UTL611BB				251			30	"2026-05-12 13:05:10"					"Önne Trä & Byggvaror"		UTL611B	2		UTL611B	MG			HUGO49
UTL611BB				678			30	"2026-05-13 12:56:04"					"XL-BYGG Hans Anders, Malmö"		UTL611B	3	"B Freja Skåne"	UTL611B	MG			ANTO87
UTL611BB							30	"2026-05-13 12:56:18"							UTL611B	4		UTL611B	MG			ANTO87
UTL611BB							30	"2026-05-11 06:36:44"							UTL611B	5		UTL611B	MG			ANTO87
UTL611C							30	"2026-03-26 07:01:40"							UTL611	3		UTL611	MG			
UTL611G							30	"2025-10-09 16:54:48"							UTL611	5		UTL611				FILI10
UTL612A							30	"2026-05-12 06:44:38"							UTL612	1		UTL612	MG			ANTO87
UTL612A				4843688			30	"2026-05-12 07:39:25"					"Colorama Ängelholm"		UTL612	2		UTL612	MG			ANTO87
UTL612A				192291			30	"2026-05-13 07:21:16"					"Färg och Tapet i Helsingborg AB"		UTL612	3	"Freja Skåne"	UTL612	MG			ANTO87
UTL612A							30	"2026-05-08 06:08:10"							UTL612	4		UTL612	MG			ANTO87
UTL612A							30	"2026-05-11 06:36:44"							UTL612	5		UTL612	MG			ANTO87
UTL612A							30	"2025-08-26 06:50:52"							UTL612	6		UTL612	MG			MUNC85
UTL612A							30	"2025-08-26 06:50:52"							UTL612	7		UTL612	MG			MUNC85
UTL612AA							30	"2026-03-27 13:03:49"							UTL612A	1		UTL612A	MG			
UTL612AA							30	"2026-04-22 06:46:13"							UTL612A	2		UTL612A	MG			
UTL612AA							30	"2026-03-26 07:01:40"							UTL612A	3		UTL612A	MG			
UTL612AA							30	"2026-05-06 14:42:55"							UTL612A	4		UTL612A	MG			
UTL612AA							30	"2026-05-07 14:18:21"							UTL612A	5		UTL612A	MG			
UTL612AB							30	"2026-03-27 13:03:49"							UTL612A	1		UTL612A	MG			
UTL612AB							30	"2026-04-22 06:46:13"							UTL612A	2		UTL612A	MG			
UTL612AB							30	"2026-03-26 07:01:41"							UTL612A	3		UTL612A	MG			
UTL612AB							30	"2026-05-06 14:42:55"							UTL612A	4		UTL612A	MG			
UTL612AB							30	"2026-05-07 14:18:21"							UTL612A	5		UTL612A	MG			
UTL612B							30	"2026-05-12 06:44:38"							UTL612	1		UTL612	MG			ANTO87
UTL612B				192291			30	"2026-05-12 13:05:10"					"Färg och Tapet i Helsingborg AB"		UTL612	2		UTL612	MG			HUGO49
UTL612B				484668			30	"2026-05-13 12:56:04"					"Colorama Örkelljunga"		UTL612	3	"B Freja Skåne"	UTL612	MG			ANTO87
UTL612B							30	"2026-05-13 12:56:18"							UTL612	4		UTL612	MG			ANTO87
UTL612B							30	"2026-05-11 06:36:44"							UTL612	5		UTL612	MG			ANTO87
UTL612B							30	"2025-08-26 06:50:52"							UTL612	6		UTL612	MG			
UTL612B							30	"2025-08-26 06:50:52"							UTL612	7		UTL612	MG			
UTL612BA							30	"2026-05-12 06:44:38"							UTL612B	1		UTL612B	MG			ANTO87
UTL612BA				369			30	"2026-05-12 07:39:25"					"Munka Lantmän"		UTL612B	2		UTL612B	MG			ANTO87
UTL612BA				251			30	"2026-05-13 07:21:16"					"Önne Trä & Byggvaror"		UTL612B	3	"Freja Skåne"	UTL612B	MG			ANTO87
UTL612BA							30	"2026-05-08 06:08:10"							UTL612B	4		UTL612B	MG			ANTO87
UTL612BA							30	"2026-05-11 06:36:44"							UTL612B	5		UTL612B	MG			ANTO87
UTL612BB							30	"2026-05-12 06:44:38"							UTL612B	1		UTL612B	MG			ANTO87
UTL612BB				251			30	"2026-05-12 13:05:10"					"Önne Trä & Byggvaror"		UTL612B	2		UTL612B	MG			HUGO49
UTL612BB				334			30	"2026-05-13 12:56:04"					"Järn & Fritid i Simrishamn"		UTL612B	3	"B Freja Skåne"	UTL612B	MG			ANTO87
UTL612BB							30	"2026-05-13 12:56:18"							UTL612B	4		UTL612B	MG			ANTO87
UTL612BB							30	"2026-05-11 06:36:44"							UTL612B	5		UTL612B	MG			ANTO87
UTL612C							30	"2025-10-10 14:21:30"							UTL612	4		UTL612				FILI10
UTL612G							30	"2025-10-09 16:54:48"							UTL612	5		UTL612				FILI10
UTL613A							30	"2026-05-12 06:44:38"							UTL613	1		UTL613	MG			ANTO87
UTL613A				419			30	"2026-05-12 07:39:25"					"A Sjöbergs Byggmaterial"		UTL613	2		UTL613	MG			ANTO87
UTL613A				484664			30	"2026-05-13 07:21:16"					"Colorama Stockholm Ekerö"		UTL613	3	"Freja Stockholm"	UTL613	MG			ANTO87
UTL613A							30	"2026-05-08 06:08:10"							UTL613	4		UTL613	MG			ANTO87
UTL613A							30	"2026-05-11 06:36:44"							UTL613	5		UTL613	MG			ANTO87
UTL613A							30	"2025-08-26 06:50:52"							UTL613	6		UTL613	MG			MUNC85
UTL613A							30	"2025-08-26 06:50:52"							UTL613	7		UTL613	MG			MUNC85
UTL613AA							30	"2026-03-27 13:03:49"							UTL613A	1		UTL613A	MG			
UTL613AA							30	"2026-04-22 06:46:13"							UTL613A	2		UTL613A	MG			
UTL613AA							30	"2026-03-26 07:01:41"							UTL613A	3		UTL613A	MG			
UTL613AA							30	"2026-05-06 14:42:55"							UTL613A	4		UTL613A	MG			
UTL613AA							30	"2026-05-07 14:18:21"							UTL613A	5		UTL613A	MG			
UTL613AB							30	"2026-03-27 13:03:49"							UTL613A	1		UTL613A	MG			
UTL613AB							30	"2026-04-22 06:46:14"							UTL613A	2		UTL613A	MG			
UTL613AB							30	"2026-03-26 07:01:41"							UTL613A	3		UTL613A	MG			
UTL613AB							30	"2026-05-06 14:42:56"							UTL613A	4		UTL613A	MG			
UTL613AB							30	"2026-05-07 14:18:21"							UTL613A	5		UTL613A	MG			
UTL613B							30	"2026-05-12 06:44:38"							UTL613	1		UTL613	MG			ANTO87
UTL613B							30	"2026-05-06 12:54:35"							UTL613	2		UTL613	MG			ANTO87
UTL613B				358			30	"2026-05-13 12:56:04"					"Löderups Lokalförening Ek För"		UTL613	3	"B Freja Skåne"	UTL613	MG			ANTO87
UTL613B							30	"2026-05-13 12:56:18"							UTL613	4		UTL613	MG			ANTO87
UTL613B							30	"2026-05-11 06:36:44"							UTL613	5		UTL613	MG			ANTO87
UTL613B							30	"2025-08-26 06:50:52"							UTL613	6		UTL613	MG			
UTL613B							30	"2025-08-26 06:50:52"							UTL613	7		UTL613	MG			MUNC85
UTL613BA							30	"2026-05-12 06:44:38"							UTL613B	1		UTL613B	MG			ANTO87
UTL613BA				676			30	"2026-05-12 07:39:25"					"XL-BYGG Hans Anders, Ystad"		UTL613B	2		UTL613B	MG			ANTO87
UTL613BA							30	"2026-05-07 06:25:32"							UTL613B	3		UTL613B	MG			ANTO87
UTL613BA							30	"2026-05-08 06:08:10"							UTL613B	4		UTL613B	MG			ANTO87
UTL613BA							30	"2026-05-11 06:36:44"							UTL613B	5		UTL613B	MG			ANTO87
UTL613BB							30	"2026-05-12 06:44:38"							UTL613B	1		UTL613B	MG			ANTO87
UTL613BB							30	"2026-05-06 12:54:35"							UTL613B	2		UTL613B	MG			ANTO87
UTL613BB				676			30	"2026-05-13 12:56:04"					"XL-BYGG Hans Anders, Ystad"		UTL613B	3	"B Freja Skåne"	UTL613B	MG			ANTO87
UTL613BB							30	"2026-05-13 12:56:18"							UTL613B	4		UTL613B	MG			ANTO87
UTL613BB							30	"2026-05-11 06:36:44"							UTL613B	5		UTL613B	MG			ANTO87
UTL613C							30	"2025-10-10 14:21:30"							UTL613	2		UTL613				FILI10
UTL614A							30	"2026-05-12 06:44:38"							UTL614	1		UTL614	MG			ANTO87
UTL614A				300			30	"2026-05-12 07:39:25"					"ABC Järn & Färg"		UTL614	2		UTL614	MG			ANTO87
UTL614A				484664			30	"2026-05-13 07:21:16"					"Colorama Stockholm Ekerö"		UTL614	3	"Freja Stockholm"	UTL614	MG			ANTO87
UTL614A							30	"2026-05-08 06:08:10"							UTL614	4		UTL614	MG			ANTO87
UTL614A							30	"2026-05-11 06:36:44"							UTL614	5		UTL614	MG			ANTO87
UTL614A							30	"2025-08-26 06:50:52"							UTL614	6		UTL614	MG			MUNC85
UTL614A							30	"2025-08-26 06:50:52"							UTL614	7		UTL614	MG			MUNC85
UTL614AA							30	"2026-03-27 13:03:51"							UTL614A	1		UTL614A	MG			
UTL614AA							30	"2026-04-22 06:46:14"							UTL614A	2		UTL614A	MG			
UTL614AA							30	"2026-03-26 07:01:41"							UTL614A	3		UTL614A	MG			
UTL614AA							30	"2026-05-06 14:42:56"							UTL614A	4		UTL614A	MG			
UTL614AA							30	"2026-05-07 14:18:21"							UTL614A	5		UTL614A	MG			
UTL614AB							30	"2026-03-27 13:03:51"							UTL614A	1		UTL614A	MG			
UTL614AB							30	"2026-04-22 06:46:14"							UTL614A	2		UTL614A	MG			
UTL614AB							30	"2026-03-26 07:01:41"							UTL614A	3		UTL614A	MG			
UTL614AB							30	"2026-05-06 14:42:56"							UTL614A	4		UTL614A	MG			
UTL614AB							30	"2026-05-07 14:18:21"							UTL614A	5		UTL614A	MG			
UTL614B							30	"2026-05-12 06:44:38"							UTL614	1		UTL614	MG			ANTO87
UTL614B							30	"2026-05-06 12:54:35"							UTL614	2		UTL614	MG			ANTO87
UTL614B				484657			30	"2026-05-13 12:56:04"					"Colorama Kristianstad"		UTL614	3	"B Freja Skåne"	UTL614	MG			ANTO87
UTL614B							30	"2026-05-13 12:56:18"							UTL614	4		UTL614	MG			ANTO87
UTL614B							30	"2026-05-11 06:36:44"							UTL614	5		UTL614	MG			ANTO87
UTL614B							30	"2025-08-26 06:50:52"							UTL614	6		UTL614	MG			
UTL614B							30	"2025-08-26 06:50:52"							UTL614	7		UTL614	MG			MUNC85
UTL614BA							30	"2026-05-12 06:44:38"							UTL614B	1		UTL614B	MG			ANTO87
UTL614BA				358			30	"2026-05-12 07:39:25"					"Löderups Lokalförening Ek För"		UTL614B	2		UTL614B	MG			ANTO87
UTL614BA							30	"2026-05-07 06:25:32"							UTL614B	3		UTL614B	MG			ANTO87
UTL614BA							30	"2026-05-08 06:08:10"							UTL614B	4		UTL614B	MG			ANTO87
UTL614BA							30	"2026-05-11 06:36:45"							UTL614B	5		UTL614B	MG			ANTO87
UTL614BB							30	"2026-05-12 06:44:38"							UTL614B	1		UTL614B	MG			ANTO87
UTL614BB							30	"2026-05-06 12:54:35"							UTL614B	2		UTL614B	MG			ANTO87
UTL614BB				419			30	"2026-05-13 12:56:04"					"A Sjöbergs Byggmaterial"		UTL614B	3	"B Freja Skåne"	UTL614B	MG			ANTO87
UTL614BB							30	"2026-05-13 12:56:18"							UTL614B	4		UTL614B	MG			ANTO87
UTL614BB							30	"2026-05-11 06:36:45"							UTL614B	5		UTL614B	MG			ANTO87
UTL614C							30	"2025-10-10 14:21:30"							UTL614	4		UTL614				FILI10
UTL615A							30	"2026-05-12 06:44:38"							UTL615	1		UTL615	MG			ANTO87
UTL615A				677			30	"2026-05-12 07:39:25"					"XL-BYGG Hans Anders, Simrishamn"		UTL615	2		UTL615	MG			ANTO87
UTL615A							30	"2026-05-07 06:25:32"							UTL615	3		UTL615	MG			ANTO87
UTL615A							30	"2026-05-08 06:08:10"							UTL615	4		UTL615	MG			ANTO87
UTL615A							30	"2026-05-11 06:36:45"							UTL615	5		UTL615	MG			ANTO87
UTL615A							30	"2025-08-26 06:50:52"							UTL615	6		UTL615	MG			MUNC85
UTL615A							30	"2025-08-26 06:50:52"							UTL615	7		UTL615	MG			MUNC85
UTL615AA							30	"2026-03-27 13:03:51"							UTL615A	1		UTL615A	MG			
UTL615AA							30	"2026-04-22 06:46:14"							UTL615A	2		UTL615A	MG			
UTL615AA							30	"2026-03-26 07:01:42"							UTL615A	3		UTL615A	MG			
UTL615AA							30	"2026-05-06 14:42:56"							UTL615A	4		UTL615A	MG			
UTL615AA							30	"2026-05-07 14:18:22"							UTL615A	5		UTL615A	MG			
UTL615AB							30	"2026-03-27 13:03:52"							UTL615A	1		UTL615A	MG			
UTL615AB							30	"2026-04-22 06:46:14"							UTL615A	2		UTL615A	MG			
UTL615AB							30	"2026-03-26 07:01:42"							UTL615A	3		UTL615A	MG			
UTL615AB							30	"2026-05-06 14:42:56"							UTL615A	4		UTL615A	MG			
UTL615AB							30	"2026-05-07 14:18:22"							UTL615A	5		UTL615A	MG			
UTL615B							30	"2026-05-12 06:44:39"							UTL615	1		UTL615	MG			ANTO87
UTL615B							30	"2026-05-06 12:54:35"							UTL615	2		UTL615	MG			ANTO87
UTL615B				367			30	"2026-05-13 12:56:04"					"Östra Ljungby Lantmän"		UTL615	3	"B Freja Skåne"	UTL615	MG			ANTO87
UTL615B							30	"2026-05-13 12:56:18"							UTL615	4		UTL615	MG			ANTO87
UTL615B							30	"2026-05-11 06:36:45"							UTL615	5		UTL615	MG			ANTO87
UTL615B							30	"2025-08-26 06:50:52"							UTL615	6		UTL615	MG			
UTL615B							30	"2025-08-26 06:50:52"							UTL615	7		UTL615	MG			
UTL615BA							30	"2026-05-12 06:44:39"							UTL615B	1		UTL615B	MG			ANTO87
UTL615BA				359			30	"2026-05-12 07:39:26"					"ByggUppMera i Skivarp"		UTL615B	2		UTL615B	MG			ANTO87
UTL615BA							30	"2026-05-07 06:25:32"							UTL615B	3		UTL615B	MG			ANTO87
UTL615BA							30	"2026-05-06 14:42:56"							UTL615B	4		UTL615B	MG			ANTO87
UTL615BA							30	"2026-05-11 06:36:45"							UTL615B	5		UTL615B	MG			ANTO87
UTL615BB							30	"2026-05-12 06:44:39"							UTL615B	1		UTL615B	MG			ANTO87
UTL615BB							30	"2026-05-13 07:40:46"							UTL615B	2		UTL615B	MG			HUGO49
UTL615BB				484609			30	"2026-05-13 12:56:04"					"Colorama Malmö Limhamn"		UTL615B	3	"B Freja Skåne"	UTL615B	MG			ANTO87
UTL615BB							30	"2026-05-13 12:56:18"							UTL615B	4		UTL615B	MG			ANTO87
UTL615BB							30	"2026-05-11 06:36:45"							UTL615B	5		UTL615B	MG			ANTO87
UTL615C							30	"2025-10-10 14:21:30"							UTL615	4		UTL615				FILI10
UTL615D							30	"2025-10-10 14:21:30"							UTL615	2		UTL615				FILI10
UTL616A							30	"2026-04-21 06:42:05"							UTL616	1		UTL616	MG			ANTO87
UTL616A				484668			30	"2026-05-12 07:39:26"					"Colorama Örkelljunga"		UTL616	2		UTL616	MG			ANTO87
UTL616A				447			30	"2026-05-13 07:21:16"					"Frydéns Järnhandel"		UTL616	3	"Widéns Jönköping"	UTL616	MG			ANTO87
UTL616A							30	"2026-05-08 06:08:11"							UTL616	4		UTL616	MG			ANTO87
UTL616A							30	"2026-05-11 06:36:45"							UTL616	5		UTL616	MG			ANTO87
UTL616A							30	"2025-08-26 06:50:52"							UTL616	6		UTL616	MG			MUNC85
UTL616A							30	"2025-08-26 06:50:52"							UTL616	7		UTL616	MG			MUNC85
UTL616AA							30	"2026-03-27 13:03:52"							UTL616A	1		UTL616A	MG			
UTL616AA							30	"2026-04-22 06:46:15"							UTL616A	2		UTL616A	MG			
UTL616AA							30	"2026-03-26 07:01:42"							UTL616A	3		UTL616A	MG			
UTL616AA							30	"2026-05-06 14:42:56"							UTL616A	4		UTL616A	MG			
UTL616AA							30	"2026-05-07 14:18:22"							UTL616A	5		UTL616A	MG			
UTL616AB							30	"2026-03-27 13:03:52"							UTL616A	1		UTL616A	MG			
UTL616AB							30	"2026-04-22 06:46:15"							UTL616A	2		UTL616A	MG			
UTL616AB							30	"2026-03-26 07:01:42"							UTL616A	3		UTL616A	MG			
UTL616AB							30	"2026-05-06 14:42:57"							UTL616A	4		UTL616A	MG			
UTL616AB							30	"2026-05-07 14:18:22"							UTL616A	5		UTL616A	MG			
UTL616B							30	"2026-05-12 06:44:39"							UTL616	1		UTL616	MG			ANTO87
UTL616B				447			30	"2026-05-12 13:05:10"					"Frydéns Järnhandel"		UTL616	2		UTL616	MG			HUGO49
UTL616B				367			30	"2026-05-13 12:56:04"					"Östra Ljungby Lantmän"		UTL616	3	"B Freja Skåne"	UTL616	MG			ANTO87
UTL616B							30	"2026-05-13 12:56:18"							UTL616	4		UTL616	MG			ANTO87
UTL616B							30	"2026-05-07 14:18:22"							UTL616	5		UTL616	MG			ANTO87
UTL616B							30	"2025-08-26 06:50:52"							UTL616	6		UTL616	MG			
UTL616B							30	"2025-08-26 06:50:52"							UTL616	7		UTL616	MG			
UTL616BA							30	"2026-05-05 06:21:56"							UTL616B	1		UTL616B	MG			ANTO87
UTL616BA				251			30	"2026-05-12 07:39:26"					"Önne Trä & Byggvaror"		UTL616B	2		UTL616B	MG			ANTO87
UTL616BA				689			30	"2026-05-13 07:21:16"					"XL-BYGG Tibro Byggvaror"		UTL616B	3	"Widéns Jönköping"	UTL616B	MG			ANTO87
UTL616BA							30	"2026-05-08 06:08:11"							UTL616B	4		UTL616B	MG			ANTO87
UTL616BA							30	"2026-05-11 06:36:45"							UTL616B	5		UTL616B	MG			ANTO87
UTL616BB							30	"2026-05-12 06:44:39"							UTL616B	1		UTL616B	MG			ANTO87
UTL616BB				689			30	"2026-05-12 13:05:10"					"XL-BYGG Tibro Byggvaror"		UTL616B	2		UTL616B	MG			HUGO49
UTL616BB				484609			30	"2026-05-13 12:56:04"					"Colorama Malmö Limhamn"		UTL616B	3	"B Freja Skåne"	UTL616B	MG			ANTO87
UTL616BB							30	"2026-05-13 12:56:18"							UTL616B	4		UTL616B	MG			ANTO87
UTL616BB							30	"2026-05-07 14:18:22"							UTL616B	5		UTL616B	MG			
UTL616C							30	"2025-10-10 14:21:30"							UTL616	4		UTL616				FILI10
UTL617A							30	"2026-04-28 06:54:56"							UTL617	1		UTL617	MG			ANTO87
UTL617A				273			30	"2026-05-12 07:39:26"					"Hkb i Ljungryda"		UTL617	2		UTL617	MG			ANTO87
UTL617A				221			30	"2026-05-13 07:21:16"					"Rydaholms Järnhandel"		UTL617	3	"Widéns Jönköping"	UTL617	MG			ANTO87
UTL617A							30	"2026-05-08 06:08:11"							UTL617	4		UTL617	MG			ANTO87
UTL617A							30	"2026-05-11 06:36:45"							UTL617	5		UTL617	MG			ANTO87
UTL617A							30	"2025-08-26 06:50:52"							UTL617	6		UTL617	MG			MUNC85
UTL617A							30	"2025-08-26 06:50:52"							UTL617	7		UTL617	MG			MUNC85
UTL617AA							30	"2026-03-27 13:03:52"							UTL617A	1		UTL617A	MG			
UTL617AA							30	"2026-04-22 06:46:15"							UTL617A	2		UTL617A	MG			
UTL617AA							30	"2026-03-26 07:01:42"							UTL617A	3		UTL617A	MG			
UTL617AA							30	"2026-05-06 14:42:57"							UTL617A	4		UTL617A	MG			
UTL617AA							30	"2026-05-07 14:18:22"							UTL617A	5		UTL617A	MG			
UTL617AB							30	"2026-03-27 13:03:52"							UTL617A	1		UTL617A	MG			
UTL617AB							30	"2026-04-22 06:46:16"							UTL617A	2		UTL617A	MG			
UTL617AB							30	"2026-03-26 07:01:42"							UTL617A	3		UTL617A	MG			
UTL617AB							30	"2026-05-06 14:42:57"							UTL617A	4		UTL617A	MG			
UTL617AB							30	"2026-05-07 14:18:22"							UTL617A	5		UTL617A	MG			
UTL617B							30	"2026-05-12 06:44:39"							UTL617	1		UTL617	MG			ANTO87
UTL617B				221			30	"2026-05-12 13:05:10"					"Rydaholms Järnhandel"		UTL617	2		UTL617	MG			HUGO49
UTL617B				484696			30	"2026-05-13 12:56:04"					"Colorama Lund"		UTL617	3	"B Freja Skåne"	UTL617	MG			ANTO87
UTL617B							30	"2026-05-13 12:56:18"							UTL617	4		UTL617	MG			ANTO87
UTL617B							30	"2026-05-07 14:18:22"							UTL617	5		UTL617	MG			ANTO87
UTL617B							30	"2025-08-26 06:50:52"							UTL617	6		UTL617	MG			
UTL617B							30	"2025-08-26 06:50:52"							UTL617	7		UTL617	MG			
UTL617BA							30	"2026-05-05 06:21:56"							UTL617B	1		UTL617B	MG			ANTO87
UTL617BA				251			30	"2026-05-12 07:39:26"					"Önne Trä & Byggvaror"		UTL617B	2		UTL617B	MG			ANTO87
UTL617BA				729			30	"2026-05-13 07:21:16"					"XL-BYGG Gnosjö"		UTL617B	3	"Widéns Jönköping"	UTL617B	MG			ANTO87
UTL617BA							30	"2026-05-08 06:08:11"							UTL617B	4		UTL617B	MG			ANTO87
UTL617BA							30	"2026-05-11 06:36:45"							UTL617B	5		UTL617B	MG			ANTO87
UTL617BB							30	"2026-05-12 06:44:39"							UTL617B	1		UTL617B	MG			ANTO87
UTL617BB				729			30	"2026-05-12 13:05:10"					"XL-BYGG Gnosjö"		UTL617B	2		UTL617B	MG			HUGO49
UTL617BB				484623			30	"2026-05-13 12:56:04"					"Colorama Klippan"		UTL617B	3	"B Freja Skåne"	UTL617B	MG			ANTO87
UTL617BB							30	"2026-05-13 12:56:18"							UTL617B	4		UTL617B	MG			ANTO87
UTL617BB							30	"2026-05-07 14:18:22"							UTL617B	5		UTL617B	MG			
UTL618A							30	"2026-04-28 06:54:56"							UTL618	1		UTL618	MG			ANTO87
UTL618A				314			30	"2026-05-12 07:39:26"					"Byggman Gotland"		UTL618	2		UTL618	MG			ANTO87
UTL618A				353			30	"2026-05-13 07:21:16"					"Reftele Lantmän"		UTL618	3	"Widéns Jönköping"	UTL618	MG			ANTO87
UTL618A							30	"2026-05-08 06:08:11"							UTL618	4		UTL618	MG			ANTO87
UTL618A							30	"2026-05-11 06:36:45"							UTL618	5		UTL618	MG			ANTO87
UTL618A							30	"2025-08-26 06:50:52"							UTL618	6		UTL618	MG			MUNC85
UTL618A							30	"2025-08-26 06:50:52"							UTL618	7		UTL618	MG			MUNC85
UTL618AA							30	"2026-03-27 13:03:53"							UTL618A	1		UTL618A	MG			
UTL618AA							30	"2026-04-22 06:46:16"							UTL618A	2		UTL618A	MG			
UTL618AA							30	"2026-03-26 07:01:43"							UTL618A	3		UTL618A	MG			
UTL618AA							30	"2026-05-06 14:42:57"							UTL618A	4		UTL618A	MG			
UTL618AA							30	"2026-05-07 14:18:23"							UTL618A	5		UTL618A	MG			
UTL618AB							30	"2026-03-27 13:03:53"							UTL618A	1		UTL618A	MG			
UTL618AB							30	"2026-04-22 06:46:16"							UTL618A	2		UTL618A	MG			
UTL618AB							30	"2026-03-26 07:01:43"							UTL618A	3		UTL618A	MG			
UTL618AB							30	"2026-05-06 14:42:57"							UTL618A	4		UTL618A	MG			
UTL618AB							30	"2026-05-07 14:18:23"							UTL618A	5		UTL618A	MG			
UTL618B							30	"2026-05-12 06:44:39"							UTL618	1		UTL618	MG			ANTO87
UTL618B				353			30	"2026-05-12 13:05:10"					"Reftele Lantmän"		UTL618	2		UTL618	MG			HUGO49
UTL618B				484696			30	"2026-05-13 12:56:04"					"Colorama Lund"		UTL618	3	"B Freja Skåne"	UTL618	MG			ANTO87
UTL618B							30	"2026-05-13 12:56:18"							UTL618	4		UTL618	MG			ANTO87
UTL618B							30	"2026-05-07 14:18:23"							UTL618	5		UTL618	MG			ANTO87
UTL618B							30	"2025-08-26 06:50:52"							UTL618	6		UTL618	MG			
UTL618B							30	"2025-08-26 06:50:52"							UTL618	7		UTL618	MG			MUNC85
UTL618BA							30	"2026-05-05 06:21:56"							UTL618B	1		UTL618B	MG			ANTO87
UTL618BA				374			30	"2026-05-12 07:39:26"					"Bertil Norrby"		UTL618B	2		UTL618B	MG			ANTO87
UTL618BA				484138			30	"2026-05-13 07:21:16"					"Colorama Tibro"		UTL618B	3	"Widéns Jönköping"	UTL618B	MG			ANTO87
UTL618BA							30	"2026-05-08 06:08:11"							UTL618B	4		UTL618B	MG			ANTO87
UTL618BA							30	"2026-05-11 06:36:45"							UTL618B	5		UTL618B	MG			ANTO87
UTL618BB							30	"2026-05-12 06:44:39"							UTL618B	1		UTL618B	MG			ANTO87
UTL618BB				484138			30	"2026-05-12 13:05:10"					"Colorama Tibro"		UTL618B	2		UTL618B	MG			HUGO49
UTL618BB				484623			30	"2026-05-13 12:56:04"					"Colorama Klippan"		UTL618B	3	"B Freja Skåne"	UTL618B	MG			ANTO87
UTL618BB							30	"2026-05-13 12:56:18"							UTL618B	4		UTL618B	MG			ANTO87
UTL618BB							30	"2026-05-07 14:18:23"							UTL618B	5		UTL618B	MG			
UTL619AA							30	"2026-05-12 06:44:39"							UTL619A	1		UTL619A	MG			ANTO87
UTL619AA				192168			30	"2026-05-12 07:39:26"					"Happy Homes Skellefteå"		UTL619A	2		UTL619A	MG			ANTO87
UTL619AA							30	"2026-05-07 06:25:33"							UTL619A	3		UTL619A	MG			ANTO87
UTL619AA							30	"2026-05-06 14:42:58"							UTL619A	4		UTL619A	MG			ANTO87
UTL619AA							30	"2026-05-11 06:36:45"							UTL619A	5		UTL619A	MG			ANTO87
UTL619AB							30	"2026-05-05 06:21:56"							UTL619A	1		UTL619A	MG			ANTO87
UTL619AB							30	"2026-05-06 12:54:36"							UTL619A	2		UTL619A	MG			ANTO87
UTL619AB				192144			30	"2026-05-13 12:56:04"					"Färghuset i Lund AB"		UTL619A	3	"B Freja Skåne"	UTL619A	MG			ANTO87
UTL619AB							30	"2026-05-13 12:56:18"							UTL619A	4		UTL619A	MG			ANTO87
UTL619AB							30	"2026-05-11 06:36:45"							UTL619A	5		UTL619A	MG			ANTO87
UTL619BA							30	"2026-03-27 13:03:54"							UTL619B	1		UTL619B	MG			
UTL619BA							30	"2026-04-22 06:46:18"							UTL619B	2		UTL619B	MG			
UTL619BA							30	"2026-03-26 07:01:43"							UTL619B	3		UTL619B	MG			
UTL619BA							30	"2026-05-06 14:42:58"							UTL619B	4		UTL619B	MG			
UTL619BA							30	"2026-05-07 14:18:23"							UTL619B	5		UTL619B	MG			
UTL619BB							30	"2026-03-27 13:03:54"							UTL619B	1		UTL619B	MG			
UTL619BB							30	"2026-04-22 06:46:18"							UTL619B	2		UTL619B	MG			
UTL619BB							30	"2026-03-26 07:01:43"							UTL619B	3		UTL619B	MG			
UTL619BB							30	"2026-05-06 14:42:58"							UTL619B	4		UTL619B	MG			
UTL619BB							30	"2026-05-07 14:18:23"							UTL619B	5		UTL619B	MG			
UTL61A							30	"2026-03-10 20:04:42"							UTL61A	1		UTL61	GG			FILI10
UTL61A							30	"2026-03-09 08:13:40"							UTL61A	2		UTL61	GG			FILI10
UTL61A							30	"2026-03-09 08:13:40"							UTL61A	3		UTL61	GG			FILI10
UTL61A							30	"2026-03-10 20:04:42"							UTL61A	4		UTL61	GG			FILI10
UTL61A							30	"2026-03-10 20:04:42"							UTL61A	5		UTL61	GG			FILI10
UTL61A							30	"2026-03-10 20:04:42"							UTL61A	6		UTL61	GG			
UTL61A							30	"2026-03-10 20:04:42"							UTL61A	7		UTL61	GG			
UTL61B							30	"2026-03-10 20:04:42"							UTL61B	1		UTL61	GG			FILI10
UTL61B							30	"2026-03-09 08:13:40"							UTL61B	2		UTL61	GG			FILI10
UTL61B							30	"2026-03-09 08:13:40"							UTL61B	3		UTL61	GG			FILI10
UTL61B							30	"2026-03-10 20:04:42"							UTL61B	4		UTL61	GG			FILI10
UTL61B							30	"2026-03-10 20:04:42"							UTL61B	5		UTL61	GG			FILI10
UTL61B							30	"2026-03-10 20:04:42"							UTL61B	6		UTL61	GG			
UTL61B							30	"2026-03-10 20:04:42"							UTL61B	7		UTL61	GG			
UTL620AA							30	"2026-05-05 06:21:56"							UTL620A	1		UTL620A	MG			ANTO87
UTL620AA				192185			30	"2026-05-12 07:39:26"					"Happy Homes Umeå"		UTL620A	2		UTL620A	MG			ANTO87
UTL620AA							30	"2026-05-07 06:25:33"							UTL620A	3		UTL620A	MG			ANTO87
UTL620AA							30	"2026-05-06 14:42:58"							UTL620A	4		UTL620A	MG			ANTO87
UTL620AA							30	"2026-05-11 06:36:46"							UTL620A	5		UTL620A	MG			ANTO87
UTL620AB							30	"2026-05-05 06:21:57"							UTL620A	1		UTL620A	MG			ANTO87
UTL620AB							30	"2026-05-06 12:54:36"							UTL620A	2		UTL620A	MG			ANTO87
UTL620AB				273			30	"2026-05-13 12:56:04"					"Hkb i Ljungryda"		UTL620A	3	"B Freja Blekinge"	UTL620A	MG			ANTO87
UTL620AB							30	"2026-05-13 12:56:18"							UTL620A	4		UTL620A	MG			ANTO87
UTL620AB							30	"2026-05-07 14:18:23"							UTL620A	5		UTL620A	MG			
UTL620BA							30	"2026-03-27 13:03:54"							UTL620B	1		UTL620B	MG			
UTL620BA							30	"2026-04-22 06:46:19"							UTL620B	2		UTL620B	MG			
UTL620BA							30	"2026-03-26 07:01:44"							UTL620B	3		UTL620B	MG			
UTL620BA							30	"2026-05-06 14:42:58"							UTL620B	4		UTL620B	MG			
UTL620BA							30	"2026-05-07 14:18:23"							UTL620B	5		UTL620B	MG			
UTL620BB							30	"2026-03-27 13:03:54"							UTL620B	1		UTL620B	MG			
UTL620BB							30	"2026-04-22 06:46:19"							UTL620B	2		UTL620B	MG			
UTL620BB							30	"2026-03-26 07:01:44"							UTL620B	3		UTL620B	MG			
UTL620BB							30	"2026-05-06 14:42:58"							UTL620B	4		UTL620B	MG			
UTL620BB							30	"2026-05-07 14:18:23"							UTL620B	5		UTL620B	MG			
UTL621A							30	"2026-05-12 06:44:39"							UTL621	1		UTL621	MG			ANTO87
UTL621A				484729			30	"2026-05-12 07:39:26"					"Colorama Falköping"		UTL621	2		UTL621	MG			ANTO87
UTL621A				179			30	"2026-05-13 07:21:16"					"Bolist Malå"		UTL621	3	"Sandahls 21 Umeå"	UTL621	MG			ANTO87
UTL621A							30	"2026-05-08 06:08:11"							UTL621	4		UTL621	MG			ANTO87
UTL621A							30	"2026-05-11 06:36:46"							UTL621	5		UTL621	MG			ANTO87
UTL621A							30	"2025-08-26 06:50:52"							UTL621	6		UTL621	MG			MUNC85
UTL621A							30	"2025-08-26 06:50:52"							UTL621	7		UTL621	MG			MUNC85
UTL621AA							30	"2026-03-27 13:03:55"							UTL621A	1		UTL621A	MG			
UTL621AA							30	"2026-04-22 06:46:19"							UTL621A	2		UTL621A	MG			
UTL621AA							30	"2026-03-26 07:01:44"							UTL621A	3		UTL621A	MG			
UTL621AA							30	"2026-05-06 14:42:58"							UTL621A	4		UTL621A	MG			
UTL621AA							30	"2026-05-07 14:18:23"							UTL621A	5		UTL621A	MG			
UTL621AB							30	"2026-03-27 13:03:55"							UTL621A	1		UTL621A	MG			
UTL621AB							30	"2026-04-22 06:46:19"							UTL621A	2		UTL621A	MG			
UTL621AB							30	"2026-03-26 07:01:44"							UTL621A	3		UTL621A	MG			
UTL621AB							30	"2026-05-06 14:42:58"							UTL621A	4		UTL621A	MG			
UTL621AB							30	"2026-05-07 14:18:23"							UTL621A	5		UTL621A	MG			
UTL621B							30	"2026-05-12 06:44:39"							UTL621	1		UTL621	MG			ANTO87
UTL621B							30	"2026-05-06 08:09:50"							UTL621	2		UTL621	MG			ANTO87
UTL621B							30	"2026-05-07 06:25:33"							UTL621	3		UTL621	MG			ANTO87
UTL621B							30	"2026-05-08 06:08:11"							UTL621	4		UTL621	MG			ANTO87
UTL621B							30	"2026-05-11 06:36:46"							UTL621	5		UTL621	MG			ANTO87
UTL621B							30	"2025-08-26 06:50:52"							UTL621	6		UTL621	MG			
UTL621B							30	"2025-08-26 06:50:52"							UTL621	7		UTL621	MG			MUNC85
UTL621BA							30	"2026-05-12 06:44:39"							UTL621B	1		UTL621B	MG			ANTO87
UTL621BA				192269			30	"2026-05-12 07:39:26"					"Törnqvist Måleri och Golv AB"		UTL621B	2		UTL621B	MG			ANTO87
UTL621BA				416			30	"2026-05-13 07:21:16"					"Coop Nord Skelefteå"		UTL621B	3	"Sandahls 21 Umeå"	UTL621B	MG			ANTO87
UTL621BA							30	"2026-05-08 06:08:12"							UTL621B	4		UTL621B	MG			ANTO87
UTL621BA							30	"2026-05-11 06:36:46"							UTL621B	5		UTL621B	MG			ANTO87
UTL621BB							30	"2026-05-12 06:44:39"							UTL621B	1		UTL621B	MG			ANTO87
UTL621BB							30	"2026-05-06 12:54:36"							UTL621B	2		UTL621B	MG			ANTO87
UTL621BB							30	"2026-05-07 06:25:33"							UTL621B	3		UTL621B	MG			ANTO87
UTL621BB							30	"2026-05-08 06:08:12"							UTL621B	4		UTL621B	MG			ANTO87
UTL621BB							30	"2026-05-11 06:36:46"							UTL621B	5		UTL621B	MG			ANTO87
UTL621X							30	"2026-03-26 07:01:44"							UTL621	3		UTL621	MG			
UTL622A							30	"2026-05-12 06:44:39"							UTL622	1		UTL622	MG			ANTO87
UTL622A				30100			30	"2026-05-12 07:39:26"					"XL-BYGG Jönköping"		UTL622	2		UTL622	MG			ANTO87
UTL622A				450			30	"2026-05-13 07:21:16"					"Bolist Lidéns"		UTL622	3	"Sandahls 21 Umeå"	UTL622	MG			ANTO87
UTL622A							30	"2026-05-08 06:08:12"							UTL622	4		UTL622	MG			ANTO87
UTL622A							30	"2026-05-11 06:36:46"							UTL622	5		UTL622	MG			ANTO87
UTL622A							30	"2025-08-26 06:50:52"							UTL622	6		UTL622	MG			MUNC85
UTL622A							30	"2025-08-26 06:50:52"							UTL622	7		UTL622	MG			MUNC85
UTL622AA							30	"2026-03-27 13:03:55"							UTL622A	1		UTL622A	MG			
UTL622AA							30	"2026-04-22 06:46:19"							UTL622A	2		UTL622A	MG			
UTL622AA							30	"2026-03-26 07:01:44"							UTL622A	3		UTL622A	MG			
UTL622AA							30	"2026-05-06 14:42:58"							UTL622A	4		UTL622A	MG			
UTL622AA							30	"2026-05-07 14:18:24"							UTL622A	5		UTL622A	MG			
UTL622AB							30	"2026-03-27 13:03:55"							UTL622A	1		UTL622A	MG			
UTL622AB							30	"2026-04-22 06:46:19"							UTL622A	2		UTL622A	MG			
UTL622AB							30	"2026-03-26 07:01:44"							UTL622A	3		UTL622A	MG			
UTL622AB							30	"2026-05-06 14:42:58"							UTL622A	4		UTL622A	MG			
UTL622AB							30	"2026-05-07 14:18:24"							UTL622A	5		UTL622A	MG			
UTL622B							30	"2026-05-12 06:44:39"							UTL622	1		UTL622	MG			ANTO87
UTL622B							30	"2026-05-06 08:09:50"							UTL622	2		UTL622	MG			ANTO87
UTL622B							30	"2026-05-07 06:25:33"							UTL622	3		UTL622	MG			ANTO87
UTL622B							30	"2026-05-08 06:08:12"							UTL622	4		UTL622	MG			ANTO87
UTL622B							30	"2026-05-11 06:36:46"							UTL622	5		UTL622	MG			ANTO87
UTL622B							30	"2025-08-26 06:50:52"							UTL622	6		UTL622	MG			
UTL622B							30	"2026-03-20 13:18:16"							UTL622	7		UTL622	MG			MUNC85
UTL622BA							30	"2026-05-12 06:44:40"							UTL622B	1		UTL622B	MG			ANTO87
UTL622BA				484730			30	"2026-05-12 07:39:26"					"Colorama Skövde Stallsiken"		UTL622B	2		UTL622B	MG			ANTO87
UTL622BA				450			30	"2026-05-13 07:21:16"					"Bolist Lidéns"		UTL622B	3	"Sandahls 21 Umeå"	UTL622B	MG			ANTO87
UTL622BA							30	"2026-05-08 06:08:12"							UTL622B	4		UTL622B	MG			ANTO87
UTL622BA							30	"2026-05-11 06:36:46"							UTL622B	5		UTL622B	MG			ANTO87
UTL622BB							30	"2026-05-12 06:44:40"							UTL622B	1		UTL622B	MG			ANTO87
UTL622BB							30	"2026-05-06 12:54:36"							UTL622B	2		UTL622B	MG			ANTO87
UTL622BB							30	"2026-05-07 06:25:34"							UTL622B	3		UTL622B	MG			ANTO87
UTL622BB							30	"2026-05-08 06:08:12"							UTL622B	4		UTL622B	MG			ANTO87
UTL622BB							30	"2026-05-11 06:36:46"							UTL622B	5		UTL622B	MG			ANTO87
UTL622C							30	"2025-10-10 14:21:30"							UTL622	4		UTL622				FILI10
UTL623A							30	"2026-05-12 06:44:40"							UTL623	1		UTL623	MG			ANTO87
UTL623A				441			30	"2026-05-12 07:39:26"					"Forserums järnhandel"		UTL623	2		UTL623	MG			ANTO87
UTL623A				484699			30	"2026-05-13 07:21:16"					"Colorama Lycksele"		UTL623	3	"Sandahls 21 Umeå"	UTL623	MG			ANTO87
UTL623A							30	"2026-05-08 06:08:12"							UTL623	4		UTL623	MG			ANTO87
UTL623A							30	"2026-05-11 06:36:46"							UTL623	5		UTL623	MG			ANTO87
UTL623A							30	"2025-08-26 06:50:52"							UTL623	6		UTL623	MG			MUNC85
UTL623A							30	"2025-08-26 06:50:52"							UTL623	7		UTL623	MG			MUNC85
UTL623AA							30	"2026-03-27 13:03:56"							UTL623A	1		UTL623A	MG			
UTL623AA							30	"2026-04-22 06:46:20"							UTL623A	2		UTL623A	MG			
UTL623AA							30	"2026-03-26 07:01:45"							UTL623A	3		UTL623A	MG			
UTL623AA							30	"2026-05-06 14:42:59"							UTL623A	4		UTL623A	MG			
UTL623AA							30	"2026-05-07 14:18:24"							UTL623A	5		UTL623A	MG			
UTL623AB							30	"2026-03-27 13:03:56"							UTL623A	1		UTL623A	MG			
UTL623AB							30	"2026-04-22 06:46:20"							UTL623A	2		UTL623A	MG			
UTL623AB							30	"2026-03-26 07:01:45"							UTL623A	3		UTL623A	MG			
UTL623AB							30	"2026-05-06 14:42:59"							UTL623A	4		UTL623A	MG			
UTL623AB							30	"2026-05-07 14:18:24"							UTL623A	5		UTL623A	MG			
UTL623B							30	"2026-05-12 06:44:40"							UTL623	1		UTL623	MG			ANTO87
UTL623B							30	"2026-05-06 08:09:50"							UTL623	2		UTL623	MG			ANTO87
UTL623B							30	"2026-05-07 06:25:34"							UTL623	3		UTL623	MG			ANTO87
UTL623B							30	"2026-05-08 06:08:12"							UTL623	4		UTL623	MG			ANTO87
UTL623B							30	"2026-05-11 06:36:46"							UTL623	5		UTL623	MG			ANTO87
UTL623B							30	"2025-08-26 06:50:52"							UTL623	6		UTL623	MG			
UTL623B							30	"2025-08-26 06:50:52"							UTL623	7		UTL623	MG			MUNC85
UTL623BA							30	"2026-05-12 06:44:40"							UTL623B	1		UTL623B	MG			ANTO87
UTL623BA				484551			30	"2026-05-12 07:39:26"					"Colorama Ljungby"		UTL623B	2		UTL623B	MG			ANTO87
UTL623BA				484699			30	"2026-05-13 07:21:16"					"Colorama Lycksele"		UTL623B	3	"Sandahls 21 Umeå"	UTL623B	MG			ANTO87
UTL623BA							30	"2026-05-08 06:08:12"							UTL623B	4		UTL623B	MG			ANTO87
UTL623BA							30	"2026-05-11 06:36:46"							UTL623B	5		UTL623B	MG			ANTO87
UTL623BB							30	"2026-05-12 06:44:40"							UTL623B	1		UTL623B	MG			ANTO87
UTL623BB							30	"2026-05-06 12:54:36"							UTL623B	2		UTL623B	MG			ANTO87
UTL623BB							30	"2026-05-07 06:25:34"							UTL623B	3		UTL623B	MG			ANTO87
UTL623BB							30	"2026-05-08 06:08:12"							UTL623B	4		UTL623B	MG			ANTO87
UTL623BB							30	"2026-05-11 06:36:46"							UTL623B	5		UTL623B	MG			ANTO87
UTL624A							30	"2026-05-12 06:44:40"							UTL624	1		UTL624	MG			ANTO87
UTL624A				727			30	"2026-05-12 07:39:26"					"XL-BYGG Ljungby"		UTL624	2		UTL624	MG			ANTO87
UTL624A				415			30	"2026-05-13 07:21:16"					"Bolist Vilhelmina"		UTL624	3	"Sandahls 21 Umeå"	UTL624	MG			ANTO87
UTL624A							30	"2026-05-08 06:08:12"							UTL624	4		UTL624	MG			ANTO87
UTL624A							30	"2026-05-11 06:36:46"							UTL624	5		UTL624	MG			ANTO87
UTL624A							30	"2025-08-26 06:50:52"							UTL624	6		UTL624	MG			MUNC85
UTL624A							30	"2025-08-26 06:50:52"							UTL624	7		UTL624	MG			MUNC85
UTL624AA							30	"2026-03-27 13:03:57"							UTL624A	1		UTL624A	MG			
UTL624AA							30	"2026-04-22 06:46:21"							UTL624A	2		UTL624A	MG			
UTL624AA							30	"2026-03-26 07:01:45"							UTL624A	3		UTL624A	MG			
UTL624AA							30	"2026-05-06 14:43:00"							UTL624A	4		UTL624A	MG			
UTL624AA							30	"2026-05-07 14:18:24"							UTL624A	5		UTL624A	MG			
UTL624AB							30	"2026-03-27 13:03:57"							UTL624A	1		UTL624A	MG			
UTL624AB							30	"2026-04-22 06:46:21"							UTL624A	2		UTL624A	MG			
UTL624AB							30	"2026-03-26 07:01:45"							UTL624A	3		UTL624A	MG			
UTL624AB							30	"2026-05-06 14:43:00"							UTL624A	4		UTL624A	MG			
UTL624AB							30	"2026-05-07 14:18:24"							UTL624A	5		UTL624A	MG			
UTL624B							30	"2026-05-12 06:44:40"							UTL624B	1		UTL624B	MG			ANTO87
UTL624B							30	"2026-05-06 08:09:50"							UTL624B	2		UTL624B	MG			ANTO87
UTL624B							30	"2026-05-07 06:25:34"							UTL624B	3		UTL624B	MG			ANTO87
UTL624B							30	"2026-05-08 06:08:12"							UTL624B	4		UTL624B	MG			ANTO87
UTL624B							30	"2026-05-11 06:36:46"							UTL624B	5		UTL624B	MG			ANTO87
UTL624B							30	"2025-08-26 06:50:52"							UTL624B	6		UTL624B	MG			
UTL624B							30	"2025-08-26 06:50:52"							UTL624B	7		UTL624B	MG			
UTL624BA							30	"2026-05-12 06:44:40"							UTL624B	1		UTL624B	MG			ANTO87
UTL624BA				341			30	"2026-05-12 07:39:26"					"Bolist Taberg"		UTL624B	2		UTL624B	MG			ANTO87
UTL624BA				415			30	"2026-05-13 07:21:16"					"Bolist Vilhelmina"		UTL624B	3	"Sandahls 21 Umeå"	UTL624B	MG			ANTO87
UTL624BA							30	"2026-05-08 06:08:12"							UTL624B	4		UTL624B	MG			ANTO87
UTL624BA							30	"2026-05-11 06:36:46"							UTL624B	5		UTL624B	MG			ANTO87
UTL624BB							30	"2026-05-12 06:44:40"							UTL624B	1		UTL624B	MG			ANTO87
UTL624BB							30	"2026-05-06 12:54:36"							UTL624B	2		UTL624B	MG			ANTO87
UTL624BB							30	"2026-05-07 06:25:34"							UTL624B	3		UTL624B	MG			ANTO87
UTL624BB							30	"2026-05-08 06:08:12"							UTL624B	4		UTL624B	MG			ANTO87
UTL624BB							30	"2026-05-11 06:36:47"							UTL624B	5		UTL624B	MG			ANTO87
UTL625A							30	"2026-05-12 06:44:40"							UTL625	1		UTL625	MG			ANTO87
UTL625A				341			30	"2026-05-12 07:39:26"					"Bolist Taberg"		UTL625	2		UTL625	MG			ANTO87
UTL625A				484447			30	"2026-05-13 07:21:16"					"Colorama Vilhelmina"		UTL625	3	"Sandahls 21 Umeå"	UTL625	MG			ANTO87
UTL625A							30	"2026-05-06 14:43:00"							UTL625	4		UTL625	MG			ANTO87
UTL625A							30	"2026-05-11 06:36:47"							UTL625	5		UTL625	MG			ANTO87
UTL625A							30	"2025-08-26 06:50:52"							UTL625	6		UTL625	MG			MUNC85
UTL625A							30	"2025-08-26 06:50:52"							UTL625	7		UTL625	MG			MUNC85
UTL625AA							30	"2026-03-27 13:03:57"							UTL625A	1		UTL625A	MG			
UTL625AA							30	"2026-04-22 06:46:21"							UTL625A	2		UTL625A	MG			
UTL625AA							30	"2026-03-26 07:01:45"							UTL625A	3		UTL625A	MG			
UTL625AA							30	"2026-05-06 14:43:00"							UTL625A	4		UTL625A	MG			
UTL625AA							30	"2026-05-07 14:18:25"							UTL625A	5		UTL625A	MG			
UTL625AB							30	"2026-03-27 13:03:57"							UTL625A	1		UTL625A	MG			
UTL625AB							30	"2026-04-22 06:46:21"							UTL625A	2		UTL625A	MG			
UTL625AB							30	"2026-03-26 07:01:45"							UTL625A	3		UTL625A	MG			
UTL625AB							30	"2026-05-06 14:43:00"							UTL625A	4		UTL625A	MG			
UTL625AB							30	"2026-05-07 14:18:25"							UTL625A	5		UTL625A	MG			
UTL625B							30	"2026-05-12 06:44:40"							UTL625B	1		UTL625B	MG			ANTO87
UTL625B							30	"2026-05-06 08:09:50"							UTL625B	2		UTL625B	MG			ANTO87
UTL625B							30	"2026-04-16 06:42:54"							UTL625B	3		UTL625B	MG			ANTO87
UTL625B							30	"2026-05-08 06:08:12"							UTL625B	4		UTL625B	MG			ANTO87
UTL625B							30	"2026-05-11 06:36:47"							UTL625B	5		UTL625B	MG			ANTO87
UTL625B							30	"2025-08-26 06:50:52"							UTL625B	6		UTL625B	MG			
UTL625B							30	"2025-08-26 06:50:52"							UTL625B	7		UTL625B	MG			
UTL625BA							30	"2026-05-12 06:44:40"							UTL625B	1		UTL625B	MG			ANTO87
UTL625BA				484705			30	"2026-05-12 07:39:26"					"Colorama Skövde"		UTL625B	2		UTL625B	MG			ANTO87
UTL625BA				484447			30	"2026-05-13 07:21:16"					"Colorama Vilhelmina"		UTL625B	3	"Sandahls 21 Umeå"	UTL625B	MG			ANTO87
UTL625BA							30	"2026-05-06 14:43:00"							UTL625B	4		UTL625B	MG			ANTO87
UTL625BA							30	"2026-05-11 06:36:47"							UTL625B	5		UTL625B	MG			ANTO87
UTL625BB							30	"2026-05-12 06:44:40"							UTL625B	1		UTL625B	MG			ANTO87
UTL625BB							30	"2026-05-06 12:54:36"							UTL625B	2		UTL625B	MG			ANTO87
UTL625BB							30	"2026-04-30 06:41:38"							UTL625B	3		UTL625B	MG			ANTO87
UTL625BB							30	"2026-05-08 06:08:12"							UTL625B	4		UTL625B	MG			ANTO87
UTL625BB							30	"2026-05-11 06:36:47"							UTL625B	5		UTL625B	MG			ANTO87
UTL626A							30	"2026-05-12 06:44:41"							UTL626	1		UTL626	MG			ANTO87
UTL626A				484705			30	"2026-05-12 07:39:26"					"Colorama Skövde"		UTL626	2		UTL626	MG			ANTO87
UTL626A				484447			30	"2026-05-13 07:21:16"					"Colorama Vilhelmina"		UTL626	3	"Sandahls 21 Umeå"	UTL626	MG			ANTO87
UTL626A							30	"2026-05-08 06:08:12"							UTL626	4		UTL626	MG			ANTO87
UTL626A							30	"2026-05-11 06:36:47"							UTL626	5		UTL626	MG			ANTO87
UTL626A							30	"2025-08-26 06:50:52"							UTL626	6		UTL626	MG			MUNC85
UTL626A							30	"2025-08-26 06:50:52"							UTL626	7		UTL626	MG			MUNC85
UTL626AA							30	"2026-03-27 13:03:57"							UTL626A	1		UTL626A	MG			
UTL626AA							30	"2026-04-22 06:46:22"							UTL626A	2		UTL626A	MG			
UTL626AA							30	"2026-03-26 07:01:46"							UTL626A	3		UTL626A	MG			
UTL626AA							30	"2026-05-06 14:43:01"							UTL626A	4		UTL626A	MG			
UTL626AA							30	"2026-05-07 14:18:25"							UTL626A	5		UTL626A	MG			
UTL626AB							30	"2026-03-27 13:03:58"							UTL626A	1		UTL626A	MG			
UTL626AB							30	"2026-04-22 06:46:22"							UTL626A	2		UTL626A	MG			
UTL626AB							30	"2026-03-26 07:01:46"							UTL626A	3		UTL626A	MG			
UTL626AB							30	"2026-05-06 14:43:01"							UTL626A	4		UTL626A	MG			
UTL626AB							30	"2026-05-07 14:18:25"							UTL626A	5		UTL626A	MG			
UTL626B							30	"2026-05-12 06:44:41"							UTL626B	1		UTL626B	MG			ANTO87
UTL626B							30	"2026-05-06 08:09:50"							UTL626B	2		UTL626B	MG			ANTO87
UTL626B							30	"2026-05-07 06:25:34"							UTL626B	3		UTL626B	MG			ANTO87
UTL626B							30	"2026-05-08 06:08:13"							UTL626B	4		UTL626B	MG			ANTO87
UTL626B							30	"2026-05-11 06:36:47"							UTL626B	5		UTL626B	MG			ANTO87
UTL626B							30	"2025-08-26 06:50:52"							UTL626B	6		UTL626B	MG			
UTL626B							30	"2025-08-26 06:50:52"							UTL626B	7		UTL626B	MG			
UTL626BA							30	"2026-05-12 06:44:41"							UTL626B	1		UTL626B	MG			ANTO87
UTL626BA				484705			30	"2026-05-12 07:39:26"					"Colorama Skövde"		UTL626B	2		UTL626B	MG			ANTO87
UTL626BA				297			30	"2026-05-13 07:21:16"					"Bolist Haparanda"		UTL626B	3	"Sandahls 22 Luleå"	UTL626B	MG			ANTO87
UTL626BA							30	"2026-05-08 06:08:13"							UTL626B	4		UTL626B	MG			ANTO87
UTL626BA							30	"2026-05-11 06:36:47"							UTL626B	5		UTL626B	MG			ANTO87
UTL626BB							30	"2026-05-12 06:44:41"							UTL626B	1		UTL626B	MG			ANTO87
UTL626BB							30	"2026-05-06 12:54:36"							UTL626B	2		UTL626B	MG			ANTO87
UTL626BB							30	"2026-05-07 06:25:34"							UTL626B	3		UTL626B	MG			ANTO87
UTL626BB							30	"2026-05-08 06:08:13"							UTL626B	4		UTL626B	MG			ANTO87
UTL626BB							30	"2026-05-11 06:36:47"							UTL626B	5		UTL626B	MG			ANTO87
UTL627A							30	"2026-05-12 06:44:41"							UTL627	1		UTL627	MG			ANTO87
UTL627A				192300			30	"2026-05-12 07:39:26"					"Målarnes Färg AB (Filial Caparol Färg)"		UTL627	2		UTL627	MG			ANTO87
UTL627A				602			30	"2026-05-13 07:21:16"					"XL-BYGG Luleå"		UTL627	3	"Sandahls 22 Luleå"	UTL627	MG			ANTO87
UTL627A							30	"2026-05-08 06:08:13"							UTL627	4		UTL627	MG			ANTO87
UTL627A							30	"2026-05-11 06:36:47"							UTL627	5		UTL627	MG			ANTO87
UTL627A							30	"2026-03-23 08:51:04"							UTL627	6		UTL627	MG			MUNC85
UTL627A							30	"2026-03-23 08:51:05"							UTL627	7		UTL627	MG			MUNC85
UTL627AA							30	"2026-03-27 13:03:58"							UTL627A	1		UTL627A	MG			
UTL627AA							30	"2026-04-22 06:46:22"							UTL627A	2		UTL627A	MG			
UTL627AA							30	"2026-03-26 07:01:46"							UTL627A	3		UTL627A	MG			
UTL627AA							30	"2026-05-06 14:43:01"							UTL627A	4		UTL627A	MG			
UTL627AA							30	"2026-05-07 14:18:25"							UTL627A	5		UTL627A	MG			
UTL627AB							30	"2026-03-27 13:03:58"							UTL627A	1		UTL627A	MG			
UTL627AB							30	"2026-04-22 06:46:22"							UTL627A	2		UTL627A	MG			
UTL627AB							30	"2026-03-26 07:01:46"							UTL627A	3		UTL627A	MG			
UTL627AB							30	"2026-05-06 14:43:01"							UTL627A	4		UTL627A	MG			
UTL627AB							30	"2026-05-07 14:18:25"							UTL627A	5		UTL627A	MG			
UTL627B							30	"2026-05-12 06:44:41"							UTL627B	1		UTL627B	MG			ANTO87
UTL627B							30	"2026-05-06 12:54:36"							UTL627B	2		UTL627B	MG			ANTO87
UTL627B							30	"2026-05-07 06:25:34"							UTL627B	3		UTL627B	MG			ANTO87
UTL627B							30	"2026-05-08 06:08:13"							UTL627B	4		UTL627B	MG			ANTO87
UTL627B							30	"2026-05-11 06:36:47"							UTL627B	5		UTL627B	MG			ANTO87
UTL627B							30	"2026-03-23 08:51:05"							UTL627B	6		UTL627B	MG			
UTL627B							30	"2026-03-23 08:51:05"							UTL627B	7		UTL627B	MG			
UTL627BA							30	"2026-05-12 06:44:41"							UTL627B	1		UTL627B	MG			ANTO87
UTL627BA				192300			30	"2026-05-12 07:39:26"					"Målarnes Färg AB (Filial Caparol Färg)"		UTL627B	2		UTL627B	MG			ANTO87
UTL627BA				607			30	"2026-05-13 07:21:16"					"XL-BYGG Kalix"		UTL627B	3	"Sandahls 22 Luleå"	UTL627B	MG			ANTO87
UTL627BA							30	"2026-05-08 06:08:13"							UTL627B	4		UTL627B	MG			ANTO87
UTL627BA							30	"2026-05-07 14:18:25"							UTL627B	5		UTL627B	MG			ANTO87
UTL627BB							30	"2026-05-12 06:44:41"							UTL627B	1		UTL627B	MG			ANTO87
UTL627BB							30	"2026-05-06 12:54:36"							UTL627B	2		UTL627B	MG			ANTO87
UTL627BB							30	"2026-05-07 06:25:34"							UTL627B	3		UTL627B	MG			ANTO87
UTL627BB							30	"2026-05-06 14:43:02"							UTL627B	4		UTL627B	MG			ANTO87
UTL627BB							30	"2026-05-11 06:36:47"							UTL627B	5		UTL627B	MG			ANTO87
UTL628A							30	"2026-05-12 06:44:41"							UTL628	1		UTL628	MG			ANTO87
UTL628A				192300			30	"2026-05-12 07:39:26"					"Målarnes Färg AB (Filial Caparol Färg)"		UTL628	2		UTL628	MG			ANTO87
UTL628A				610			30	"2026-05-13 07:21:16"					"XL-BYGG Boden"		UTL628	3	"Sandahls 22 Luleå"	UTL628	MG			ANTO87
UTL628A							30	"2026-05-06 14:43:02"							UTL628	4		UTL628	MG			ANTO87
UTL628A							30	"2026-05-11 06:36:47"							UTL628	5		UTL628	MG			ANTO87
UTL628A							30	"2026-03-23 08:51:06"							UTL628	6		UTL628	MG			MUNC85
UTL628A							30	"2026-03-23 08:51:06"							UTL628	7		UTL628	MG			MUNC85
UTL628AA							30	"2026-03-27 13:03:58"							UTL628A	1		UTL628A	MG			
UTL628AA							30	"2026-04-22 06:46:23"							UTL628A	2		UTL628A	MG			
UTL628AA							30	"2026-03-26 07:01:46"							UTL628A	3		UTL628A	MG			
UTL628AA							30	"2026-05-06 14:43:02"							UTL628A	4		UTL628A	MG			
UTL628AA							30	"2026-05-07 14:18:26"							UTL628A	5		UTL628A	MG			
UTL628AB							30	"2026-03-27 13:03:59"							UTL628A	1		UTL628A	MG			
UTL628AB							30	"2026-04-22 06:46:23"							UTL628A	2		UTL628A	MG			
UTL628AB							30	"2026-03-26 07:01:47"							UTL628A	3		UTL628A	MG			
UTL628AB							30	"2026-05-06 14:43:02"							UTL628A	4		UTL628A	MG			
UTL628AB							30	"2026-05-07 14:18:26"							UTL628A	5		UTL628A	MG			
UTL628B							30	"2026-05-12 06:44:41"							UTL628	1		UTL628	MG			ANTO87
UTL628B							30	"2026-05-06 12:54:36"							UTL628	2		UTL628	MG			ANTO87
UTL628B							30	"2026-04-16 06:16:55"							UTL628	3		UTL628	MG			ANTO87
UTL628B							30	"2026-05-08 06:08:13"							UTL628	4		UTL628	MG			ANTO87
UTL628B							30	"2026-05-11 06:36:47"							UTL628	5		UTL628	MG			ANTO87
UTL628B							30	"2026-03-23 08:51:06"							UTL628	6		UTL628	MG			
UTL628B							30	"2026-03-23 08:51:06"							UTL628	7		UTL628	MG			
UTL628BA							30	"2026-05-12 06:44:41"							UTL628B	1		UTL628B	MG			ANTO87
UTL628BA				192129			30	"2026-05-12 07:39:26"					"Målarnes Färg AB"		UTL628B	2		UTL628B	MG			ANTO87
UTL628BA				298			30	"2026-05-13 07:21:16"					"Bolist Kalix Bygg & Plåt"		UTL628B	3	"Sandahls 22 Luleå"	UTL628B	MG			ANTO87
UTL628BA							30	"2026-05-08 06:08:13"							UTL628B	4		UTL628B	MG			ANTO87
UTL628BA							30	"2026-05-07 14:18:26"							UTL628B	5		UTL628B	MG			ANTO87
UTL628BB							30	"2026-05-12 06:44:41"							UTL628B	1		UTL628B	MG			ANTO87
UTL628BB							30	"2026-05-05 18:30:57"							UTL628B	2		UTL628B	MG			ANTO87
UTL628BB							30	"2026-05-07 06:25:35"							UTL628B	3		UTL628B	MG			ANTO87
UTL628BB							30	"2026-05-06 14:43:02"							UTL628B	4		UTL628B	MG			ANTO87
UTL628BB							30	"2026-05-11 06:36:47"							UTL628B	5		UTL628B	MG			ANTO87
UTL628C							30	"2025-06-09 14:49:27"							UTL628	1		UTL628				
UTL628G							30	"2025-06-02 14:05:04"							UTL628	1		UTL628				
UTL629A							30	"2026-05-12 06:44:41"							UTL629	1		UTL629	MG			ANTO87
UTL629A				192129			30	"2026-05-12 07:39:26"					"Målarnes Färg AB"		UTL629	2		UTL629	MG			ANTO87
UTL629A				421			30	"2026-05-13 07:21:16"					"Bolist Kalix Parallellgatan"		UTL629	3	"Sandahls 22 Luleå"	UTL629	MG			ANTO87
UTL629A							30	"2026-05-08 06:08:13"							UTL629	4		UTL629	MG			ANTO87
UTL629A							30	"2026-05-07 14:18:26"							UTL629	5		UTL629	MG			ANTO87
UTL629A							30	"2026-03-23 08:51:07"							UTL629	6		UTL629	MG			MUNC85
UTL629A							30	"2026-03-23 08:51:07"							UTL629	7		UTL629	MG			MUNC85
UTL629AA							30	"2026-03-27 13:03:59"							UTL629A	1		UTL629A	MG			
UTL629AA							30	"2026-04-22 06:46:23"							UTL629A	2		UTL629A	MG			
UTL629AA							30	"2026-03-26 07:01:47"							UTL629A	3		UTL629A	MG			
UTL629AA							30	"2026-05-06 14:43:03"							UTL629A	4		UTL629A	MG			
UTL629AA							30	"2026-05-07 14:18:26"							UTL629A	5		UTL629A	MG			
UTL629AB							30	"2026-03-27 13:03:59"							UTL629A	1		UTL629A	MG			
UTL629AB							30	"2026-04-22 06:46:24"							UTL629A	2		UTL629A	MG			
UTL629AB							30	"2026-03-26 07:01:47"							UTL629A	3		UTL629A	MG			
UTL629AB							30	"2026-05-06 14:43:03"							UTL629A	4		UTL629A	MG			
UTL629AB							30	"2026-05-07 14:18:26"							UTL629A	5		UTL629A	MG			
UTL629B							30	"2026-05-12 06:44:42"							UTL629	1		UTL629	MG			ANTO87
UTL629B							30	"2026-05-06 12:54:36"							UTL629	2		UTL629	MG			ANTO87
UTL629B							30	"2026-05-07 06:25:35"							UTL629	3		UTL629	MG			ANTO87
UTL629B							30	"2026-05-06 14:43:03"							UTL629	4		UTL629	MG			ANTO87
UTL629B							30	"2026-05-11 06:36:47"							UTL629	5		UTL629	MG			ANTO87
UTL629B							30	"2026-03-23 08:51:07"							UTL629	6		UTL629	MG			
UTL629B							30	"2026-03-23 08:51:07"							UTL629	7		UTL629	MG			
UTL629BA							30	"2026-05-12 06:44:42"							UTL629B	1		UTL629B	MG			ANTO87
UTL629BA				192129			30	"2026-05-12 07:39:26"					"Målarnes Färg AB"		UTL629B	2		UTL629B	MG			ANTO87
UTL629BA				473			30	"2026-05-13 07:21:16"					"Bolist Valdemarsvik"		UTL629B	3	"Sandahls 12 Släp"	UTL629B	MG			ANTO87
UTL629BA							30	"2026-05-08 06:08:13"							UTL629B	4		UTL629B	MG			ANTO87
UTL629BA							30	"2026-05-07 14:18:26"							UTL629B	5		UTL629B	MG			ANTO87
UTL629BB							30	"2026-05-12 06:44:42"							UTL629B	1		UTL629B	MG			ANTO87
UTL629BB				473			30	"2026-05-12 13:05:10"					"Bolist Valdemarsvik"		UTL629B	2		UTL629B	MG			HUGO49
UTL629BB							30	"2026-05-07 06:25:35"							UTL629B	3		UTL629B	MG			ANTO87
UTL629BB							30	"2026-05-06 14:43:03"							UTL629B	4		UTL629B	MG			ANTO87
UTL629BB							30	"2026-05-11 06:36:48"							UTL629B	5		UTL629B	MG			ANTO87
UTL629C							30	"2025-06-09 14:50:35"							UTL629	1		UTL629				
UTL629G							30	"2025-06-02 14:06:26"							UTL629	1		UTL629				
UTL62A							30	"2026-03-10 20:04:42"							UTL62A	1		UTL62	GG			FILI10
UTL62A							30	"2026-03-09 08:13:40"							UTL62A	2		UTL62	GG			FILI10
UTL62A							30	"2026-03-09 08:13:40"							UTL62A	3		UTL62	GG			FILI10
UTL62A							30	"2026-03-10 20:04:42"							UTL62A	4		UTL62	GG			FILI10
UTL62A							30	"2026-03-10 20:04:42"							UTL62A	5		UTL62	GG			OSCA45
UTL62A							30	"2026-03-10 20:04:42"							UTL62A	6		UTL62	GG			
UTL62A							30	"2026-03-10 20:04:42"							UTL62A	7		UTL62	GG			
UTL62B							30	"2026-03-10 20:04:42"							UTL62B	1		UTL62	GG			FILI10
UTL62B							30	"2026-03-09 08:13:41"							UTL62B	2		UTL62	GG			FILI10
UTL62B							30	"2026-03-09 08:13:41"							UTL62B	3		UTL62	GG			FILI10
UTL62B							30	"2026-03-10 20:04:42"							UTL62B	4		UTL62	GG			FILI10
UTL62B							30	"2026-03-10 20:04:43"							UTL62B	5		UTL62	GG			FILI10
UTL62B							30	"2026-03-10 20:04:43"							UTL62B	6		UTL62	GG			
UTL62B							30	"2026-03-10 20:04:43"							UTL62B	7		UTL62	GG			
UTL630A							30	"2026-05-12 06:44:42"							UTL630	1		UTL630	MG			ANTO87
UTL630A				192129			30	"2026-05-12 07:39:26"					"Målarnes Färg AB"		UTL630	2		UTL630	MG			ANTO87
UTL630A							30	"2026-05-07 06:25:35"							UTL630	3		UTL630	MG			ANTO87
UTL630A							30	"2026-05-08 06:08:13"							UTL630	4		UTL630	MG			ANTO87
UTL630A							30	"2026-05-07 14:18:26"							UTL630	5		UTL630	MG			ANTO87
UTL630A							30	"2026-03-23 08:51:08"							UTL630	6		UTL630	MG			MUNC85
UTL630A							30	"2026-03-23 08:51:08"							UTL630	7		UTL630	MG			MUNC85
UTL630AA							30	"2026-03-27 13:03:59"							UTL630A	1		UTL630A	MG			
UTL630AA							30	"2026-04-22 06:46:24"							UTL630A	2		UTL630A	MG			
UTL630AA							30	"2026-03-26 07:01:47"							UTL630A	3		UTL630A	MG			
UTL630AA							30	"2026-05-06 14:43:03"							UTL630A	4		UTL630A	MG			
UTL630AA							30	"2026-05-07 14:18:26"							UTL630A	5		UTL630A	MG			
UTL630AB							30	"2026-03-27 13:03:59"							UTL630A	1		UTL630A	MG			
UTL630AB							30	"2026-04-22 06:46:24"							UTL630A	2		UTL630A	MG			
UTL630AB							30	"2026-03-26 07:01:47"							UTL630A	3		UTL630A	MG			
UTL630AB							30	"2026-05-06 14:43:03"							UTL630A	4		UTL630A	MG			
UTL630AB							30	"2026-05-07 14:18:26"							UTL630A	5		UTL630A	MG			
UTL630B							30	"2026-05-12 06:44:42"							UTL630	1		UTL630	MG			ANTO87
UTL630B							30	"2026-05-06 12:54:36"							UTL630	2		UTL630	MG			ANTO87
UTL630B							30	"2026-05-07 06:25:35"							UTL630	3		UTL630	MG			ANTO87
UTL630B							30	"2026-05-06 14:43:03"							UTL630	4		UTL630	MG			ANTO87
UTL630B							30	"2026-05-07 14:18:26"							UTL630	5		UTL630	MG			ANTO87
UTL630B							30	"2026-03-23 08:51:08"							UTL630	6		UTL630	MG			
UTL630B							30	"2026-03-23 08:51:08"							UTL630	7		UTL630	MG			MUNC85
UTL630BA							30	"2026-05-12 06:44:42"							UTL630B	1		UTL630B	MG			ANTO87
UTL630BA				192140			30	"2026-05-12 07:39:26"					"Målarboden Allt i färg i Lidköping AB"		UTL630B	2		UTL630B	MG			ANTO87
UTL630BA				632			30	"2026-05-13 07:21:16"					"XL-BYGG Skärblacka"		UTL630B	3	"Sandahls 12 Släp"	UTL630B	MG			ANTO87
UTL630BA							30	"2026-05-08 06:08:13"							UTL630B	4		UTL630B	MG			ANTO87
UTL630BA							30	"2026-05-07 14:18:26"							UTL630B	5		UTL630B	MG			ANTO87
UTL630BB							30	"2026-05-05 06:21:59"							UTL630B	1		UTL630B	MG			ANTO87
UTL630BB				632			30	"2026-05-12 13:05:10"					"XL-BYGG Skärblacka"		UTL630B	2		UTL630B	MG			HUGO49
UTL630BB							30	"2026-05-07 06:25:35"							UTL630B	3		UTL630B	MG			ANTO87
UTL630BB							30	"2026-05-06 14:43:03"							UTL630B	4		UTL630B	MG			
UTL630BB							30	"2026-05-07 14:18:26"							UTL630B	5		UTL630B	MG			
UTL630C							30	"2025-06-09 14:49:57"							UTL630	1		UTL630				
UTL630G							30	"2025-06-02 14:06:03"							UTL630	1		UTL630				
UTL631A							30	"2026-05-12 06:44:42"							UTL631	1		UTL631	MG			ANTO87
UTL631A				192220			30	"2026-05-12 07:39:26"					"Färghallen i Lövånger AB"		UTL631	2		UTL631	MG			ANTO87
UTL631A							30	"2026-05-07 06:25:35"							UTL631	3		UTL631	MG			ANTO87
UTL631A							30	"2026-05-08 06:08:13"							UTL631	4		UTL631	MG			ANTO87
UTL631A							30	"2026-05-07 14:18:26"							UTL631	5		UTL631	MG			ANTO87
UTL631A							30	"2026-03-23 08:51:09"							UTL631	6		UTL631	MG			MUNC85
UTL631A							30	"2026-03-23 08:51:09"							UTL631	7		UTL631	MG			MUNC85
UTL631AA							30	"2026-03-27 13:04:00"							UTL631A	1		UTL631A	MG			
UTL631AA							30	"2026-04-22 06:46:24"							UTL631A	2		UTL631A	MG			
UTL631AA							30	"2026-03-26 07:01:48"							UTL631A	3		UTL631A	MG			
UTL631AA							30	"2026-05-06 14:43:04"							UTL631A	4		UTL631A	MG			
UTL631AA							30	"2026-05-07 14:18:27"							UTL631A	5		UTL631A	MG			
UTL631AB							30	"2026-03-27 13:04:00"							UTL631A	1		UTL631A	MG			
UTL631AB							30	"2026-04-22 06:46:24"							UTL631A	2		UTL631A	MG			
UTL631AB							30	"2026-03-26 07:01:48"							UTL631A	3		UTL631A	MG			
UTL631AB							30	"2026-05-06 14:43:04"							UTL631A	4		UTL631A	MG			
UTL631AB							30	"2026-05-07 14:18:27"							UTL631A	5		UTL631A	MG			
UTL631B							30	"2026-05-05 06:21:59"							UTL631	1		UTL631	MG			ANTO87
UTL631B							30	"2026-05-06 12:54:37"							UTL631	2		UTL631	MG			ANTO87
UTL631B							30	"2026-05-07 06:25:35"							UTL631	3		UTL631	MG			ANTO87
UTL631B							30	"2026-05-06 14:43:04"							UTL631	4		UTL631	MG			ANTO87
UTL631B							30	"2026-05-07 14:18:27"							UTL631	5		UTL631	MG			ANTO87
UTL631B							30	"2026-03-23 08:51:09"							UTL631	6		UTL631	MG			
UTL631B							30	"2026-03-23 08:51:09"							UTL631	7		UTL631	MG			MUNC85
UTL631BA							30	"2026-05-12 06:44:42"							UTL631B	1		UTL631B	MG			ANTO87
UTL631BA				192140			30	"2026-05-12 07:39:26"					"Målarboden Allt i färg i Lidköping AB"		UTL631B	2		UTL631B	MG			ANTO87
UTL631BA				631			30	"2026-05-13 07:21:16"					"XL-BYGG Östra Husby"		UTL631B	3	"Sandahls 12 Släp"	UTL631B	MG			ANTO87
UTL631BA							30	"2026-05-08 06:08:13"							UTL631B	4		UTL631B	MG			ANTO87
UTL631BA							30	"2026-05-07 14:18:27"							UTL631B	5		UTL631B	MG			ANTO87
UTL631BB							30	"2026-05-05 06:22:00"							UTL631B	1		UTL631B	MG			ANTO87
UTL631BB				631			30	"2026-05-12 13:05:10"					"XL-BYGG Östra Husby"		UTL631B	2		UTL631B	MG			HUGO49
UTL631BB							30	"2026-05-07 06:25:35"							UTL631B	3		UTL631B	MG			ANTO87
UTL631BB							30	"2026-05-06 14:43:04"							UTL631B	4		UTL631B	MG			ANTO87
UTL631BB							30	"2026-05-07 14:18:27"							UTL631B	5		UTL631B	MG			
UTL632A							30	"2026-05-05 06:22:00"							UTL632	1		UTL632	MG			ANTO87
UTL632A				418			30	"2026-05-12 07:39:26"					"Coop Nord Härnösand"		UTL632	2		UTL632	MG			ANTO87
UTL632A							30	"2026-05-07 06:25:35"							UTL632	3		UTL632	MG			ANTO87
UTL632A							30	"2026-05-08 06:08:13"							UTL632	4		UTL632	MG			ANTO87
UTL632A							30	"2026-05-07 14:18:27"							UTL632	5		UTL632	MG			ANTO87
UTL632A							30	"2026-03-23 08:51:10"							UTL632	6		UTL632	MG			MUNC85
UTL632A							30	"2026-03-23 08:51:10"							UTL632	7		UTL632	MG			MUNC85
UTL632AA							30	"2026-03-27 13:04:00"							UTL632A	1		UTL632A	MG			
UTL632AA							30	"2026-04-22 06:46:25"							UTL632A	2		UTL632A	MG			
UTL632AA							30	"2026-03-26 07:01:48"							UTL632A	3		UTL632A	MG			
UTL632AA							30	"2026-05-06 14:43:04"							UTL632A	4		UTL632A	MG			
UTL632AA							30	"2026-05-07 14:18:27"							UTL632A	5		UTL632A	MG			
UTL632AB							30	"2026-03-27 13:04:01"							UTL632A	1		UTL632A	MG			
UTL632AB							30	"2026-04-22 06:46:25"							UTL632A	2		UTL632A	MG			
UTL632AB							30	"2026-03-26 07:01:48"							UTL632A	3		UTL632A	MG			
UTL632AB							30	"2026-05-06 14:43:04"							UTL632A	4		UTL632A	MG			
UTL632AB							30	"2026-05-07 14:18:27"							UTL632A	5		UTL632A	MG			
UTL632B							30	"2026-05-05 06:22:00"							UTL632	1		UTL632	MG			ANTO87
UTL632B							30	"2026-05-06 12:54:37"							UTL632	2		UTL632	MG			ANTO87
UTL632B							30	"2026-05-07 06:25:35"							UTL632	3		UTL632	MG			ANTO87
UTL632B							30	"2026-05-06 14:43:04"							UTL632	4		UTL632	MG			ANTO87
UTL632B							30	"2026-05-07 14:18:27"							UTL632	5		UTL632	MG			ANTO87
UTL632B							30	"2026-03-23 08:51:11"							UTL632	6		UTL632	MG			
UTL632B							30	"2026-03-23 08:51:11"							UTL632	7		UTL632	MG			
UTL632BA							30	"2026-05-05 06:22:00"							UTL632B	1		UTL632B	MG			ANTO87
UTL632BA				185			30	"2026-05-12 07:39:26"					"Bolist Nordemans"		UTL632B	2		UTL632B	MG			ANTO87
UTL632BA							30	"2026-05-07 06:25:35"							UTL632B	3		UTL632B	MG			ANTO87
UTL632BA							30	"2026-05-08 06:08:13"							UTL632B	4		UTL632B	MG			ANTO87
UTL632BA							30	"2026-05-07 14:18:27"							UTL632B	5		UTL632B	MG			ANTO87
UTL632BB							30	"2026-05-05 06:22:00"							UTL632B	1		UTL632B	MG			ANTO87
UTL632BB							30	"2026-05-06 12:54:37"							UTL632B	2		UTL632B	MG			ANTO87
UTL632BB							30	"2026-05-07 06:25:36"							UTL632B	3		UTL632B	MG			ANTO87
UTL632BB							30	"2026-05-06 14:43:04"							UTL632B	4		UTL632B	MG			ANTO87
UTL632BB							30	"2026-05-07 14:18:27"							UTL632B	5		UTL632B	MG			
UTL633A							30	"2026-05-12 06:44:42"							UTL633	1		UTL633	MG			ANTO87
UTL633A				484126			30	"2026-05-12 07:39:26"					"Colorama Kramfors"		UTL633	2		UTL633	MG			ANTO87
UTL633A							30	"2026-05-07 06:25:36"							UTL633	3		UTL633	MG			ANTO87
UTL633A							30	"2026-05-08 06:08:13"							UTL633	4		UTL633	MG			ANTO87
UTL633A							30	"2026-05-07 14:18:27"							UTL633	5		UTL633	MG			ANTO87
UTL633A							30	"2026-03-23 08:51:11"							UTL633	6		UTL633	MG			MUNC85
UTL633A							30	"2026-03-23 08:51:11"							UTL633	7		UTL633	MG			MUNC85
UTL633AA							30	"2026-03-27 13:04:01"							UTL633A	1		UTL633A	MG			
UTL633AA							30	"2026-04-22 06:46:25"							UTL633A	2		UTL633A	MG			
UTL633AA							30	"2026-03-26 07:01:49"							UTL633A	3		UTL633A	MG			
UTL633AA							30	"2026-05-06 14:43:05"							UTL633A	4		UTL633A	MG			
UTL633AA							30	"2026-05-07 14:18:27"							UTL633A	5		UTL633A	MG			
UTL633AB							30	"2026-03-27 13:04:01"							UTL633A	1		UTL633A	MG			
UTL633AB							30	"2026-04-22 06:46:25"							UTL633A	2		UTL633A	MG			
UTL633AB							30	"2026-03-26 07:01:49"							UTL633A	3		UTL633A	MG			
UTL633AB							30	"2026-05-06 14:43:05"							UTL633A	4		UTL633A	MG			
UTL633AB							30	"2026-05-07 14:18:27"							UTL633A	5		UTL633A	MG			
UTL633B							30	"2026-05-05 06:22:00"							UTL633	1		UTL633	MG			ANTO87
UTL633B							30	"2026-05-06 12:54:37"							UTL633	2		UTL633	MG			ANTO87
UTL633B							30	"2026-05-07 06:25:36"							UTL633	3		UTL633	MG			ANTO87
UTL633B							30	"2026-05-06 14:43:05"							UTL633	4		UTL633	MG			ANTO87
UTL633B							30	"2026-05-11 06:36:48"							UTL633	5		UTL633	MG			ANTO87
UTL633B							30	"2026-03-23 08:51:12"							UTL633	6		UTL633	MG			
UTL633B							30	"2026-03-23 08:51:12"							UTL633	7		UTL633	MG			
UTL633BA							30	"2026-05-12 06:44:42"							UTL633B	1		UTL633B	MG			ANTO87
UTL633BA				348			30	"2026-05-12 07:39:26"					"Bolist Bredbyn"		UTL633B	2		UTL633B	MG			ANTO87
UTL633BA							30	"2026-05-07 06:25:36"							UTL633B	3		UTL633B	MG			ANTO87
UTL633BA							30	"2026-05-08 06:08:14"							UTL633B	4		UTL633B	MG			ANTO87
UTL633BA							30	"2026-05-07 14:18:27"							UTL633B	5		UTL633B	MG			ANTO87
UTL633BB							30	"2026-05-05 06:22:00"							UTL633B	1		UTL633B	MG			ANTO87
UTL633BB							30	"2026-05-06 12:54:37"							UTL633B	2		UTL633B	MG			ANTO87
UTL633BB							30	"2026-05-07 06:25:36"							UTL633B	3		UTL633B	MG			ANTO87
UTL633BB							30	"2026-05-06 14:43:05"							UTL633B	4		UTL633B	MG			ANTO87
UTL633BB							30	"2026-05-11 06:36:48"							UTL633B	5		UTL633B	MG			ANTO87
UTL634A							30	"2026-05-12 06:44:42"							UTL634	1		UTL634	MG			ANTO87
UTL634A				484126			30	"2026-05-12 07:39:26"					"Colorama Kramfors"		UTL634	2		UTL634	MG			ANTO87
UTL634A							30	"2026-05-07 06:25:36"							UTL634	3		UTL634	MG			ANTO87
UTL634A							30	"2026-05-08 06:08:14"							UTL634	4		UTL634	MG			ANTO87
UTL634A							30	"2026-05-07 14:18:27"							UTL634	5		UTL634	MG			ANTO87
UTL634A							30	"2025-08-26 06:50:52"							UTL634	6		UTL634	MG			
UTL634A							30	"2025-08-26 06:50:52"							UTL634	7		UTL634	MG			
UTL634AA							30	"2026-03-27 13:04:02"							UTL634A	1		UTL634A	MG			
UTL634AA							30	"2026-04-22 06:46:26"							UTL634A	2		UTL634A	MG			
UTL634AA							30	"2026-03-26 07:01:50"							UTL634A	3		UTL634A	MG			
UTL634AA							30	"2026-05-06 14:43:05"							UTL634A	4		UTL634A	MG			
UTL634AA							30	"2026-05-07 14:18:27"							UTL634A	5		UTL634A	MG			
UTL634AB							30	"2026-03-27 13:04:02"							UTL634A	1		UTL634A	MG			
UTL634AB							30	"2026-04-22 06:46:26"							UTL634A	2		UTL634A	MG			
UTL634AB							30	"2026-03-26 07:01:50"							UTL634A	3		UTL634A	MG			
UTL634AB							30	"2026-05-06 14:43:06"							UTL634A	4		UTL634A	MG			
UTL634AB							30	"2026-05-07 14:18:28"							UTL634A	5		UTL634A	MG			
UTL634B							30	"2026-05-05 06:22:00"							UTL634	1		UTL634	MG			ANTO87
UTL634B							30	"2026-05-06 12:54:37"							UTL634	2		UTL634	MG			ANTO87
UTL634B							30	"2026-05-07 06:25:36"							UTL634	3		UTL634	MG			ANTO87
UTL634B							30	"2026-05-06 14:43:06"							UTL634	4		UTL634	MG			ANTO87
UTL634B							30	"2026-05-11 06:36:48"							UTL634	5		UTL634	MG			ANTO87
UTL634B							30	"2025-08-26 06:50:52"							UTL634	6		UTL634	MG			
UTL634B							30	"2025-08-26 06:50:52"							UTL634	7		UTL634	MG			
UTL634BA							30	"2026-05-12 06:44:42"							UTL634B	1		UTL634B	MG			ANTO87
UTL634BA				348			30	"2026-05-12 07:39:26"					"Bolist Bredbyn"		UTL634B	2		UTL634B	MG			ANTO87
UTL634BA							30	"2026-05-07 06:25:36"							UTL634B	3		UTL634B	MG			ANTO87
UTL634BA							30	"2026-05-08 06:08:14"							UTL634B	4		UTL634B	MG			ANTO87
UTL634BA							30	"2026-05-07 14:18:28"							UTL634B	5		UTL634B	MG			ANTO87
UTL634BB							30	"2026-05-05 06:22:00"							UTL634B	1		UTL634B	MG			ANTO87
UTL634BB							30	"2026-05-06 12:54:37"							UTL634B	2		UTL634B	MG			ANTO87
UTL634BB							30	"2026-05-07 06:25:36"							UTL634B	3		UTL634B	MG			ANTO87
UTL634BB							30	"2026-05-06 14:43:06"							UTL634B	4		UTL634B	MG			ANTO87
UTL634BB							30	"2026-05-11 06:36:48"							UTL634B	5		UTL634B	MG			ANTO87
UTL634C							30	"2025-10-10 14:21:30"							UTL634	4		UTL634				FILI10
UTL635A							30	"2026-05-12 06:44:42"							UTL635	1		UTL635	MG			ANTO87
UTL635A				484			30	"2026-05-12 07:39:26"					"Bolist Brunflo"		UTL635	2		UTL635	MG			ANTO87
UTL635A							30	"2026-05-07 06:25:36"							UTL635	3		UTL635	MG			ANTO87
UTL635A							30	"2026-05-08 06:08:14"							UTL635	4		UTL635	MG			ANTO87
UTL635A							30	"2026-05-07 14:18:28"							UTL635	5		UTL635	MG			ANTO87
UTL635A							30	"2025-08-26 06:50:52"							UTL635	6		UTL635	MG			MUNC85
UTL635A							30	"2025-08-26 06:50:52"							UTL635	7		UTL635	MG			FRED10
UTL635AA							30	"2026-03-27 13:04:03"							UTL635A	1		UTL635A	MG			
UTL635AA							30	"2026-04-22 06:46:26"							UTL635A	2		UTL635A	MG			
UTL635AA							30	"2026-03-26 07:01:51"							UTL635A	3		UTL635A	MG			
UTL635AA							30	"2026-05-06 14:43:06"							UTL635A	4		UTL635A	MG			
UTL635AA							30	"2026-05-07 14:18:28"							UTL635A	5		UTL635A	MG			
UTL635AB							30	"2026-03-27 13:04:03"							UTL635A	1		UTL635A	MG			
UTL635AB							30	"2026-04-22 06:46:26"							UTL635A	2		UTL635A	MG			
UTL635AB							30	"2026-03-26 07:01:51"							UTL635A	3		UTL635A	MG			
UTL635AB							30	"2026-05-06 14:43:06"							UTL635A	4		UTL635A	MG			
UTL635AB							30	"2026-05-07 14:18:28"							UTL635A	5		UTL635A	MG			
UTL635B							30	"2026-05-05 06:22:00"							UTL635	1		UTL635	MG			ANTO87
UTL635B							30	"2026-05-06 12:54:37"							UTL635	2		UTL635	MG			ANTO87
UTL635B							30	"2026-05-07 06:25:36"							UTL635	3		UTL635	MG			ANTO87
UTL635B							30	"2026-05-06 14:43:06"							UTL635	4		UTL635	MG			ANTO87
UTL635B							30	"2026-05-11 06:36:48"							UTL635	5		UTL635	MG			ANTO87
UTL635B							30	"2025-08-26 06:50:52"							UTL635	6		UTL635	MG			
UTL635B							30	"2025-08-26 06:50:52"							UTL635	7		UTL635	MG			
UTL635BA							30	"2026-05-12 06:44:42"							UTL635B	1		UTL635B	MG			ANTO87
UTL635BA				484725			30	"2026-05-12 07:39:26"					"Colorama Örnsköldsvik"		UTL635B	2		UTL635B	MG			ANTO87
UTL635BA							30	"2026-05-07 06:25:36"							UTL635B	3		UTL635B	MG			ANTO87
UTL635BA							30	"2026-05-08 06:08:14"							UTL635B	4		UTL635B	MG			ANTO87
UTL635BA							30	"2026-05-07 14:18:28"							UTL635B	5		UTL635B	MG			
UTL635BB							30	"2026-05-05 06:22:01"							UTL635B	1		UTL635B	MG			ANTO87
UTL635BB							30	"2026-05-06 12:54:37"							UTL635B	2		UTL635B	MG			ANTO87
UTL635BB							30	"2026-05-07 06:25:36"							UTL635B	3		UTL635B	MG			ANTO87
UTL635BB							30	"2026-05-06 14:43:06"							UTL635B	4		UTL635B	MG			ANTO87
UTL635BB							30	"2026-05-11 06:36:48"							UTL635B	5		UTL635B	MG			ANTO87
UTL636AA							30	"2026-05-12 06:44:42"							UTL636A	1		UTL636A	MG			ANTO87
UTL636AA				627			30	"2026-05-12 07:39:26"					"XL-BYGG Finspång"		UTL636A	2		UTL636A	MG			ANTO87
UTL636AA							30	"2026-05-07 06:25:36"							UTL636A	3		UTL636A	MG			ANTO87
UTL636AA							30	"2026-05-08 06:08:14"							UTL636A	4		UTL636A	MG			ANTO87
UTL636AA							30	"2026-05-11 06:36:48"							UTL636A	5		UTL636A	MG			ANTO87
UTL636AA							30	"2025-08-26 06:50:52"							UTL636A	6		UTL636A	MG			MUNC85
UTL636AA							30	"2025-08-26 06:50:52"							UTL636A	7		UTL636A	MG			MUNC85
UTL636AB							30	"2026-05-12 06:44:42"							UTL636A	1		UTL636A	MG			ANTO87
UTL636AB							30	"2026-05-06 12:54:37"							UTL636A	2		UTL636A	MG			ANTO87
UTL636AB				484096			30	"2026-05-13 12:56:04"					"Colorama Mariestad"		UTL636A	3	"B Widéns Jönköping"	UTL636A	MG			ANTO87
UTL636AB							30	"2026-05-13 12:56:18"							UTL636A	4		UTL636A	MG			ANTO87
UTL636AB							30	"2026-05-07 14:18:28"							UTL636A	5		UTL636A	MG			ANTO87
UTL636AB							30	"2025-08-26 06:50:52"							UTL636A	6		UTL636A	MG			
UTL636AB							30	"2025-08-26 06:50:52"							UTL636A	7		UTL636A	MG			MUNC85
UTL636AC							30	"2025-08-26 06:50:52"							UTL636A	7		UTL636A	MG			MUNC85
UTL636AD							30	"2025-08-26 06:50:52"							UTL636A	7		UTL636A	MG			MUNC85
UTL636BA							30	"2026-05-12 06:44:42"							UTL636B	1		UTL636B	MG			ANTO87
UTL636BA				256			30	"2026-05-12 07:39:26"					"Bolist Ödeshög"		UTL636B	2		UTL636B	MG			ANTO87
UTL636BA							30	"2026-05-07 06:25:36"							UTL636B	3		UTL636B	MG			ANTO87
UTL636BA							30	"2026-05-08 06:08:14"							UTL636B	4		UTL636B	MG			ANTO87
UTL636BA							30	"2026-05-11 06:36:48"							UTL636B	5		UTL636B	MG			ANTO87
UTL636BA							30	"2025-08-26 06:50:52"							UTL636B	6		UTL636B	MG			MUNC85
UTL636BA							30	"2025-08-26 06:50:52"							UTL636B	7		UTL636B	MG			MUNC85
UTL636BB							30	"2026-05-12 06:44:43"							UTL636B	1		UTL636B	MG			ANTO87
UTL636BB							30	"2026-05-06 12:54:37"							UTL636B	2		UTL636B	MG			ANTO87
UTL636BB				484021			30	"2026-05-13 12:56:04"					"Colorama Lidköping"		UTL636B	3	"B Widéns Jönköping"	UTL636B	MG			ANTO87
UTL636BB							30	"2026-05-13 12:56:19"							UTL636B	4		UTL636B	MG			ANTO87
UTL636BB							30	"2026-05-07 14:18:28"							UTL636B	5		UTL636B	MG			ANTO87
UTL636BB							30	"2025-08-26 06:50:52"							UTL636B	6		UTL636B	MG			
UTL636BB							30	"2025-08-26 06:50:52"							UTL636B	7		UTL636B	MG			MUNC85
UTL636BC							30	"2025-08-26 06:50:52"							UTL636B	7		UTL636B	MG			MUNC85
UTL636BD							30	"2025-08-26 06:50:52"							UTL636B	7		UTL636B	MG			MUNC85
UTL637AA							30	"2026-05-12 06:44:43"							UTL637A	1		UTL637A	MG			ANTO87
UTL637AA				627			30	"2026-05-12 07:39:26"					"XL-BYGG Finspång"		UTL637A	2		UTL637A	MG			ANTO87
UTL637AA							30	"2026-05-07 06:25:36"							UTL637A	3		UTL637A	MG			ANTO87
UTL637AA							30	"2026-05-08 06:08:14"							UTL637A	4		UTL637A	MG			ANTO87
UTL637AA							30	"2026-05-11 06:36:48"							UTL637A	5		UTL637A	MG			ANTO87
UTL637AA							30	"2025-08-26 06:50:52"							UTL637A	6		UTL637A	MG			MUNC85
UTL637AA							30	"2025-08-26 06:50:52"							UTL637A	7		UTL637A	MG			MUNC85
UTL637AB							30	"2026-05-12 06:44:43"							UTL637A	1		UTL637A	MG			ANTO87
UTL637AB							30	"2026-05-06 12:54:37"							UTL637A	2		UTL637A	MG			ANTO87
UTL637AB				484096			30	"2026-05-13 12:56:04"					"Colorama Mariestad"		UTL637A	3	"B Widéns Jönköping"	UTL637A	MG			ANTO87
UTL637AB							30	"2026-05-13 12:56:19"							UTL637A	4		UTL637A	MG			ANTO87
UTL637AB							30	"2026-05-07 14:18:28"							UTL637A	5		UTL637A	MG			ANTO87
UTL637AB							30	"2025-08-26 06:50:52"							UTL637A	6		UTL637A	MG			
UTL637AB							30	"2025-08-26 06:50:52"							UTL637A	7		UTL637A	MG			MUNC85
UTL637AC							30	"2025-08-26 06:50:52"							UTL637A	7		UTL637A	MG			MUNC85
UTL637AD							30	"2025-08-26 06:50:52"							UTL637A	7		UTL637A	MG			
UTL637BA							30	"2026-05-12 06:44:43"							UTL637B	1		UTL637B	MG			ANTO87
UTL637BA				484614			30	"2026-05-12 07:39:26"					"Colorama Finspång"		UTL637B	2		UTL637B	MG			ANTO87
UTL637BA							30	"2026-05-07 06:25:36"							UTL637B	3		UTL637B	MG			ANTO87
UTL637BA							30	"2026-05-08 06:08:14"							UTL637B	4		UTL637B	MG			ANTO87
UTL637BA							30	"2026-05-11 06:36:48"							UTL637B	5		UTL637B	MG			ANTO87
UTL637BA							30	"2025-08-26 06:50:52"							UTL637B	6		UTL637B	MG			MUNC85
UTL637BA							30	"2025-08-26 06:50:52"							UTL637B	7		UTL637B	MG			MUNC85
UTL637BB							30	"2026-05-12 06:44:43"							UTL637B	1		UTL637B	MG			ANTO87
UTL637BB							30	"2026-05-06 12:54:37"							UTL637B	2		UTL637B	MG			ANTO87
UTL637BB				484021			30	"2026-05-13 12:56:04"					"Colorama Lidköping"		UTL637B	3	"B Widéns Jönköping"	UTL637B	MG			ANTO87
UTL637BB							30	"2026-05-13 12:56:19"							UTL637B	4		UTL637B	MG			ANTO87
UTL637BB							30	"2026-05-07 14:18:28"							UTL637B	5		UTL637B	MG			ANTO87
UTL637BB							30	"2025-08-26 06:50:52"							UTL637B	6		UTL637B	MG			
UTL637BB							30	"2025-08-26 06:50:52"							UTL637B	7		UTL637B	MG			MUNC85
UTL637BF							30	"2026-05-06 14:43:07"							UTL637B	4		UTL637B	MG			MUNC85
UTL638AA							30	"2026-05-12 06:44:43"							UTL638A	1		UTL638A	MG			ANTO87
UTL638AA				627			30	"2026-05-12 07:39:26"					"XL-BYGG Finspång"		UTL638A	2		UTL638A	MG			ANTO87
UTL638AA							30	"2026-05-07 06:25:37"							UTL638A	3		UTL638A	MG			ANTO87
UTL638AA							30	"2026-05-08 06:08:14"							UTL638A	4		UTL638A	MG			ANTO87
UTL638AA							30	"2026-05-11 06:36:48"							UTL638A	5		UTL638A	MG			ANTO87
UTL638AA							30	"2025-08-26 06:50:52"							UTL638A	6		UTL638A	MG			MUNC85
UTL638AA							30	"2025-08-26 06:50:52"							UTL638A	7		UTL638A	MG			MUNC85
UTL638AB							30	"2026-05-12 06:44:43"							UTL638A	1		UTL638A	MG			ANTO87
UTL638AB							30	"2026-05-06 12:54:38"							UTL638A	2		UTL638A	MG			ANTO87
UTL638AB				649			30	"2026-05-13 12:56:04"					"XL-BYGG Herrljunga Brädgård"		UTL638A	3	"B Widéns Jönköping"	UTL638A	MG			ANTO87
UTL638AB							30	"2026-05-13 12:56:19"							UTL638A	4		UTL638A	MG			ANTO87
UTL638AB							30	"2026-05-07 14:18:29"							UTL638A	5		UTL638A	MG			ANTO87
UTL638AB							30	"2025-08-26 06:50:52"							UTL638A	6		UTL638A	MG			
UTL638AB							30	"2025-08-26 06:50:52"							UTL638A	7		UTL638A	MG			MUNC85
UTL638AC							30	"2026-03-26 07:01:52"							UTL638A	3		UTL638A	MG			
UTL638AF							30	"2026-05-06 14:43:07"							UTL638A	4		UTL638A	MG			MUNC85
UTL638BA							30	"2026-05-12 06:44:43"							UTL638B	1		UTL638B	MG			ANTO87
UTL638BA				484614			30	"2026-05-12 07:39:26"					"Colorama Finspång"		UTL638B	2		UTL638B	MG			ANTO87
UTL638BA							30	"2026-05-07 06:25:37"							UTL638B	3		UTL638B	MG			ANTO87
UTL638BA							30	"2026-05-08 06:08:14"							UTL638B	4		UTL638B	MG			ANTO87
UTL638BA							30	"2026-05-11 06:36:48"							UTL638B	5		UTL638B	MG			ANTO87
UTL638BA							30	"2025-08-26 06:50:52"							UTL638B	6		UTL638B	MG			MUNC85
UTL638BA							30	"2025-08-26 06:50:52"							UTL638B	7		UTL638B	MG			MUNC85
UTL638BB							30	"2026-05-12 06:44:43"							UTL638B	1		UTL638B	MG			ANTO87
UTL638BB							30	"2026-05-06 12:54:38"							UTL638B	2		UTL638B	MG			ANTO87
UTL638BB				671			30	"2026-05-13 12:56:04"					"XL-BYGG Götene"		UTL638B	3	"B Widéns Jönköping"	UTL638B	MG			ANTO87
UTL638BB							30	"2026-05-13 12:56:19"							UTL638B	4		UTL638B	MG			ANTO87
UTL638BB							30	"2026-05-07 14:18:29"							UTL638B	5		UTL638B	MG			ANTO87
UTL638BB							30	"2025-08-26 06:50:52"							UTL638B	6		UTL638B	MG			
UTL638BB							30	"2025-08-26 06:50:52"							UTL638B	7		UTL638B	MG			MUNC85
UTL638BC							30	"2026-03-27 13:04:04"							UTL638B	1		UTL638B	MG			MUNC85
UTL638BC							30	"2026-05-07 14:18:29"							UTL638B	5		UTL638B	MG			MUNC85
UTL638BC							30	"2025-08-26 06:50:52"							UTL638B	7		UTL638B	MG			MUNC85
UTL638BD							30	"2026-03-27 13:04:05"							UTL638B	1		UTL638B	MG			MUNC85
UTL638BD							30	"2026-05-07 14:18:29"							UTL638B	5		UTL638B	MG			MUNC85
UTL639AA							30	"2026-05-12 06:44:43"							UTL639A	1		UTL639A	MG			ANTO87
UTL639AA				484614			30	"2026-05-12 07:39:26"					"Colorama Finspång"		UTL639A	2		UTL639A	MG			ANTO87
UTL639AA							30	"2026-05-07 06:25:37"							UTL639A	3		UTL639A	MG			ANTO87
UTL639AA							30	"2026-05-08 06:08:14"							UTL639A	4		UTL639A	MG			ANTO87
UTL639AA							30	"2026-05-11 06:36:48"							UTL639A	5		UTL639A	MG			ANTO87
UTL639AA							30	"2025-08-26 06:50:52"							UTL639A	6		UTL639A	MG			MUNC85
UTL639AA							30	"2025-08-26 06:50:52"							UTL639A	7		UTL639A	MG			MUNC85
UTL639AB							30	"2026-05-12 06:44:43"							UTL639A	1		UTL639A	MG			ANTO87
UTL639AB							30	"2026-05-06 12:54:38"							UTL639A	2		UTL639A	MG			ANTO87
UTL639AB				641			30	"2026-05-13 12:56:04"					"XL-BYGG Lidköping"		UTL639A	3	"B Widéns Jönköping"	UTL639A	MG			ANTO87
UTL639AB							30	"2026-05-13 12:56:19"							UTL639A	4		UTL639A	MG			ANTO87
UTL639AB							30	"2026-05-07 14:18:29"							UTL639A	5		UTL639A	MG			ANTO87
UTL639AB							30	"2025-08-26 06:50:52"							UTL639A	6		UTL639A	MG			
UTL639AB							30	"2025-08-26 06:50:52"							UTL639A	7		UTL639A	MG			MUNC85
UTL639AC							30	"2026-03-27 13:04:05"							UTL639A	1		UTL639A	MG			MUNC85
UTL639AC							30	"2026-05-06 14:43:07"							UTL639A	4		UTL639A	MG			MUNC85
UTL639AC							30	"2025-08-26 06:50:52"							UTL639A	7		UTL639A	MG			MUNC85
UTL639AD							30	"2026-03-27 13:04:05"							UTL639A	1		UTL639A	MG			MUNC85
UTL639AF							30	"2026-03-26 07:01:52"							UTL639A	3		UTL639A	MG			
UTL639AG							30	"2026-03-26 07:01:52"							UTL639A	3		UTL639A	MG			
UTL639BA							30	"2026-05-12 06:44:43"							UTL639B	1		UTL639B	MG			ANTO87
UTL639BA				627			30	"2026-05-12 07:39:26"					"XL-BYGG Finspång"		UTL639B	2		UTL639B	MG			ANTO87
UTL639BA							30	"2026-05-07 06:25:37"							UTL639B	3		UTL639B	MG			ANTO87
UTL639BA							30	"2026-05-06 14:43:08"							UTL639B	4		UTL639B	MG			ANTO87
UTL639BA							30	"2026-05-11 06:36:48"							UTL639B	5		UTL639B	MG			ANTO87
UTL639BA							30	"2025-08-26 06:50:52"							UTL639B	6		UTL639B	MG			MUNC85
UTL639BA							30	"2025-08-26 06:50:52"							UTL639B	7		UTL639B	MG			MUNC85
UTL639BB							30	"2026-05-12 06:44:43"							UTL639B	1		UTL639B	MG			ANTO87
UTL639BB							30	"2026-05-06 12:54:38"							UTL639B	2		UTL639B	MG			ANTO87
UTL639BB				192129			30	"2026-05-13 12:56:04"					"Målarnes Färg AB"		UTL639B	3	"B Widéns Jönköping"	UTL639B	MG			ANTO87
UTL639BB							30	"2026-05-13 12:56:19"							UTL639B	4		UTL639B	MG			ANTO87
UTL639BB							30	"2026-05-07 14:18:29"							UTL639B	5		UTL639B	MG			ANTO87
UTL639BB							30	"2025-08-26 06:50:52"							UTL639B	6		UTL639B	MG			
UTL639BB							30	"2025-08-26 06:50:52"							UTL639B	7		UTL639B	MG			MUNC85
UTL639BC							30	"2026-03-27 13:04:05"							UTL639B	1		UTL639B	MG			MUNC85
UTL639BC							30	"2026-05-06 14:43:08"							UTL639B	4		UTL639B	MG			
UTL639BC							30	"2025-08-26 06:50:52"							UTL639B	7		UTL639B	MG			MUNC85
UTL639BD							30	"2026-03-27 13:04:05"							UTL639B	1		UTL639B	MG			MUNC85
UTL639BG							30	"2025-05-27 07:13:54"							UTL639B	1		UTL639B				
UTL63A							30	"2026-03-10 20:04:43"							UTL63A	1		UTL63	GG			SEBA80
UTL63A							30	"2026-03-09 08:13:41"							UTL63A	2		UTL63	GG			FILI10
UTL63A							30	"2026-03-09 08:13:41"							UTL63A	3		UTL63	GG			FILI10
UTL63A							30	"2026-03-10 20:04:43"							UTL63A	4		UTL63	GG			FILI10
UTL63A							30	"2026-03-10 20:04:43"							UTL63A	5		UTL63	GG			FILI10
UTL63A							30	"2026-03-10 20:04:43"							UTL63A	6		UTL63	GG			
UTL63A							30	"2026-03-10 20:04:43"							UTL63A	7		UTL63	GG			
UTL63B							30	"2026-03-10 20:04:43"							UTL63B	1		UTL63	GG			FILI10
UTL63B							30	"2026-03-09 08:13:41"							UTL63B	2		UTL63	GG			FILI10
UTL63B							30	"2026-03-09 08:13:41"							UTL63B	3		UTL63	GG			FILI10
UTL63B							30	"2026-03-10 20:04:43"							UTL63B	4		UTL63	GG			FILI10
UTL63B							30	"2026-03-10 20:04:43"							UTL63B	5		UTL63	GG			FILI10
UTL63B							30	"2026-03-10 20:04:43"							UTL63B	6		UTL63	GG			
UTL63B							30	"2026-03-10 20:04:43"							UTL63B	7		UTL63	GG			
UTL640A							30	"2026-05-12 06:44:43"							UTL640	1		UTL640	MG			ANTO87
UTL640A				484424			30	"2026-05-12 07:39:26"					"Colorama Linköping"		UTL640	2		UTL640	MG			ANTO87
UTL640A							30	"2026-05-07 06:25:37"							UTL640	3		UTL640	MG			ANTO87
UTL640A							30	"2026-05-08 06:08:14"							UTL640	4		UTL640	MG			ANTO87
UTL640A							30	"2026-05-11 06:36:48"							UTL640	5		UTL640	MG			ANTO87
UTL640A							30	"2025-08-26 06:50:52"							UTL640	6		UTL640	MG			MUNC85
UTL640A							30	"2025-08-26 06:50:52"							UTL640	7		UTL640	MG			MUNC85
UTL640AC							30	"2025-08-26 06:50:52"							UTL640A	7		UTL640A	MG			MUNC85
UTL640B							30	"2026-05-12 06:44:43"							UTL640	1		UTL640	MG			ANTO87
UTL640B							30	"2026-05-06 12:54:38"							UTL640	2		UTL640	MG			ANTO87
UTL640B				484050			30	"2026-05-13 12:56:04"					"Colorama Eksjö"		UTL640	3	"B Widéns Jönköping"	UTL640	MG			ANTO87
UTL640B							30	"2026-05-13 12:56:19"							UTL640	4		UTL640	MG			ANTO87
UTL640B							30	"2026-05-07 14:18:29"							UTL640	5		UTL640	MG			ANTO87
UTL640B							30	"2025-08-26 06:50:52"							UTL640	6		UTL640	MG			MUNC85
UTL640B							30	"2025-08-26 06:50:52"							UTL640	7		UTL640	MG			MUNC85
UTL640C							30	"2026-03-26 07:01:53"							UTL640	3		UTL640	MG			
UTL640C							30	"2026-05-07 14:18:29"							UTL640	5		UTL640	MG			MUNC85
UTL640D							30	"2026-03-27 13:04:05"							UTL640	1		UTL640	MG			
UTL640D							30	"2026-05-07 14:18:29"							UTL640	5		UTL640	MG			MUNC85
UTL641A							30	"2026-05-12 06:44:43"							UTL641	1		UTL641	MG			ANTO87
UTL641A				484424			30	"2026-05-12 07:39:26"					"Colorama Linköping"		UTL641	2		UTL641	MG			ANTO87
UTL641A							30	"2026-05-07 06:25:37"							UTL641	3		UTL641	MG			ANTO87
UTL641A							30	"2026-05-08 06:08:14"							UTL641	4		UTL641	MG			ANTO87
UTL641A							30	"2026-05-11 06:36:49"							UTL641	5		UTL641	MG			ANTO87
UTL641A							30	"2025-08-26 06:50:52"							UTL641	6		UTL641	MG			MUNC85
UTL641A							30	"2025-08-26 06:50:52"							UTL641	7		UTL641	MG			MUNC85
UTL641B							30	"2026-05-12 06:44:43"							UTL641	1		UTL641	MG			ANTO87
UTL641B							30	"2026-05-06 12:54:38"							UTL641	2		UTL641	MG			ANTO87
UTL641B				484728			30	"2026-05-13 12:56:04"					"Colorama Vara"		UTL641	3	"B Widéns Jönköping"	UTL641	MG			ANTO87
UTL641B							30	"2026-05-13 12:56:19"							UTL641	4		UTL641	MG			ANTO87
UTL641B							30	"2026-05-07 14:18:29"							UTL641	5		UTL641	MG			ANTO87
UTL641B							30	"2025-08-26 06:50:52"							UTL641	6		UTL641	MG			MUNC85
UTL641B							30	"2025-08-26 06:50:52"							UTL641	7		UTL641	MG			
UTL641D							30	"2026-05-06 14:43:08"							UTL641	4		UTL641	MG			MUNC85
UTL642A							30	"2026-05-12 06:44:44"							UTL642	1		UTL642	MG			ANTO87
UTL642A				484424			30	"2026-05-12 07:39:26"					"Colorama Linköping"		UTL642	2		UTL642	MG			ANTO87
UTL642A							30	"2026-05-07 06:25:37"							UTL642	3		UTL642	MG			ANTO87
UTL642A							30	"2026-05-08 06:08:14"							UTL642	4		UTL642	MG			ANTO87
UTL642A							30	"2026-05-11 06:36:49"							UTL642	5		UTL642	MG			ANTO87
UTL642A							30	"2025-08-26 06:50:52"							UTL642	6		UTL642	MG			MUNC85
UTL642A							30	"2025-08-26 06:50:52"							UTL642	7		UTL642	MG			MUNC85
UTL642B							30	"2026-05-12 06:44:44"							UTL642	1		UTL642	MG			ANTO87
UTL642B							30	"2026-05-06 12:54:38"							UTL642	2		UTL642	MG			ANTO87
UTL642B				484669			30	"2026-05-13 12:56:04"					"Colorama Mullsjö"		UTL642	3	"B Widéns Jönköping"	UTL642	MG			ANTO87
UTL642B							30	"2026-05-13 12:56:19"							UTL642	4		UTL642	MG			ANTO87
UTL642B							30	"2026-05-07 14:18:29"							UTL642	5		UTL642	MG			ANTO87
UTL642B							30	"2025-08-26 06:50:52"							UTL642	6		UTL642	MG			MUNC85
UTL642B							30	"2025-08-26 06:50:52"							UTL642	7		UTL642	MG			MUNC85
UTL642C							30	"2026-04-22 06:46:28"							UTL642	2		UTL642	MG			
UTL642C							30	"2026-03-26 07:01:53"							UTL642	3		UTL642	MG			
UTL642C							30	"2025-10-09 16:54:48"							UTL642	5		UTL642				FILI10
UTL642D							30	"2026-03-26 07:01:54"							UTL642	3		UTL642	MG			
UTL643A							30	"2026-05-12 06:44:44"							UTL643	1		UTL643	MG			ANTO87
UTL643A				192267			30	"2026-05-12 07:39:26"					"Färgservice i Linköping AB"		UTL643	2		UTL643	MG			ANTO87
UTL643A							30	"2026-05-07 06:25:37"							UTL643	3		UTL643	MG			ANTO87
UTL643A							30	"2026-05-08 06:08:14"							UTL643	4		UTL643	MG			ANTO87
UTL643A							30	"2026-05-11 06:36:49"							UTL643	5		UTL643	MG			ANTO87
UTL643A							30	"2025-08-26 06:50:52"							UTL643	6		UTL643	MG			MUNC85
UTL643A							30	"2025-08-26 06:50:52"							UTL643	7		UTL643	MG			MUNC85
UTL643B							30	"2026-05-12 06:44:44"							UTL643	1		UTL643	MG			ANTO87
UTL643B							30	"2026-05-06 12:54:38"							UTL643	2		UTL643	MG			ANTO87
UTL643B				484551			30	"2026-05-13 12:56:04"					"Colorama Ljungby"		UTL643	3	"B Widéns Jönköping"	UTL643	MG			ANTO87
UTL643B							30	"2026-05-13 12:56:19"							UTL643	4		UTL643	MG			ANTO87
UTL643B							30	"2026-05-07 14:18:30"							UTL643	5		UTL643	MG			MUNC85
UTL643B							30	"2025-08-26 06:50:52"							UTL643	6		UTL643	MG			MUNC85
UTL643B							30	"2025-08-26 06:50:52"							UTL643	7		UTL643	MG			MUNC85
UTL643C							30	"2025-10-10 14:21:30"							UTL643	3		UTL643				FILI10
UTL643C							30	"2025-08-26 06:50:52"							UTL643	7		UTL643	MG			MUNC85
UTL643V							30	"2026-05-07 14:18:30"							UTL643	5		UTL643	MG			MUNC85
UTL644A							30	"2026-05-12 06:44:44"							UTL644	1		UTL644	MG			ANTO87
UTL644A				192267			30	"2026-05-12 07:39:26"					"Färgservice i Linköping AB"		UTL644	2		UTL644	MG			ANTO87
UTL644A							30	"2026-05-07 06:25:37"							UTL644	3		UTL644	MG			ANTO87
UTL644A							30	"2026-05-06 14:43:08"							UTL644	4		UTL644	MG			ANTO87
UTL644A							30	"2026-05-11 06:36:49"							UTL644	5		UTL644	MG			ANTO87
UTL644A							30	"2025-08-26 06:50:52"							UTL644	6		UTL644	MG			MUNC85
UTL644A							30	"2025-08-26 06:50:52"							UTL644	7		UTL644	MG			MUNC85
UTL644B							30	"2026-05-12 06:44:44"							UTL644	1		UTL644	MG			ANTO87
UTL644B							30	"2026-05-06 12:54:38"							UTL644	2		UTL644	MG			ANTO87
UTL644B				30100			30	"2026-05-13 12:56:04"					"XL-BYGG Jönköping"		UTL644	3	"B Widéns Jönköping"	UTL644	MG			ANTO87
UTL644B							30	"2026-05-13 12:56:19"							UTL644	4		UTL644	MG			ANTO87
UTL644B							30	"2026-05-07 14:18:30"							UTL644	5		UTL644	MG			MUNC85
UTL644B							30	"2025-08-26 06:50:52"							UTL644	6		UTL644	MG			MUNC85
UTL644B							30	"2025-08-26 06:50:52"							UTL644	7		UTL644	MG			MUNC85
UTL644C							30	"2025-08-26 06:50:52"							UTL644	6		UTL644	MG			MUNC85
UTL644C							30	"2025-08-26 06:50:52"							UTL644	7		UTL644	MG			MUNC85
UTL645A							30	"2026-05-12 06:44:44"							UTL645	1		UTL645	MG			ANTO87
UTL645A				192267			30	"2026-05-12 07:39:26"					"Färgservice i Linköping AB"		UTL645	2		UTL645	MG			ANTO87
UTL645A							30	"2026-05-07 06:25:37"							UTL645	3		UTL645	MG			ANTO87
UTL645A							30	"2026-05-08 06:08:14"							UTL645	4		UTL645	MG			ANTO87
UTL645A							30	"2026-05-11 06:36:49"							UTL645	5		UTL645	MG			ANTO87
UTL645A							30	"2025-08-26 06:50:52"							UTL645	6		UTL645	MG			MUNC85
UTL645A							30	"2025-08-26 06:50:52"							UTL645	7		UTL645	MG			MUNC85
UTL645B							30	"2026-05-12 06:44:44"							UTL645	1		UTL645	MG			ANTO87
UTL645B							30	"2026-05-06 12:54:38"							UTL645	2		UTL645	MG			ANTO87
UTL645B				326035			30	"2026-05-13 12:56:04"					"Klintebergs Färg & Golv AB"		UTL645	3	"B Widéns Jönköping"	UTL645	MG			ANTO87
UTL645B							30	"2026-05-13 12:56:19"							UTL645	4		UTL645	MG			ANTO87
UTL645B							30	"2026-05-07 14:18:30"							UTL645	5		UTL645	MG			ANTO87
UTL645B							30	"2025-08-26 06:50:52"							UTL645	6		UTL645	MG			MUNC85
UTL645B							30	"2025-08-26 06:50:52"							UTL645	7		UTL645	MG			MUNC85
UTL646A							30	"2026-05-12 06:44:44"							UTL646	1		UTL646	MG			ANTO87
UTL646A				133343			30	"2026-05-12 07:39:26"					"Mal proff  Norrköping"		UTL646	2		UTL646	MG			ANTO87
UTL646A							30	"2026-05-07 06:25:37"							UTL646	3		UTL646	MG			ANTO87
UTL646A							30	"2026-05-08 06:08:15"							UTL646	4		UTL646	MG			ANTO87
UTL646A							30	"2026-05-11 06:36:49"							UTL646	5		UTL646	MG			ANTO87
UTL646A							30	"2025-08-26 06:50:52"							UTL646	6		UTL646	MG			MUNC85
UTL646A							30	"2025-08-26 06:50:52"							UTL646	7		UTL646	MG			MUNC85
UTL646B							30	"2026-05-12 06:44:44"							UTL646	1		UTL646	MG			ANTO87
UTL646B							30	"2026-05-06 12:54:38"							UTL646	2		UTL646	MG			ANTO87
UTL646B				482			30	"2026-05-13 12:56:04"					"Hantverkarhuset Jönköping"		UTL646	3	"B Widéns Jönköping"	UTL646	MG			ANTO87
UTL646B							30	"2026-05-13 12:56:19"							UTL646	4		UTL646	MG			ANTO87
UTL646B							30	"2026-05-07 14:18:30"							UTL646	5		UTL646	MG			ANTO87
UTL646B							30	"2025-08-26 06:50:52"							UTL646	6		UTL646	MG			MUNC85
UTL646B							30	"2025-08-26 06:50:52"							UTL646	7		UTL646	MG			
UTL647A							30	"2026-05-12 06:44:44"							UTL647	1		UTL647	MG			ANTO87
UTL647A				133343			30	"2026-05-12 07:39:26"					"Mal proff  Norrköping"		UTL647	2		UTL647	MG			ANTO87
UTL647A							30	"2026-05-07 06:25:37"							UTL647	3		UTL647	MG			ANTO87
UTL647A							30	"2026-05-08 06:08:15"							UTL647	4		UTL647	MG			ANTO87
UTL647A							30	"2026-05-11 06:36:49"							UTL647	5		UTL647	MG			ANTO87
UTL647A							30	"2025-08-26 06:50:52"							UTL647	6		UTL647	MG			MUNC85
UTL647A							30	"2025-08-26 06:50:52"							UTL647	7		UTL647	MG			MUNC85
UTL647B							30	"2026-05-12 06:44:44"							UTL647	1		UTL647	MG			ANTO87
UTL647B							30	"2026-05-06 12:54:38"							UTL647	2		UTL647	MG			ANTO87
UTL647B				192140			30	"2026-05-13 12:56:04"					"Målarboden Allt i färg i Lidköping AB"		UTL647	3	"B Widéns Jönköping"	UTL647	MG			ANTO87
UTL647B							30	"2026-05-13 12:56:19"							UTL647	4		UTL647	MG			ANTO87
UTL647B							30	"2026-05-07 14:18:30"							UTL647	5		UTL647	MG			ANTO87
UTL647B							30	"2025-08-26 06:50:52"							UTL647	6		UTL647	MG			MUNC85
UTL647B							30	"2025-08-26 06:50:52"							UTL647	7		UTL647	MG			
UTL648A							30	"2026-05-12 06:44:44"							UTL648	1		UTL648	MG			ANTO87
UTL648A				133343			30	"2026-05-12 07:39:26"					"Mal proff  Norrköping"		UTL648	2		UTL648	MG			ANTO87
UTL648A							30	"2026-05-07 06:25:37"							UTL648	3		UTL648	MG			ANTO87
UTL648A							30	"2026-05-08 06:08:15"							UTL648	4		UTL648	MG			ANTO87
UTL648A							30	"2026-05-11 06:36:49"							UTL648	5		UTL648	MG			ANTO87
UTL648A							30	"2025-08-26 06:50:52"							UTL648	6		UTL648	MG			MUNC85
UTL648A							30	"2025-08-26 06:50:52"							UTL648	7		UTL648	MG			MUNC85
UTL648B							30	"2026-05-12 06:44:44"							UTL648	1		UTL648	MG			ANTO87
UTL648B							30	"2026-05-06 12:54:38"							UTL648	2		UTL648	MG			ANTO87
UTL648B							30	"2026-05-06 13:12:07"							UTL648	3		UTL648	MG			ANTO87
UTL648B							30	"2026-05-06 14:43:09"							UTL648	4		UTL648	MG			ANTO87
UTL648B							30	"2026-05-07 14:18:30"							UTL648	5		UTL648	MG			ANTO87
UTL648B							30	"2025-08-26 06:50:52"							UTL648	6		UTL648	MG			MUNC85
UTL648B							30	"2025-08-26 06:50:52"							UTL648	7		UTL648	MG			
UTL649A							30	"2026-05-12 06:44:44"							UTL649	1		UTL649	MG			ANTO87
UTL649A				484429			30	"2026-05-12 07:39:26"					"Colorama Motala"		UTL649	2		UTL649	MG			ANTO87
UTL649A							30	"2026-05-07 06:25:37"							UTL649	3		UTL649	MG			ANTO87
UTL649A							30	"2026-05-08 06:08:15"							UTL649	4		UTL649	MG			ANTO87
UTL649A							30	"2026-05-11 06:36:49"							UTL649	5		UTL649	MG			ANTO87
UTL649A							30	"2025-08-26 06:50:52"							UTL649	6		UTL649	MG			MUNC85
UTL649A							30	"2025-08-26 06:50:52"							UTL649	7		UTL649	MG			FRED10
UTL649B							30	"2026-05-12 06:44:44"							UTL649	1		UTL649	MG			ANTO87
UTL649B							30	"2026-05-06 12:54:38"							UTL649	2		UTL649	MG			ANTO87
UTL649B							30	"2026-05-06 13:12:07"							UTL649	3		UTL649	MG			ANTO87
UTL649B							30	"2026-05-06 14:43:09"							UTL649	4		UTL649	MG			ANTO87
UTL649B							30	"2026-05-07 14:18:31"							UTL649	5		UTL649	MG			ANTO87
UTL649B							30	"2025-08-26 06:50:52"							UTL649	6		UTL649	MG			MUNC85
UTL649B							30	"2025-08-26 06:50:52"							UTL649	7		UTL649	MG			
UTL64A							30	"2026-03-10 20:04:43"							UTL64A	1		UTL64	GG			SEBA80
UTL64A							30	"2026-03-09 08:13:42"							UTL64A	2		UTL64	GG			FILI10
UTL64A							30	"2026-03-09 08:13:42"							UTL64A	3		UTL64	GG			FILI10
UTL64A							30	"2026-03-10 20:04:43"							UTL64A	4		UTL64	GG			FILI10
UTL64A							30	"2026-03-10 20:04:43"							UTL64	5		UTL64	GG			FILI10
UTL64A							30	"2026-03-10 20:04:43"							UTL64	6		UTL64	GG			MUNC85
UTL64A							30	"2026-03-10 20:04:43"							UTL64	7		UTL64	GG			
UTL64B							30	"2026-03-10 20:04:43"							UTL64	1		UTL64	GG			FILI10
UTL64B							30	"2026-03-09 08:13:42"							UTL64	2		UTL64	GG			FILI10
UTL64B							30	"2026-03-09 08:13:42"							UTL64	3		UTL64	GG			FILI10
UTL64B							30	"2026-03-10 20:04:43"							UTL64	4		UTL64	GG			FILI10
UTL64B							30	"2026-03-10 20:04:44"							UTL64	5		UTL64	GG			FILI10
UTL64B							30	"2026-03-10 20:04:44"							UTL64	6		UTL64	GG			
UTL64B							30	"2026-03-10 20:04:44"							UTL64	7		UTL64	GG			
UTL650A							30	"2026-05-12 06:44:44"							UTL650	1		UTL650	MG			ANTO87
UTL650A				484429			30	"2026-05-12 07:39:26"					"Colorama Motala"		UTL650	2		UTL650	MG			ANTO87
UTL650A							30	"2026-05-07 06:25:37"							UTL650	3		UTL650	MG			ANTO87
UTL650A							30	"2026-05-08 06:08:15"							UTL650	4		UTL650	MG			ANTO87
UTL650A							30	"2026-05-11 06:36:49"							UTL650	5		UTL650	MG			ANTO87
UTL650A							30	"2025-08-26 06:50:52"							UTL650	6		UTL650	MG			MUNC85
UTL650A							30	"2025-08-26 06:50:52"							UTL650	7		UTL650	MG			
UTL650B							30	"2026-05-12 06:44:44"							UTL650	1		UTL650	MG			ANTO87
UTL650B							30	"2026-05-06 12:54:38"							UTL650	2		UTL650	MG			ANTO87
UTL650B							30	"2026-05-06 13:12:07"							UTL650	3		UTL650	MG			ANTO87
UTL650B							30	"2026-05-06 14:43:09"							UTL650	4		UTL650	MG			ANTO87
UTL650B							30	"2026-05-07 14:18:31"							UTL650	5		UTL650	MG			ANTO87
UTL650B							30	"2025-08-26 06:50:52"							UTL650	6		UTL650	MG			MUNC85
UTL650B							30	"2025-08-26 06:50:52"							UTL650	7		UTL650	MG			
UTL651A							30	"2026-05-12 06:44:44"							UTL651	1		UTL651	MG			ANTO87
UTL651A				146			30	"2026-05-12 07:39:26"					"Allert Järn & Bygg AB"		UTL651	2		UTL651	MG			ANTO87
UTL651A							30	"2026-05-07 06:25:37"							UTL651	3		UTL651	MG			ANTO87
UTL651A							30	"2026-05-08 06:08:15"							UTL651	4		UTL651	MG			ANTO87
UTL651A							30	"2026-05-07 14:18:31"							UTL651	5		UTL651	MG			ANTO87
UTL651A							30	"2025-08-26 06:50:52"							UTL651	6		UTL651	MG			MUNC85
UTL651A							30	"2025-08-26 06:50:52"							UTL651	7		UTL651	MG			
UTL651B							30	"2026-05-12 06:44:45"							UTL651	1		UTL651	MG			ANTO87
UTL651B							30	"2026-05-06 12:54:38"							UTL651	2		UTL651	MG			ANTO87
UTL651B							30	"2026-05-06 13:12:07"							UTL651	3		UTL651	MG			ANTO87
UTL651B							30	"2026-05-06 14:43:09"							UTL651	4		UTL651	MG			ANTO87
UTL651B							30	"2026-05-07 14:18:31"							UTL651	5		UTL651	MG			ANTO87
UTL651B							30	"2025-08-26 06:50:52"							UTL651	6		UTL651	MG			
UTL651B							30	"2025-08-26 06:50:52"							UTL651	7		UTL651	MG			
UTL652A							30	"2026-05-12 06:44:45"							UTL652	1		UTL652	MG			ANTO87
UTL652A				146			30	"2026-05-12 07:39:26"					"Allert Järn & Bygg AB"		UTL652	2		UTL652	MG			ANTO87
UTL652A							30	"2026-04-23 06:42:45"							UTL652	3		UTL652	MG			ANTO87
UTL652A							30	"2026-05-08 06:08:15"							UTL652	4		UTL652	MG			ANTO87
UTL652A							30	"2026-05-07 14:18:31"							UTL652	5		UTL652	MG			ANTO87
UTL652A							30	"2025-08-26 06:50:52"							UTL652	6		UTL652	MG			MUNC85
UTL652A							30	"2025-08-26 06:50:52"							UTL652	7		UTL652	MG			
UTL652B							30	"2026-05-12 06:44:45"							UTL652	1		UTL652	MG			ANTO87
UTL652B							30	"2026-05-05 12:55:12"							UTL652	2		UTL652	MG			ANTO87
UTL652B							30	"2026-05-06 13:12:07"							UTL652	3		UTL652	MG			ANTO87
UTL652B							30	"2026-05-06 14:43:09"							UTL652	4		UTL652	MG			ANTO87
UTL652B							30	"2026-05-07 14:18:31"							UTL652	5		UTL652	MG			ANTO87
UTL652B							30	"2025-08-26 06:50:52"							UTL652	6		UTL652	MG			
UTL652B							30	"2025-08-26 06:50:52"							UTL652	7		UTL652	MG			
UTL65A							30	"2026-03-10 20:04:44"							UTL65	1		UTL65	GG			FILI10
UTL65A							30	"2026-03-09 08:13:42"							UTL65	2		UTL65	GG			FILI10
UTL65A							30	"2026-03-09 08:13:42"							UTL65	3		UTL65	GG			FILI10
UTL65A							30	"2026-03-10 20:04:44"							UTL65	4		UTL65	GG			FILI10
UTL65A							30	"2026-03-10 20:04:44"							UTL65	5		UTL65	GG			FILI10
UTL65A							30	"2026-03-10 20:04:44"							UTL65	6		UTL65	GG			
UTL65A							30	"2026-03-10 20:04:44"							UTL65	7		UTL65	GG			
UTL65B							30	"2026-03-10 20:04:44"							UTL65	1		UTL65	GG			FILI10
UTL65B							30	"2026-03-09 08:13:42"							UTL65	2		UTL65	GG			FILI10
UTL65B							30	"2026-03-09 08:13:42"							UTL65	3		UTL65	GG			FILI10
UTL65B							30	"2026-03-10 20:04:44"							UTL65	4		UTL65	GG			FILI10
UTL65B							30	"2026-03-10 20:04:44"							UTL65	5		UTL65	GG			FILI10
UTL65B							30	"2026-03-10 20:04:44"							UTL65	6		UTL65	GG			
UTL65B							30	"2026-03-10 20:04:44"							UTL65	7		UTL65	GG			
UTL66A							30	"2026-03-10 20:04:44"							UTL66	1		UTL66	GG			FILI10
UTL66A							30	"2026-03-09 08:13:42"							UTL66	2		UTL66	GG			FILI10
UTL66A							30	"2026-03-09 08:13:42"							UTL66	3		UTL66	GG			FILI10
UTL66A							30	"2026-03-10 20:04:44"							UTL66	4		UTL66	GG			FILI10
UTL66A							30	"2026-03-10 20:04:44"							UTL66	5		UTL66	GG			FILI10
UTL66A							30	"2026-03-10 20:04:44"							UTL66	6		UTL66	GG			
UTL66A							30	"2026-03-10 20:04:44"							UTL66	7		UTL66	GG			
UTL66B							30	"2026-03-10 20:04:44"							UTL66	1		UTL66	GG			FILI10
UTL66B							30	"2026-03-09 08:13:43"							UTL66	2		UTL66	GG			FILI10
UTL66B							30	"2026-03-09 08:13:43"							UTL66	3		UTL66	GG			FILI10
UTL66B							30	"2026-03-10 20:04:44"							UTL66	4		UTL66	GG			FILI10
UTL66B							30	"2026-03-10 20:04:44"							UTL66	5		UTL66	GG			FILI10
UTL66B							30	"2026-03-10 20:04:45"							UTL66	6		UTL66	GG			
UTL66B							30	"2026-03-10 20:04:45"							UTL66	7		UTL66	GG			
UTL67A							30	"2026-03-10 20:04:45"							UTL67	1		UTL67	GG			FILI10
UTL67A							30	"2026-03-09 08:13:43"							UTL67	2		UTL67	GG			FILI10
UTL67A							30	"2026-03-09 08:13:43"							UTL67	3		UTL67	GG			FILI10
UTL67A							30	"2026-03-10 20:04:45"							UTL67	4		UTL67	GG			FILI10
UTL67A							30	"2026-03-10 20:04:45"							UTL67	5		UTL67	GG			FILI10
UTL67A							30	"2026-03-10 20:04:45"							UTL67	6		UTL67	GG			
UTL67A							30	"2026-03-10 20:04:45"							UTL67	7		UTL67	GG			
UTL67B							30	"2026-03-10 20:04:45"							UTL67	1		UTL67	GG			FILI10
UTL67B							30	"2026-03-09 08:13:43"							UTL67	2		UTL67	GG			FILI10
UTL67B							30	"2026-03-09 08:13:43"							UTL67	3		UTL67	GG			FILI10
UTL67B							30	"2026-03-10 20:04:45"							UTL67	4		UTL67	GG			FILI10
UTL67B							30	"2026-03-10 20:04:45"							UTL67	5		UTL67	GG			FILI10
UTL67B							30	"2026-03-10 20:04:45"							UTL67	6		UTL67	GG			
UTL67B							30	"2026-03-10 20:04:45"							UTL67	7		UTL67	GG			
UTL68A							30	"2026-03-10 20:04:45"							UTL68	1		UTL68	GG			FILI10
UTL68A							30	"2026-03-09 08:13:43"							UTL68	2		UTL68	GG			FILI10
UTL68A							30	"2026-03-09 08:13:44"							UTL68	3		UTL68	GG			FILI10
UTL68A							30	"2026-03-10 20:04:45"							UTL68	4		UTL68	GG			FILI10
UTL68A							30	"2026-03-10 20:04:45"							UTL68	5		UTL68	GG			FILI10
UTL68A							30	"2026-03-10 20:04:45"							UTL68	6		UTL68	GG			
UTL68A							30	"2026-03-10 20:04:45"							UTL68	7		UTL68	GG			
UTL68B							30	"2026-03-10 20:04:45"							UTL68	1		UTL68	GG			FILI10
UTL68B							30	"2026-03-09 08:13:44"							UTL68	2		UTL68	GG			FILI10
UTL68B							30	"2026-03-09 08:13:44"							UTL68	3		UTL68	GG			FILI10
UTL68B							30	"2026-03-10 20:04:45"							UTL68	4		UTL68	GG			FILI10
UTL68B							30	"2026-03-10 20:04:45"							UTL68	5		UTL68	GG			FILI10
UTL68B							30	"2026-03-10 20:04:45"							UTL68	6		UTL68	GG			
UTL68B							30	"2026-03-10 20:04:45"							UTL68	7		UTL68	GG			
UTL69A							30	"2026-03-10 20:04:46"							UTL69	1		UTL69	GG			FILI10
UTL69A							30	"2026-03-09 08:13:44"							UTL69	2		UTL69	GG			FILI10
UTL69A							30	"2026-03-09 08:13:44"							UTL69	3		UTL69	GG			FILI10
UTL69A							30	"2026-03-10 20:04:46"							UTL69	4		UTL69	GG			FILI10
UTL69A							30	"2026-03-10 20:04:46"							UTL69	5		UTL69	GG			FILI10
UTL69A							30	"2026-03-10 20:04:46"							UTL69	6		UTL69	GG			
UTL69A							30	"2026-03-10 20:04:46"							UTL69	7		UTL69	GG			
UTL69B							30	"2026-03-10 20:04:46"							UTL69	1		UTL69	GG			FILI10
UTL69B							30	"2026-03-09 08:13:44"							UTL69	2		UTL69	GG			FILI10
UTL69B							30	"2026-03-09 08:13:44"							UTL69	3		UTL69	GG			FILI10
UTL69B							30	"2026-03-10 20:04:46"							UTL69	4		UTL69	GG			FILI10
UTL69B							30	"2026-03-10 20:04:46"							UTL69	5		UTL69	GG			FILI10
UTL69B							30	"2026-03-10 20:04:46"							UTL69	6		UTL69	GG			
UTL69B							30	"2026-03-10 20:04:46"							UTL69	7		UTL69	GG			
UTL70A							30	"2025-05-30 10:29:45"							UTL70	1		UTL70	GG			OSCA45
UTL70A							30	"2025-05-30 10:29:57"							UTL70	2		UTL70	GG			OSCA45
UTL70A							30	"2025-02-24 07:18:00"							UTL70	3		UTL70	GG			
UTL70A							30	"2025-02-24 07:18:00"							UTL70	4		UTL70	GG			
UTL70A							30	"2025-02-24 07:18:00"							UTL70	5		UTL70	GG			
UTL70A							30	"2025-03-05 15:37:06"							UTL70	6		UTL70	GG			
UTL70A							30	"2025-02-24 07:18:00"							UTL70	7		UTL70	GG			
UTL70B							30	"2025-05-30 10:29:45"							UTL70	1		UTL70	GG			OSCA45
UTL70B							30	"2025-05-30 10:29:57"							UTL70	2		UTL70	GG			
UTL70B							30	"2025-02-24 07:18:00"							UTL70	3		UTL70	GG			
UTL70B							30	"2025-02-24 07:18:00"							UTL70	4		UTL70	GG			
UTL70B							30	"2025-02-24 07:18:00"							UTL70	5		UTL70	GG			
UTL70B							30	"2025-02-24 07:18:00"							UTL70	6		UTL70	GG			
UTL70B							30	"2025-02-24 07:18:00"							UTL70	7		UTL70	GG			
UTL71A							30	"2025-05-30 10:29:45"							UTL71	1		UTL71	GG			OSCA45
UTL71A							30	"2025-05-30 10:29:57"							UTL71	2		UTL71	GG			OSCA45
UTL71A							30	"2025-02-24 07:18:00"							UTL71	3		UTL71	GG			
UTL71A							30	"2025-02-24 07:18:00"							UTL71	4		UTL71	GG			
UTL71A							30	"2025-02-24 07:18:00"							UTL71	5		UTL71	GG			
UTL71A							30	"2025-03-05 15:37:06"							UTL71	6		UTL71	GG			
UTL71A							30	"2025-02-24 07:18:00"							UTL71	7		UTL71	GG			
UTL71B							30	"2025-05-30 10:29:45"							UTL71	1		UTL71	GG			OSCA45
UTL71B							30	"2025-05-30 10:29:57"							UTL71	2		UTL71	GG			OSCA45
UTL71B							30	"2025-02-24 07:18:00"							UTL71	3		UTL71	GG			
UTL71B							30	"2025-02-24 07:18:00"							UTL71	4		UTL71	GG			
UTL71B							30	"2025-02-24 07:18:00"							UTL71	5		UTL71	GG			
UTL71B							30	"2025-02-24 07:18:00"							UTL71	6		UTL71	GG			
UTL71B							30	"2025-02-24 07:18:00"							UTL71	7		UTL71	GG			
UTL72A							30	"2025-05-30 10:29:45"							UTL72	1		UTL72	GG			OSCA45
UTL72A							30	"2025-05-30 10:29:57"							UTL72	2		UTL72	GG			OSCA45
UTL72A							30	"2025-02-24 07:18:00"							UTL72	3		UTL72	GG			
UTL72A							30	"2025-02-24 07:18:00"							UTL72	4		UTL72	GG			
UTL72A							30	"2025-02-24 07:18:00"							UTL72	5		UTL72	GG			
UTL72A							30	"2025-03-05 15:37:06"							UTL72	6		UTL72	GG			
UTL72A							30	"2025-02-24 07:18:00"							UTL72	7		UTL72	GG			
UTL72B							30	"2025-05-30 10:29:45"							UTL72	1		UTL72	GG			OSCA45
UTL72B							30	"2025-05-30 10:29:57"							UTL72	2		UTL72	GG			OSCA45
UTL72B							30	"2025-02-24 07:18:00"							UTL72	3		UTL72	GG			
UTL72B							30	"2025-02-24 07:18:00"							UTL72	4		UTL72	GG			
UTL72B							30	"2025-02-24 07:18:00"							UTL72	5		UTL72	GG			
UTL72B							30	"2025-02-24 07:18:00"							UTL72	6		UTL72	GG			
UTL72B							30	"2025-02-24 07:18:00"							UTL72	7		UTL72	GG			
UTL73A							30	"2025-05-30 10:29:45"							UTL73	1		UTL73	GG			OSCA45
UTL73A							30	"2025-05-30 10:29:57"							UTL73	2		UTL73	GG			OSCA45
UTL73A							30	"2025-02-24 07:18:00"							UTL73	3		UTL73	GG			
UTL73A							30	"2025-02-24 07:18:00"							UTL73	4		UTL73	GG			
UTL73A							30	"2025-02-24 07:18:00"							UTL73	5		UTL73	GG			
UTL73A							30	"2025-03-05 15:37:06"							UTL73	6		UTL73	GG			
UTL73A							30	"2025-02-24 07:18:00"							UTL73	7		UTL73	GG			
UTL73B							30	"2025-05-30 10:29:45"							UTL73	1		UTL73	GG			OSCA45
UTL73B							30	"2025-05-30 10:29:57"							UTL73	2		UTL73	GG			OSCA45
UTL73B							30	"2025-02-24 07:18:00"							UTL73	3		UTL73	GG			
UTL73B							30	"2025-02-24 07:18:00"							UTL73	4		UTL73	GG			
UTL73B							30	"2025-02-24 07:18:00"							UTL73	5		UTL73	GG			
UTL73B							30	"2025-02-24 07:18:00"							UTL73	6		UTL73	GG			
UTL73B							30	"2025-02-24 07:18:00"							UTL73	7		UTL73	GG			
UTL74A							30	"2025-05-30 10:29:45"							UTL74	1		UTL74	GG			OSCA45
UTL74A							30	"2025-05-30 10:29:57"							UTL74	2		UTL74	GG			OSCA45
UTL74A							30	"2025-02-24 07:18:00"							UTL74	3		UTL74	GG			
UTL74A							30	"2025-02-24 07:18:00"							UTL74	4		UTL74	GG			
UTL74A							30	"2025-02-24 07:18:00"							UTL74	5		UTL74	GG			
UTL74A							30	"2025-03-05 15:37:06"							UTL74	6		UTL74	GG			
UTL74A							30	"2025-02-24 07:18:00"							UTL74	7		UTL74	GG			
UTL74B							30	"2025-05-30 10:29:45"							UTL74	1		UTL74	GG			OSCA45
UTL74B							30	"2025-05-30 10:29:57"							UTL74	2		UTL74	GG			OSCA45
UTL74B							30	"2025-02-24 07:18:00"							UTL74	3		UTL74	GG			
UTL74B							30	"2025-02-24 07:18:00"							UTL74	4		UTL74	GG			
UTL74B							30	"2025-02-24 07:18:00"							UTL74	5		UTL74	GG			
UTL74B							30	"2025-02-24 07:18:00"							UTL74	6		UTL74	GG			
UTL74B							30	"2025-02-24 07:18:00"							UTL74	7		UTL74	GG			
UTL75A							30	"2025-05-30 10:29:45"							UTL75	1		UTL75	GG			OSCA45
UTL75A							30	"2025-05-30 10:29:57"							UTL75	2		UTL75	GG			OSCA45
UTL75A							30	"2025-02-24 07:18:00"							UTL75	3		UTL75	GG			
UTL75A							30	"2025-02-24 07:18:00"							UTL75	4		UTL75	GG			
UTL75A							30	"2025-02-24 07:18:00"							UTL75	5		UTL75	GG			
UTL75A							30	"2025-03-05 15:37:06"							UTL75	6		UTL75	GG			
UTL75A							30	"2025-02-24 07:18:00"							UTL75	7		UTL75	GG			
UTL75B							30	"2025-05-30 10:29:45"							UTL75	1		UTL75	GG			OSCA45
UTL75B							30	"2025-05-30 10:29:57"							UTL75	2		UTL75	GG			OSCA45
UTL75B							30	"2025-02-24 07:18:00"							UTL75	3		UTL75	GG			
UTL75B							30	"2025-02-24 07:18:00"							UTL75	4		UTL75	GG			
UTL75B							30	"2025-02-24 07:18:00"							UTL75	5		UTL75	GG			
UTL75B							30	"2025-02-24 07:18:00"							UTL75	6		UTL75	GG			
UTL75B							30	"2025-02-24 07:18:00"							UTL75	7		UTL75	GG			
UTL76A							30	"2025-05-30 10:29:45"							UTL76	1		UTL76	GG			OSCA45
UTL76A							30	"2025-05-30 10:29:57"							UTL76	2		UTL76	GG			
UTL76A							30	"2025-02-24 07:18:00"							UTL76	3		UTL76	GG			
UTL76A							30	"2025-02-24 07:18:00"							UTL76	4		UTL76	GG			
UTL76A							30	"2025-02-24 07:18:00"							UTL76	5		UTL76	GG			
UTL76A							30	"2025-03-05 15:37:06"							UTL76	6		UTL76	GG			
UTL76A							30	"2025-02-24 07:18:00"							UTL76	7		UTL76	GG			
UTL76B							30	"2025-05-30 10:29:45"							UTL76	1		UTL76	GG			OSCA45
UTL76B							30	"2025-05-30 10:29:57"							UTL76	2		UTL76	GG			
UTL76B							30	"2025-02-24 07:18:00"							UTL76	3		UTL76	GG			
UTL76B							30	"2025-02-24 07:18:00"							UTL76	4		UTL76	GG			
UTL76B							30	"2025-02-24 07:18:00"							UTL76	5		UTL76	GG			
UTL76B							30	"2025-02-24 07:18:00"							UTL76	6		UTL76	GG			
UTL76B							30	"2025-02-24 07:18:00"							UTL76	7		UTL76	GG			
UTL77A							30	"2025-05-30 10:29:45"							UTL77	1		UTL77	GG			OSCA45
UTL77A							30	"2025-05-30 10:29:57"							UTL77	2		UTL77	GG			OSCA45
UTL77A							30	"2025-02-24 07:18:00"							UTL77	3		UTL77	GG			
UTL77A							30	"2025-02-24 07:18:00"							UTL77	4		UTL77	GG			
UTL77A							30	"2025-02-24 07:18:00"							UTL77	5		UTL77	GG			
UTL77A							30	"2025-03-05 15:37:06"							UTL77	6		UTL77	GG			
UTL77A							30	"2025-02-24 07:18:00"							UTL77	7		UTL77	GG			
UTL77B							30	"2025-05-30 10:29:45"							UTL77	1		UTL77	GG			OSCA45
UTL77B							30	"2025-05-30 10:29:57"							UTL77	2		UTL77	GG			OSCA45
UTL77B							30	"2025-02-24 07:18:00"							UTL77	3		UTL77	GG			
UTL77B							30	"2025-02-24 07:18:00"							UTL77	4		UTL77	GG			
UTL77B							30	"2025-02-24 07:18:00"							UTL77	5		UTL77	GG			
UTL77B							30	"2025-02-24 07:18:00"							UTL77	6		UTL77	GG			
UTL77B							30	"2025-02-24 07:18:00"							UTL77	7		UTL77	GG			
UTL78A							30	"2025-05-30 10:29:45"							UTL78	1		UTL78	GG			OSCA45
UTL78A							30	"2025-05-30 10:29:57"							UTL78	2		UTL78	GG			OSCA45
UTL78A							30	"2025-02-24 07:18:00"							UTL78	3		UTL78	GG			
UTL78A							30	"2025-02-24 07:18:00"							UTL78	4		UTL78	GG			
UTL78A							30	"2025-02-24 07:18:00"							UTL78	5		UTL78	GG			
UTL78A							30	"2025-03-05 15:37:06"							UTL78	6		UTL78	GG			
UTL78A							30	"2025-02-24 07:18:00"							UTL78	7		UTL78	GG			
UTL78B							30	"2025-05-30 10:29:45"							UTL78	1		UTL78	GG			OSCA45
UTL78B							30	"2025-05-30 10:29:57"							UTL78	2		UTL78	GG			OSCA45
UTL78B							30	"2025-02-24 07:18:00"							UTL78	3		UTL78	GG			
UTL78B							30	"2025-02-24 07:18:00"							UTL78	4		UTL78	GG			
UTL78B							30	"2025-02-24 07:18:00"							UTL78	5		UTL78	GG			
UTL78B							30	"2025-02-24 07:18:00"							UTL78	6		UTL78	GG			
UTL78B							30	"2025-02-24 07:18:00"							UTL78	7		UTL78	GG			
UTL79A							30	"2025-05-30 10:29:45"							UTL79	1		UTL79	GG			OSCA45
UTL79A							30	"2025-05-30 10:29:57"							UTL79	2		UTL79	GG			OSCA45
UTL79A							30	"2025-02-24 07:18:00"							UTL79	3		UTL79	GG			
UTL79A							30	"2025-02-24 07:18:00"							UTL79	4		UTL79	GG			
UTL79A							30	"2025-02-24 07:18:00"							UTL79	5		UTL79	GG			
UTL79A							30	"2025-03-05 15:37:06"							UTL79	6		UTL79	GG			
UTL79A							30	"2025-02-24 07:18:00"							UTL79	7		UTL79	GG			
UTL79B							30	"2025-05-30 10:29:45"							UTL79	1		UTL79	GG			OSCA45
UTL79B							30	"2025-05-30 10:29:57"							UTL79	2		UTL79	GG			OSCA45
UTL79B							30	"2025-02-24 07:18:00"							UTL79	3		UTL79	GG			
UTL79B							30	"2025-02-24 07:18:00"							UTL79	4		UTL79	GG			
UTL79B							30	"2025-02-24 07:18:00"							UTL79	5		UTL79	GG			
UTL79B							30	"2025-02-24 07:18:00"							UTL79	6		UTL79	GG			
UTL79B							30	"2025-02-24 07:18:00"							UTL79	7		UTL79	GG			
UTL80							30	"2025-05-30 10:29:57"							UTL8	2		UTL80	GG			
UTL80							30	"2025-02-24 12:41:00"							UTL8	3		UTL80	GG			
UTL80							30	"2025-02-24 12:42:00"							UTL8	4		UTL80	GG			
UTL80							30	"2025-02-24 12:42:00"							UTL8	5		UTL80	GG			
UTL80A							30	"2025-05-30 10:29:45"							UTL80A	1		UTL80	GG			OSCA45
UTL80A							30	"2025-05-30 10:29:57"							UTL80A	2		UTL80	GG			OSCA45
UTL80A							30	"2025-03-13 10:08:00"							UTL80A	3		UTL80	GG			OSCA45
UTL80A							30	"2025-03-13 10:08:00"							UTL80A	4		UTL80	GG			OSCA45
UTL80A							30	"2026-02-06 15:57:13"							UTL80A	5		UTL80	GG			OSCA45
UTL80A							30	"2025-03-13 10:08:00"							UTL80A	6		UTL80	GG			OSCA45
UTL80A							30	"2025-03-13 10:08:00"							UTL80A	7		UTL80	GG			OSCA45
UTL80B							30	"2025-05-30 10:29:45"							UTL80B	1		UTL80	GG			OSCA45
UTL80B							30	"2025-05-30 10:29:57"							UTL80B	2		UTL80	GG			OSCA45
UTL80B							30	"2025-03-13 10:08:00"							UTL80B	3		UTL80	GG			OSCA45
UTL80B							30	"2025-03-13 10:08:00"							UTL80B	4		UTL80	GG			OSCA45
UTL80B							30	"2026-02-06 15:57:13"							UTL80B	5		UTL80	GG			OSCA45
UTL80B							30	"2025-03-13 10:08:00"							UTL80B	6		UTL80	GG			OSCA45
UTL80B							30	"2025-03-13 10:08:00"							UTL80B	7		UTL80	GG			OSCA45
UTL81							30	"2025-05-30 10:29:57"							UTL8	2		UTL81	GG			
UTL81							30	"2025-02-24 12:45:00"							UTL8	3		UTL81	GG			
UTL81							30	"2025-02-24 12:45:00"							UTL8	4		UTL81	GG			
UTL81							30	"2025-02-24 12:46:00"							UTL8	5		UTL81	GG			
UTL81							30	"2025-02-27 09:36:50"							UTL81	6		UTL81	GG			
UTL81							30	"2025-02-27 09:36:50"							UTL81	7		UTL81	GG			
UTL81A							30	"2025-05-30 10:29:45"							UTL81A	1		UTL81	GG			OSCA45
UTL81A							30	"2025-05-30 10:29:57"							UTL81A	2		UTL81	GG			OSCA45
UTL81A							30	"2025-03-13 10:08:00"							UTL81A	3		UTL81	GG			OSCA45
UTL81A							30	"2025-03-13 10:08:00"							UTL81A	4		UTL81	GG			OSCA45
UTL81A							30	"2026-02-06 15:57:13"							UTL81A	5		UTL81	GG			OSCA45
UTL81A							30	"2025-03-13 10:08:00"							UTL81A	6		UTL81	GG			OSCA45
UTL81A							30	"2025-03-13 10:08:00"							UTL81A	7		UTL81	GG			OSCA45
UTL81B							30	"2025-05-30 10:29:45"							UTL81B	1		UTL81	GG			OSCA45
UTL81B							30	"2025-05-30 10:29:57"							UTL81B	2		UTL81	GG			OSCA45
UTL81B							30	"2025-03-13 10:08:00"							UTL81B	3		UTL81	GG			OSCA45
UTL81B							30	"2025-03-13 10:08:00"							UTL81B	4		UTL81	GG			OSCA45
UTL81B							30	"2026-02-06 15:57:13"							UTL81B	5		UTL81	GG			OSCA45
UTL81B							30	"2025-03-13 10:08:00"							UTL81B	6		UTL81	GG			OSCA45
UTL81B							30	"2025-03-13 10:08:00"							UTL81B	7		UTL81	GG			OSCA45
UTL82A							30	"2025-03-28 15:07:44"							UTL82	2		UTL82	GG			
UTL82A							30	"2025-02-24 07:18:00"							UTL82	3		UTL82	GG			
UTL82A							30	"2025-02-24 07:18:00"							UTL82	4		UTL82	GG			
UTL82A							30	"2025-02-24 07:18:00"							UTL82	5		UTL82	GG			
UTL82A							30	"2025-03-05 15:37:06"							UTL82	6		UTL82	GG			
UTL82A							30	"2025-02-24 07:18:00"							UTL82	7		UTL82	GG			
UTL82B							30	"2025-02-24 07:18:00"							UTL82	2		UTL82	GG			
UTL82B							30	"2025-02-24 07:18:00"							UTL82	3		UTL82	GG			
UTL82B							30	"2025-02-24 07:18:00"							UTL82	4		UTL82	GG			
UTL82B							30	"2025-02-24 07:18:00"							UTL82	5		UTL82	GG			
UTL82B							30	"2025-02-24 07:18:00"							UTL82	6		UTL82	GG			
UTL82B							30	"2025-02-24 07:18:00"							UTL82	7		UTL82	GG			
UTL83A							30	"2025-03-28 15:07:44"							UTL83	2		UTL83	GG			
UTL83A							30	"2025-02-24 07:18:00"							UTL83	3		UTL83	GG			
UTL83A							30	"2025-02-24 07:18:00"							UTL83	4		UTL83	GG			
UTL83A							30	"2025-02-24 07:18:00"							UTL83	5		UTL83	GG			
UTL83A							30	"2025-03-05 15:37:06"							UTL83	6		UTL83	GG			
UTL83A							30	"2025-02-24 07:18:00"							UTL83	7		UTL83	GG			
UTL83B							30	"2025-02-24 07:18:00"							UTL83	2		UTL83	GG			
UTL83B							30	"2025-02-24 07:18:00"							UTL83	3		UTL83	GG			
UTL83B							30	"2025-02-24 07:18:00"							UTL83	4		UTL83	GG			
UTL83B							30	"2025-02-24 07:18:00"							UTL83	5		UTL83	GG			
UTL83B							30	"2025-02-24 07:18:00"							UTL83	6		UTL83	GG			
UTL83B							30	"2025-02-24 07:18:00"							UTL83	7		UTL83	GG			
UTL84A							30	"2025-03-28 15:07:44"							UTL84	2		UTL84	GG			
UTL84A							30	"2025-02-24 07:18:00"							UTL84	3		UTL84	GG			
UTL84A							30	"2025-02-24 07:18:00"							UTL84	4		UTL84	GG			
UTL84A							30	"2025-02-24 07:18:00"							UTL84	5		UTL84	GG			
UTL84A							30	"2025-03-05 15:37:06"							UTL84	6		UTL84	GG			
UTL84A							30	"2025-02-24 07:18:00"							UTL84	7		UTL84	GG			
UTL84B							30	"2025-02-24 07:18:00"							UTL84	2		UTL84	GG			
UTL84B							30	"2025-02-24 07:18:00"							UTL84	3		UTL84	GG			
UTL84B							30	"2025-02-24 07:18:00"							UTL84	4		UTL84	GG			
UTL84B							30	"2025-02-24 07:18:00"							UTL84	5		UTL84	GG			
UTL84B							30	"2025-02-24 07:18:00"							UTL84	6		UTL84	GG			
UTL84B							30	"2025-02-24 07:18:00"							UTL84	7		UTL84	GG			
UTL85A							30	"2025-03-28 15:07:44"							UTL85	2		UTL85	GG			
UTL85A							30	"2025-02-24 07:18:00"							UTL85	3		UTL85	GG			
UTL85A							30	"2025-02-24 07:18:00"							UTL85	4		UTL85	GG			
UTL85A							30	"2025-02-24 07:18:00"							UTL85	5		UTL85	GG			
UTL85A							30	"2025-03-05 15:37:06"							UTL85	6		UTL85	GG			
UTL85A							30	"2025-02-24 07:18:00"							UTL85	7		UTL85	GG			
UTL85B							30	"2025-02-24 07:18:00"							UTL85	2		UTL85	GG			
UTL85B							30	"2025-02-24 07:18:00"							UTL85	3		UTL85	GG			
UTL85B							30	"2025-02-24 07:18:00"							UTL85	4		UTL85	GG			
UTL85B							30	"2025-02-24 07:18:00"							UTL85	5		UTL85	GG			
UTL85B							30	"2025-02-24 07:18:00"							UTL85	6		UTL85	GG			
UTL85B							30	"2025-02-24 07:18:00"							UTL85	7		UTL85	GG			
UTL86A							30	"2025-03-28 15:07:44"							UTL86	2		UTL86	GG			
UTL86A							30	"2025-02-24 07:18:00"							UTL86	3		UTL86	GG			
UTL86A							30	"2025-02-24 07:18:00"							UTL86	4		UTL86	GG			
UTL86A							30	"2025-02-24 07:18:00"							UTL86	5		UTL86	GG			
UTL86A							30	"2025-03-05 15:37:06"							UTL86	6		UTL86	GG			
UTL86A							30	"2025-02-24 07:18:00"							UTL86	7		UTL86	GG			
UTL86B							30	"2025-02-24 07:18:00"							UTL86	2		UTL86	GG			
UTL86B							30	"2025-02-24 07:18:00"							UTL86	3		UTL86	GG			
UTL86B							30	"2025-02-24 07:18:00"							UTL86	4		UTL86	GG			
UTL86B							30	"2025-02-24 07:18:00"							UTL86	5		UTL86	GG			
UTL86B							30	"2025-02-24 07:18:00"							UTL86	6		UTL86	GG			
UTL86B							30	"2025-02-24 07:18:00"							UTL86	7		UTL86	GG			
UTL87A							30	"2026-05-11 17:02:56"							UTL87A	1		UTL87	GG			FILI10
UTL87A				464			30	"2026-05-12 15:24:40"					"Granngården Alingsås"		UTL87A	2		UTL87	GG			FILI10
UTL87A				464			30	"2026-05-12 15:24:40"					"Granngården Alingsås"		UTL87A	3		UTL87	GG			FILI10
UTL87A							30	"2026-05-11 17:02:56"							UTL87A	4		UTL87	GG			FILI10
UTL87A							30	"2026-05-11 17:02:56"							UTL87A	5		UTL87	GG			FILI10
UTL87A							30	"2026-05-11 17:02:56"							UTL87A	6		UTL87	GG			
UTL87A							30	"2026-05-11 17:02:56"							UTL87A	7		UTL87	GG			
UTL87B							30	"2026-05-11 17:02:56"							UTL87B	1		UTL87	GG			
UTL87B							30	"2026-04-20 16:11:55"							UTL87B	2		UTL87	GG			
UTL87B							30	"2026-05-11 17:02:56"							UTL87B	3		UTL87	GG			FILI10
UTL87B							30	"2026-05-11 17:02:56"							UTL87B	4		UTL87	GG			FILI10
UTL87B							30	"2026-05-11 17:02:56"							UTL87B	5		UTL87	GG			FILI10
UTL87B							30	"2026-05-11 17:02:56"							UTL87B	6		UTL87	GG			
UTL87B							30	"2026-05-11 17:02:56"							UTL87B	7		UTL87	GG			
UTL88A							30	"2026-05-11 17:02:56"							UTL88A	1		UTL88	GG			FILI10
UTL88A				464			30	"2026-05-12 15:24:40"					"Granngården Alingsås"		UTL88A	2		UTL88	GG			FILI10
UTL88A				464			30	"2026-05-12 15:24:40"					"Granngården Alingsås"		UTL88A	3		UTL88	GG			FILI10
UTL88A							30	"2026-05-11 17:02:57"							UTL88A	4		UTL88	GG			FILI10
UTL88A							30	"2026-05-11 17:02:57"							UTL88A	5		UTL88	GG			FILI10
UTL88A							30	"2026-05-11 17:02:57"							UTL88A	6		UTL88	GG			
UTL88A							30	"2026-05-11 17:02:57"							UTL88A	7		UTL88	GG			
UTL88B							30	"2026-05-11 17:02:57"							UTL88B	1		UTL88	GG			
UTL88B							30	"2026-04-20 16:11:55"							UTL88B	2		UTL88	GG			OSCA45
UTL88B							30	"2026-05-11 17:02:57"							UTL88B	3		UTL88	GG			SEBA80
UTL88B							30	"2026-05-11 17:02:57"							UTL88B	4		UTL88	GG			FILI10
UTL88B							30	"2026-05-11 17:02:57"							UTL88B	5		UTL88	GG			FILI10
UTL88B							30	"2026-05-11 17:02:57"							UTL88B	6		UTL88	GG			
UTL88B							30	"2026-05-11 17:02:57"							UTL88B	7		UTL88	GG			
UTL89A							30	"2026-05-11 17:02:57"							UTL89A	1		UTL89	GG			FILI10
UTL89A				474			30	"2026-05-12 15:24:45"					"Granngården Borås"		UTL89A	2		UTL89	GG			FILI10
UTL89A				201			30	"2026-05-13 14:59:01"					"Granngården Umeå"		UTL89A	3		UTL89	GG			FILI10
UTL89A							30	"2026-05-11 17:02:57"							UTL89A	4		UTL89	GG			SEBA80
UTL89A				201			30	"2026-05-13 14:59:01"					"Granngården Umeå"		UTL89A	5		UTL89	GG			FILI10
UTL89A							30	"2026-05-11 17:02:57"							UTL89A	6		UTL89	GG			
UTL89A							30	"2026-05-11 17:02:58"							UTL89A	7		UTL89	GG			
UTL89B							30	"2026-05-11 17:02:58"							UTL89B	1		UTL89	GG			
UTL89B							30	"2026-04-20 16:11:55"							UTL89B	2		UTL89	GG			OSCA45
UTL89B							30	"2026-05-11 17:02:58"							UTL89B	3		UTL89	GG			SEBA80
UTL89B							30	"2026-05-11 17:02:58"							UTL89B	4		UTL89	GG			FILI10
UTL89B							30	"2026-05-11 17:02:58"							UTL89B	5		UTL89	GG			FILI10
UTL89B							30	"2026-05-11 17:02:58"							UTL89B	6		UTL89	GG			
UTL89B							30	"2026-05-11 17:02:58"							UTL89B	7		UTL89	GG			
UTL90A							30	"2026-05-11 17:02:58"							UTL90A	1		UTL90	GG			FILI10
UTL90A				474			30	"2026-05-12 15:24:45"					"Granngården Borås"		UTL90A	2		UTL90	GG			FILI10
UTL90A				201			30	"2026-05-13 14:59:01"					"Granngården Umeå"		UTL90A	3		UTL90	GG			FILI10
UTL90A							30	"2026-05-11 17:02:58"							UTL90A	4		UTL90	GG			SEBA80
UTL90A				201			30	"2026-05-13 14:59:01"					"Granngården Umeå"		UTL90A	5		UTL90	GG			FILI10
UTL90A							30	"2026-05-11 17:02:58"							UTL90A	6		UTL90	GG			
UTL90A							30	"2026-05-11 17:02:58"							UTL90A	7		UTL90	GG			
UTL90B							30	"2026-05-11 17:02:58"							UTL90B	1		UTL90	GG			
UTL90B							30	"2026-04-20 16:11:55"							UTL90B	2		UTL90	GG			FILI10
UTL90B							30	"2026-05-11 17:02:58"							UTL90B	3		UTL90	GG			SEBA80
UTL90B							30	"2026-05-11 17:02:59"							UTL90B	4		UTL90	GG			FILI10
UTL90B							30	"2026-05-11 17:02:59"							UTL90B	5		UTL90	GG			
UTL90B							30	"2026-05-11 17:02:59"							UTL90B	6		UTL90	GG			
UTL90B							30	"2026-05-11 17:02:59"							UTL90B	7		UTL90	GG			
UTL91A							30	"2026-05-11 17:02:59"							UTL91A	1		UTL91	GG			FILI10
UTL91A				271			30	"2026-05-12 14:52:42"					"Granngården Kungsbacka"		UTL91A	2		UTL91	GG			FILI10
UTL91A				201			30	"2026-05-13 15:14:57"					"Granngården Umeå"		UTL91A	3		UTL91	GG			FILI10
UTL91A							30	"2026-05-11 17:02:59"							UTL91A	4		UTL91	GG			FILI10
UTL91A				201			30	"2026-05-13 15:14:57"					"Granngården Umeå"		UTL91A	5		UTL91	GG			FILI10
UTL91A							30	"2026-05-11 17:02:59"							UTL91A	6		UTL91	GG			
UTL91A							30	"2026-05-11 17:02:59"							UTL91A	7		UTL91	GG			
UTL91B							30	"2026-05-11 17:02:59"							UTL91B	1		UTL91	GG			
UTL91B							30	"2026-04-20 16:11:56"							UTL91B	2		UTL91	GG			FILI10
UTL91B							30	"2026-05-11 17:02:59"							UTL91B	3		UTL91	GG			FILI10
UTL91B							30	"2026-05-11 17:02:59"							UTL91B	4		UTL91	GG			FILI10
UTL91B							30	"2026-05-11 17:03:00"							UTL91B	5		UTL91	GG			
UTL91B							30	"2026-05-11 17:03:00"							UTL91B	6		UTL91	GG			
UTL91B							30	"2026-05-11 17:03:00"							UTL91B	7		UTL91	GG			
UTL92A							30	"2026-05-11 17:03:00"							UTL92A	1		UTL92	GG			FILI10
UTL92A				271			30	"2026-05-12 15:24:34"					"Granngården Kungsbacka"		UTL92A	2		UTL92	GG			FILI10
UTL92A				201			30	"2026-05-13 15:14:57"					"Granngården Umeå"		UTL92A	3		UTL92	GG			FILI10
UTL92A							30	"2026-05-11 17:03:00"							UTL92A	4		UTL92	GG			FILI10
UTL92A				201			30	"2026-05-13 15:14:57"					"Granngården Umeå"		UTL92A	5		UTL92	GG			FILI10
UTL92A							30	"2026-05-11 17:03:00"							UTL92A	6		UTL92	GG			
UTL92A							30	"2026-05-11 17:03:00"							UTL92A	7		UTL92	GG			
UTL92B							30	"2026-05-11 17:03:00"							UTL92B	1		UTL92	GG			
UTL92B							30	"2026-04-20 16:11:56"							UTL92B	2		UTL92	GG			OSCA45
UTL92B							30	"2026-05-11 17:03:00"							UTL92B	3		UTL92	GG			FILI10
UTL92B							30	"2026-05-11 17:03:01"							UTL92B	4		UTL92	GG			FILI10
UTL92B							30	"2026-05-11 17:03:01"							UTL92B	5		UTL92	GG			
UTL92B							30	"2026-05-11 17:03:01"							UTL92B	6		UTL92	GG			
UTL92B							30	"2026-05-11 17:03:01"							UTL92B	7		UTL92	GG			
UTL93A							30	"2026-05-11 17:03:01"							UTL93A	1		UTL93	GG			FILI10
UTL93A				473			30	"2026-05-12 15:24:55"					"Granngården Ulricehamn"		UTL93A	2		UTL93	GG			FILI10
UTL93A				201			30	"2026-05-13 14:26:41"					"Granngården Umeå"		UTL93A	3		UTL93	GG			FILI10
UTL93A							30	"2026-05-11 17:03:01"							UTL93A	4		UTL93	GG			FILI10
UTL93A				201			30	"2026-05-13 14:26:41"					"Granngården Umeå"		UTL93A	5		UTL93	GG			FILI10
UTL93A							30	"2026-05-11 17:03:01"							UTL93A	6		UTL93	GG			
UTL93A							30	"2026-05-11 17:03:01"							UTL93A	7		UTL93	GG			
UTL93B							30	"2026-05-11 17:03:01"							UTL93B	1		UTL93	GG			
UTL93B							30	"2026-04-20 16:11:56"							UTL93B	2		UTL93	GG			
UTL93B							30	"2026-05-11 17:03:01"							UTL93B	3		UTL93	GG			
UTL93B							30	"2026-05-11 17:03:01"							UTL93B	4		UTL93	GG			
UTL93B							30	"2026-05-11 17:03:01"							UTL93B	5		UTL93	GG			
UTL93B							30	"2026-05-11 17:03:01"							UTL93B	6		UTL93	GG			
UTL93B							30	"2026-05-11 17:03:01"							UTL93B	7		UTL93	GG			
UTL94A							30	"2026-05-11 17:03:01"							UTL94A	1		UTL94	GG			FILI10
UTL94A				473			30	"2026-05-12 15:24:55"					"Granngården Ulricehamn"		UTL94A	2		UTL94	GG			FILI10
UTL94A				203			30	"2026-05-13 14:06:37"					"Granngården Vilhelmina"		UTL94A	3		UTL94	GG			FILI10
UTL94A							30	"2026-05-11 17:03:02"							UTL94A	4		UTL94	GG			FILI10
UTL94A				203			30	"2026-05-13 14:06:37"					"Granngården Vilhelmina"		UTL94A	5		UTL94	GG			FILI10
UTL94A							30	"2026-05-11 17:03:02"							UTL94A	6		UTL94	GG			
UTL94A							30	"2026-05-11 17:03:02"							UTL94A	7		UTL94	GG			
UTL94B							30	"2026-05-11 17:03:02"							UTL94B	1		UTL94	GG			
UTL94B							30	"2026-04-20 16:11:56"							UTL94B	2		UTL94	GG			
UTL94B							30	"2026-05-11 17:03:02"							UTL94B	3		UTL94	GG			FILI10
UTL94B							30	"2026-05-11 17:03:02"							UTL94B	4		UTL94	GG			
UTL94B							30	"2026-05-11 17:03:02"							UTL94B	5		UTL94	GG			
UTL94B							30	"2026-05-11 17:03:02"							UTL94B	6		UTL94	GG			
UTL94B							30	"2026-05-11 17:03:02"							UTL94B	7		UTL94	GG			
UTL95A							30	"2026-05-11 17:03:02"							UTL95A	1		UTL95	GG			FILI10
UTL95A				181			30	"2026-05-12 15:25:01"					"Granngården Malmö"		UTL95A	2		UTL95	GG			FILI10
UTL95A				203			30	"2026-05-13 12:15:04"					"Granngården Vilhelmina"		UTL95A	3		UTL95	GG			FILI10
UTL95A							30	"2026-05-11 17:03:02"							UTL95A	4		UTL95	GG			FILI10
UTL95A				203			30	"2026-05-13 12:15:04"					"Granngården Vilhelmina"		UTL95A	5		UTL95	GG			FILI10
UTL95A							30	"2026-05-11 17:03:02"							UTL95A	6		UTL95	GG			
UTL95A							30	"2026-05-11 17:03:02"							UTL95A	7		UTL95	GG			
UTL95B							30	"2026-05-11 17:03:03"							UTL95B	1		UTL95	GG			
UTL95B							30	"2026-04-20 16:11:57"							UTL95B	2		UTL95	GG			
UTL95B							30	"2026-05-11 17:03:03"							UTL95B	3		UTL95	GG			FILI10
UTL95B							30	"2026-05-11 17:03:03"							UTL95B	4		UTL95	GG			
UTL95B							30	"2026-05-11 17:03:03"							UTL95B	5		UTL95	GG			
UTL95B							30	"2026-05-11 17:03:03"							UTL95B	6		UTL95	GG			
UTL95B							30	"2026-05-11 17:03:03"							UTL95B	7		UTL95	GG			
UTL96A							30	"2026-05-11 17:03:03"							UTL96A	1		UTL96	GG			FILI10
UTL96A				182			30	"2026-05-12 15:25:12"					"Granngården Sjöbo"		UTL96A	2		UTL96	GG			FILI10
UTL96A				155			30	"2026-05-13 12:14:47"					"Granngården Östersund"		UTL96A	3		UTL96	GG			FILI10
UTL96A							30	"2026-05-11 17:03:03"							UTL96A	4		UTL96	GG			FILI10
UTL96A				155			30	"2026-05-13 12:14:47"					"Granngården Östersund"		UTL96A	5		UTL96	GG			FILI10
UTL96A							30	"2026-05-11 17:03:03"							UTL96A	6		UTL96	GG			
UTL96A							30	"2026-05-11 17:03:03"							UTL96A	7		UTL96	GG			
UTL96B							30	"2026-05-11 17:03:03"							UTL96B	1		UTL96	GG			
UTL96B							30	"2026-04-20 16:11:57"							UTL96B	2		UTL96	GG			
UTL96B							30	"2026-05-11 17:03:03"							UTL96B	3		UTL96	GG			FILI10
UTL96B							30	"2026-05-11 17:03:03"							UTL96B	4		UTL96	GG			
UTL96B							30	"2026-05-11 17:03:03"							UTL96B	5		UTL96	GG			
UTL96B							30	"2026-05-11 17:03:03"							UTL96B	6		UTL96	GG			
UTL96B							30	"2026-05-11 17:03:03"							UTL96B	7		UTL96	GG			
UTL97A							30	"2026-05-11 17:03:03"							UTL97A	1		UTL97	GG			FILI10
UTL97A				182			30	"2026-05-12 15:25:12"					"Granngården Sjöbo"		UTL97A	2		UTL97	GG			FILI10
UTL97A				155			30	"2026-05-13 12:14:47"					"Granngården Östersund"		UTL97A	3		UTL97	GG			FILI10
UTL97A							30	"2026-05-11 17:03:04"							UTL97A	4		UTL97	GG			FILI10
UTL97A				155			30	"2026-05-13 12:14:47"					"Granngården Östersund"		UTL97A	5		UTL97	GG			FILI10
UTL97A							30	"2026-05-11 17:03:04"							UTL97A	6		UTL97	GG			
UTL97A							30	"2026-05-11 17:03:04"							UTL97A	7		UTL97	GG			
UTL97B							30	"2026-05-11 17:03:04"							UTL97B	1		UTL97	GG			FILI10
UTL97B							30	"2026-04-20 16:11:57"							UTL97B	2		UTL97	GG			
UTL97B							30	"2026-05-11 17:03:04"							UTL97B	3		UTL97	GG			FILI10
UTL97B							30	"2026-05-11 17:03:04"							UTL97B	4		UTL97	GG			
UTL97B							30	"2026-05-11 17:03:04"							UTL97B	5		UTL97	GG			
UTL97B							30	"2026-05-11 17:03:04"							UTL97B	6		UTL97	GG			
UTL97B							30	"2026-05-11 17:03:04"							UTL97B	7		UTL97	GG			
UTL98A							30	"2026-05-11 17:03:04"							UTL98A	1		UTL98	GG			FILI10
UTL98A				192			30	"2026-05-12 15:25:18"					"Granngården Ystad"		UTL98A	2		UTL98	GG			FILI10
UTL98A				162			30	"2026-05-13 12:15:34"					"Granngården Sundsvall"		UTL98A	3		UTL98	GG			FILI10
UTL98A							30	"2026-05-11 17:03:04"							UTL98A	4		UTL98	GG			FILI10
UTL98A				162			30	"2026-05-13 12:15:34"					"Granngården Sundsvall"		UTL98A	5		UTL98	GG			FILI10
UTL98A							30	"2026-05-11 17:03:04"							UTL98A	6		UTL98	GG			
UTL98A							30	"2026-05-11 17:03:04"							UTL98A	7		UTL98	GG			
UTL98B							30	"2026-05-11 17:03:05"							UTL98B	1		UTL98	GG			
UTL98B							30	"2026-04-10 16:15:46"							UTL98B	2		UTL98	GG			
UTL98B							30	"2026-05-11 17:03:05"							UTL98B	3		UTL98	GG			FILI10
UTL98B							30	"2026-05-11 17:03:05"							UTL98B	4		UTL98	GG			
UTL98B							30	"2026-05-11 17:03:05"							UTL98B	5		UTL98	GG			
UTL98B							30	"2026-05-11 17:03:05"							UTL98B	6		UTL98	GG			
UTL98B							30	"2026-05-11 17:03:05"							UTL98B	7		UTL98	GG			
UTL99A							30	"2026-05-11 17:03:05"							UTL99A	1		UTL99	GG			FILI10
UTL99A				192			30	"2026-05-12 15:25:18"					"Granngården Ystad"		UTL99A	2		UTL99	GG			FILI10
UTL99A				162			30	"2026-05-13 12:15:34"					"Granngården Sundsvall"		UTL99A	3		UTL99	GG			FILI10
UTL99A							30	"2026-05-11 17:03:05"							UTL99A	4		UTL99	GG			FILI10
UTL99A				162			30	"2026-05-13 12:15:34"					"Granngården Sundsvall"		UTL99A	5		UTL99	GG			FILI10
UTL99A							30	"2026-05-11 17:03:05"							UTL99A	6		UTL99	GG			
UTL99A							30	"2026-05-11 17:03:05"							UTL99A	7		UTL99	GG			
UTL99B							30	"2026-05-11 17:03:05"							UTL99B	1		UTL99	GG			
UTL99B							30	"2026-04-10 16:15:47"							UTL99B	2		UTL99	GG			
UTL99B							30	"2026-05-11 17:03:05"							UTL99B	3		UTL99	GG			FILI10
UTL99B							30	"2026-05-11 17:03:05"							UTL99B	4		UTL99	GG			
UTL99B							30	"2026-05-11 17:03:05"							UTL99B	5		UTL99	GG			
UTL99B							30	"2026-05-11 17:03:06"							UTL99B	6		UTL99	GG			
UTL99B							30	"2026-05-11 17:03:06"							UTL99B	7		UTL99	GG			
