artikelnummer,max,pallid
10001,1.0,468426
10002,1.0,513508
1000279,240.0,680367
10003,1.0,458604
10004,1.0,468397
1000490,64.0,774252
10005,1.0,468392
10006,1.0,458631
1000868,40.0,724125
1000875,40.0,711769
10009,1.0,766977
10010,1.0,458651
10011,1.0,475218
1001254,100.0,701391
1001255,100.0,701372
1001256,65.0,701469
1001257,75.0,701458
10018,1.0,500796
10019,1.0,463879
1001900,192.0,765777
1002084,4.0,394317
1002086,4.0,778341
1002087,80.0,781832
1002112,42.0,764539
10023,1.0,458714
10026,1.0,532512
1002662,180.0,465479
1002683,96.0,796195
10031,1.0,458746
10033,2.0,526257
1003404,108.0,779998
1003411,21.0,739256
1003413,21.0,780002
1003415,21.0,773118
1003417,21.0,779938
1003430,30.0,758658
1003487,108.0,765209
1004638,108.0,776012
1004643,108.0,776010
1004976,108.0,717450
1005023,15.0,777109
10056,1.0,459160
10057,1.0,459981
100688514,1076.0,354963
1007552,96.0,735539
1007553,96.0,715529
1007554,96.0,715537
1007555,80.0,748186
1007556,96.0,715544
1007557,96.0,715526
1007558,96.0,715536
1007559,80.0,748168
1007560,40.0,748204
1007561,64.0,715575
1008921,108.0,768204
1008922,102.0,779873
1008924,108.0,768201
1008926,108.0,684770
1008957,94.0,477835
1008958,80.0,506759
1008962,108.0,768202
1008964,108.0,768207
1009973,27.0,385056
1010843,42.0,781441
1011198,40.0,496472
1011548,668.0,774195
1011676,48.0,709907
1011677,60.0,597255
1011723,96.0,795869
1011724,96.0,689942
1011725,115.0,795319
1011728,96.0,785232
1015834,756.0,719689
1016222,120.0,677485
1018325,160.0,756238
1018410,572.0,623044
1018412,372.0,459808
1018421,173.0,779586
1018701,30.0,777000
1018854,2.0,773439
1018860,100.0,776042
1018861,650.0,754740
1018887,360.0,766507
1018888,360.0,796598
1018889,188.0,507047
1018890,360.0,796600
1018891,360.0,727801
1018895,210.0,766492
1018898,150.0,713571
1018956,100.0,780984
1018968,320.0,735282
1018987,6.0,741150
1018988,60.0,777002
1019021,18.0,712203
1019046,640.0,559974
1019101,96.0,778972
1019109,120.0,598701
1019110,32.0,711540
1019147,32.0,754750
1019266,36.0,518285
1019267,24.0,639725
1019327,50.0,796617
1019526,100.0,779617
1019529,100.0,773418
1019625,25.0,754799
1019779,10.0,664887
1020281,32.0,696713
1020475,1000.0,619257
1020663,2.0,795495
1027421,222.0,774958
1027424,90.0,792792
1027449,102.0,779190
1027492,24.0,779197
1027596,16.0,764217
1027617,6.0,721641
1027635,2.0,640454
102884425,432.0,437367
103044623,720.0,439853
103053012,380.0,440283
103136190,1000.0,461897
103222488,293.0,489005
103357383,320.0,458152
103357385,175.0,458278
103357483,1300.0,446697
103357486,410.0,457894
103385533,175.0,445207
103385540,360.0,437672
103415461,598.0,423332
103415462,130.0,437590
103421983,999.0,441916
103421989,75.0,439685
103422010,3064.0,458294
103428459,1106.0,439946
103429325,105.0,445606
103429342,712.0,445608
103429346,200.0,444853
103443700,600.0,446595
103451520,398.0,465345
103485792,54000.0,428703
103649970,175.0,440172
103649979,820.0,437956
103756721,3064.0,437322
104085335,145.0,446715
104085337,350.0,449394
104085344,80.0,445398
104093479,487.0,456083
104134952,3250.0,445692
104134954,3000.0,445691
104134955,125.0,445037
104156727,640.0,444975
104165301,550.0,277624
104175320,260.0,424407
104176794,240.0,465346
104195241,4571.0,444938
104195244,278.0,456123
104195245,382.0,456145
104195246,1596.0,457213
104195312,575.0,445040
104196668,175.0,461968
104199534,2200.0,420795
104211315,24.0,419130
1042310,1320.0,783428
1042373,400.0,367968
104241611,175.0,456048
104241640,215.0,449666
104241642,130.0,458270
104251033,340.0,439976
104251035,239.0,440041
104251202,680.0,439762
104251206,175.0,439759
104274614,291.0,441915
1042830,96.0,634670
104310852,125.0,326879
104310856,496.0,374829
104338595,640.0,293197
104338596,190.0,309667
104370820,150.0,458066
104370822,1024.0,456109
104370823,284.0,456260
104370825,1878.0,439842
104370826,300.0,439974
104376124,800.0,439837
104376126,1000.0,439951
104423765,144.0,383931
104425925,150.0,273378
104425927,300.0,276867
104450377,400.0,421213
104450650,392.0,458292
104457164,507.0,442749
104457640,36.0,445524
104457652,354.0,478401
104465433,300.0,417794
104471214,2986.0,444747
104471220,2000.0,444823
104471816,680.0,445523
104471819,175.0,444940
104471891,340.0,444770
104483819,120.0,336819
104483825,680.0,335902
104511537,125.0,277609
104511550,680.0,390534
104552604,283.0,456060
104553643,350.0,449643
104554135,500.0,456258
104554162,960.0,458274
104554169,175.0,458113
1045649,13.0,701168
1045651,13.0,484409
1045652,7.0,675229
1045660,6.0,440364
104579237,190.0,445109
104608291,200.0,437627
104654400,10000.0,462836
104654410,12000.0,465313
104684498,750.0,423293
104692544,269.0,449552
104696024,15.0,486707
104720117,439.0,444765
104720140,350.0,444762
104720964,270.0,445237
104720966,550.0,445612
104720968,2083.0,446964
104720969,850.0,445041
104720982,390.0,445043
104721392,1700.0,446588
104726355,127.0,458354
1047346,24.0,762747
104746963,124.0,486685
104746986,100.0,490246
104746989,397.0,490182
104747011,396.0,497472
104747013,394.0,499673
104747016,200.0,490174
104747019,300.0,497423
104747889,104.0,490422
104747898,300.0,491881
104747912,150.0,497425
104749170,283.0,497453
104749171,72.0,497477
104749173,30.0,497435
104749174,31.0,497488
104749175,65.0,497470
104749177,37.0,497489
104779955,125.0,453780
104780096,600.0,486068
104780098,900.0,449646
104780161,132.0,449669
104780231,175.0,421201
104780898,100.0,444796
104780912,250.0,458088
104780917,1200.0,458303
104780919,320.0,457879
104780921,100.0,458105
104783972,732.0,449642
1047964,12.0,607365
1047965,6.0,643852
104826426,700.0,458320
104826429,930.0,483577
104826443,175.0,483545
104827143,200.0,421199
104827222,997.0,453563
104827223,1268.0,458289
104827225,175.0,456263
104849777,175.0,439954
104850534,77.0,437545
104861156,170.0,437779
104865342,199.0,421455
104865347,1500.0,470745
104872392,780.0,439830
104878816,104.0,437429
104912342,170.0,437990
104912347,250.0,476983
104912351,500.0,429160
104917914,3355.0,439770
104930465,125.0,438416
104938623,329.0,453589
104938628,175.0,458288
104938640,316.0,458273
104938646,340.0,458151
104938657,400.0,447128
104938664,400.0,447130
104946408,100.0,494875
104946413,100.0,495018
104946416,95.0,497456
104946418,100.0,495020
104947504,420.0,456050
104971245,648.0,464757
104973438,2000.0,365201
104975627,328.0,365860
104975643,1008.0,437618
105008414,100.0,490177
105008417,75.0,490289
105008438,16.0,497496
105019531,125.0,440074
105019533,78.0,419293
105019537,1000.0,449671
105019538,720.0,423322
105019539,2000.0,423328
105019631,2500.0,429156
105019632,100.0,423336
105020619,75.0,327314
105020650,216.0,327316
105020652,546.0,327315
1050327,32.0,779922
105046722,140.0,458086
105046723,340.0,457991
105046724,2325.0,458179
105046725,800.0,449806
105046726,350.0,449551
105049491,800.0,449640
105050728,680.0,458022
105053619,1041.0,445046
105053621,1161.0,446939
105053622,1202.0,446712
105064553,281.0,491882
105064554,76.0,486660
105064555,120.0,487480
105064556,550.0,486704
105064558,70.0,486641
105064559,150.0,486696
105088635,900.0,458168
105088638,640.0,458141
105089374,1080.0,437490
105106453,2040.0,453619
105111564,579.0,446910
105111568,1500.0,439969
105130712,300.0,417789
105130714,150.0,417792
105130716,300.0,417795
105144107,600.0,495026
105144256,870.0,495326
105149389,450.0,458316
105149546,100.0,486625
105149582,540.0,487587
105154015,135.0,458308
105154034,181.0,458044
105154042,150.0,457926
105157656,180.0,444923
105157659,116.0,456788
105170588,648.0,421314
105170665,250.0,448630
105170672,188.0,458319
105170681,732.0,457929
105170691,366.0,457881
105176324,260.0,497445
105176335,1330.0,497439
105176339,408.0,497474
105176343,300.0,497422
105176346,1260.0,497437
105176360,389.0,497486
105176366,205.0,497457
105178496,439.0,486631
105178497,460.0,486629
105178499,215.0,486684
105178530,215.0,486656
105178532,460.0,486665
105185042,75.0,388928
105185043,392.0,427744
105185044,334.0,388936
105185045,472.0,388940
105185046,250.0,427756
105185047,225.0,427712
105192321,3684.0,456095
105213747,200.0,415925
105227418,150.0,486638
105236557,50.0,303151
105236558,507.0,303160
105236570,310.0,277861
105238152,145.0,449637
105238155,350.0,456155
105238156,1020.0,456790
105238157,350.0,458174
105238158,1100.0,458268
105240741,21140.0,445357
105269128,1920.0,414937
105284833,23978.0,437790
105284838,2104.0,439157
105285741,125.0,440097
105285745,350.0,440044
105285751,1400.0,440338
105285757,625.0,449379
105285766,100.0,440928
105285775,1500.0,428870
105287809,200.0,458183
105287815,250.0,456067
105287817,500.0,457930
105287819,321.0,458342
105291932,981.0,445023
105424052,180.0,413932
105430171,36000.0,439004
105430173,6900.0,445521
105430174,37088.0,439027
105430176,6996.0,445534
105430177,38000.0,439011
105430179,7136.0,445519
105430260,38000.0,439015
105430261,8625.0,445550
105434881,660.0,497455
105434971,540.0,335885
1054371,120.0,758668
105440134,15104.0,455009
105447845,166.0,440096
105473386,220.0,449817
105477301,122.0,486046
105477315,400.0,438035
105478766,154.0,458322
105479475,110.0,458089
105479481,145.0,453654
105479496,290.0,456776
105479540,145.0,458173
105479553,340.0,457977
105479563,340.0,449673
105479567,175.0,449702
105483578,44412.0,455852
105486163,125.0,458357
105486168,680.0,440331
105486191,680.0,446958
105488898,9552.0,455853
105493963,150.0,497809
105493973,1000.0,497495
105493988,19.0,497451
105493996,300.0,497816
105502536,55.0,413218
105507913,292.0,421186
105507929,250.0,421175
105507930,200.0,421424
105508049,150.0,439646
105508056,340.0,445576
105508102,1360.0,445744
105508106,350.0,445767
105521271,480.0,445601
105524474,705.0,383957
105524999,60.0,486659
105525006,43.0,486653
105535057,18.0,445786
105535058,104.0,447049
105535080,536.0,475023
105535082,45.0,468931
105535086,90.0,445584
105535100,221.0,444730
105535112,1027.0,441756
105535126,100.0,441554
105545968,900.0,493013
105548914,320.0,440960
105551663,572471.0,439042
105553791,320.0,440961
105553794,320.0,440939
105554781,500.0,446861
105580192,20.0,458097
105580199,360.0,456134
105580204,56.0,453634
105609407,132.0,458146
105610867,360.0,441663
105610875,564.0,441813
105610876,130.0,447042
105622655,9200.0,423329
105631436,16.0,437713
105639697,200.0,458313
105639701,2000.0,446701
105639704,600.0,458013
105639708,600.0,458009
105639713,100.0,448642
105639714,658.0,449732
105639715,350.0,456127
105639720,350.0,456146
105639721,361.0,449730
105639722,365.0,458301
105641897,1080.0,453482
105641904,11.0,445361
105641906,100.0,453459
105641909,125.0,453545
105641912,640.0,453462
105641948,320.0,453486
105642394,74.0,456265
105642420,125.0,456154
105642426,500.0,453573
105642428,102.0,456772
105642440,250.0,456111
105648986,300.0,456047
105649978,40.0,486697
105650411,260.0,493006
105650412,300.0,486688
105650414,207.0,491884
105650415,121.0,487631
105650418,417.0,487618
105650419,467.0,487567
105650437,100.0,493004
105650439,14.0,499669
105650460,1500.0,495025
105650462,70.0,491883
105651412,94.0,458339
105651413,71.0,421361
105651414,200.0,459870
105651415,442.0,459883
105651416,375.0,459861
105651417,120.0,458108
105651418,97.0,459863
105651419,400.0,459862
105659373,1241.0,273407
105659374,750.0,315471
105659386,400.0,368494
105659612,400.0,368506
105659619,1200.0,429247
105659885,561.0,351275
105660946,438.0,358035
105673697,200.0,457892
105673752,800.0,456130
105679932,75.0,449725
105679934,562.0,447046
105679935,643.0,446577
105679938,220.0,447051
105679939,500.0,458365
105685849,140.0,447060
105687314,1380.0,492671
105689488,648.0,437543
105693290,31.0,487552
105693294,52.0,487540
105693295,80.0,487438
105693298,29.0,487647
105694231,350.0,483775
105695658,400.0,447000
105696088,150.0,444733
105696090,417.0,445038
105696094,437.0,444863
105702556,340.0,452485
105702572,150.0,452475
105706394,314.0,488899
105710298,115.0,444958
105710301,865.0,445510
105710306,83.0,445759
105710317,145.0,489006
105710322,340.0,489014
105717244,1300.0,345662
105717246,600.0,492673
105717250,136.0,366006
105717259,68.0,331371
105717291,1360.0,444734
105718717,400.0,356787
105718721,1200.0,356761
105722383,150.0,484473
105722385,150.0,484467
105722387,150.0,484470
105722388,900.0,484471
105722401,1500.0,484462
105722402,104.0,385516
105723493,12980.0,331246
105723515,272.0,383934
105730488,2401.0,445267
105730885,6488.0,445266
105746808,312.0,295129
105749669,500.0,467112
105749671,71.0,368269
105749675,85.0,413977
105749676,250.0,413051
105750679,145.0,440347
105750704,292.0,440356
105750712,350.0,449356
105750718,292.0,440357
105750741,340.0,490605
105750747,390.0,445700
105754450,120.0,445126
105756089,250.0,413205
105756779,340.0,488939
105757495,70.0,279502
105758318,350.0,445396
105764712,100.0,445582
105769647,2500.0,447010
105769664,150.0,461912
105771263,340.0,461941
105771268,680.0,461899
105771282,250.0,445249
105771283,200.0,449372
105771285,108.0,444971
105775744,63.0,445401
105775747,60.0,445412
105775770,64.0,445019
105775775,174.0,444963
105775777,174.0,444825
105791149,648.0,437384
105791152,864.0,437397
105791156,4356.0,449633
105809894,2000.0,455973
105818655,1360.0,441791
105818656,680.0,449366
105820933,100.0,447135
105821037,398.0,453656
105821041,398.0,453564
105821046,250.0,448658
105822913,145.0,490603
105822920,340.0,490631
105822925,680.0,490546
105823559,125.0,445505
105823564,299.0,445707
105823565,863.0,445394
105823566,400.0,446698
105823568,135.0,444984
105823569,232.0,445377
105823570,130.0,445243
105824084,350.0,420810
105826893,700.0,413052
105826896,700.0,410799
105826915,60.0,357654
105826916,900.0,410806
105830456,204.0,453680
105830459,204.0,449758
105830621,170.0,456158
105830731,500.0,358032
105832045,500.0,428850
105833261,454.0,357663
105833333,150.0,423304
105833339,375.0,444793
105833344,750.0,423295
105833351,243.0,423290
105834752,732.0,438021
105835936,70.0,449800
105835965,17.0,424790
105835971,18.0,421466
105835973,1.0,421185
105835978,36.0,421468
105835992,15.0,423331
105835995,18.0,421464
105836080,500.0,487435
105836085,120.0,487444
105836086,240.0,487409
105841860,856.0,455003
105841880,3456.0,445281
105841885,188.0,456936
105845040,50.0,358023
105845042,900.0,309573
105845645,60.0,310086
105845646,2096.0,309729
105845648,259.0,343705
105845649,549.0,309731
105859202,350.0,319395
105860508,199.0,310605
105860517,600.0,384234
105860523,346.0,383930
105860525,360.0,310620
105860528,170.0,384232
105862129,1808.0,446759
105865817,100.0,487459
105865851,65.0,487448
105867714,1372.0,424726
105867715,126.0,424731
105869973,60.0,310375
105869974,543.0,356687
105869976,1326.0,356688
105869977,720.0,356690
105869978,341.0,383922
105869979,150.0,406812
105870922,2000.0,446767
105870923,12000.0,445664
105872247,126.0,424730
105873903,720.0,357632
105873905,56.0,355353
105875479,267.0,487543
105875794,276.0,449656
105875796,500.0,458001
105875797,220.0,458293
105875804,872.0,456052
105879340,100.0,497440
105879341,240.0,499656
105879346,370.0,497499
105879347,1100.0,497473
105879348,440.0,497464
105879683,1100.0,368239
105879685,1.0,370431
105879687,850.0,370438
105882219,720.0,385446
105883066,35000.0,418159
105883068,12000.0,418176
105894018,47.0,457874
105897125,328.0,333128
105897140,740.0,406579
105915255,1460.0,458307
105919027,180.0,370413
105935043,468.0,459864
105936654,2.0,458185
105936657,2.0,453785
105936661,798.0,458536
105936662,340.0,446887
105937752,340.0,445533
105937757,340.0,445356
105937759,175.0,446822
105951311,200.0,494882
105951321,100.0,494876
1059532,120.0,796679
105959064,2780.0,453677
105964913,60.0,457928
105964914,60.0,453553
105964915,60.0,456774
105965206,44.0,487622
105969476,62.0,458267
105973266,135.0,445494
105973267,550.0,445544
105973306,2040.0,445752
105973307,620.0,445148
105973308,650.0,445116
105977808,86.0,415926
105998758,680.0,446942
105998930,6700.0,446031
106000020,25.0,370450
106005756,135.0,445495
106006549,120.0,483824
106006580,320.0,445293
106006621,432.0,437328
106009628,120.0,441615
106009629,326.0,441597
106009650,326.0,441619
106009652,480.0,441598
106009654,326.0,441636
106009655,175.0,441634
106014002,150.0,457975
106014003,350.0,453681
106014128,1360.0,456070
106014129,350.0,456084
106014160,75.0,458127
106016392,640.0,423282
106016393,373.0,423285
106016394,373.0,423288
106016431,332.0,423287
106016521,746.0,423284
106016522,451.0,427149
106016523,250.0,428747
106016524,345.0,424761
106016526,77.0,423301
106016528,346.0,423318
106016529,334.0,428863
106016580,1285.0,423316
106016581,150.0,445299
106016582,332.0,429107
106016583,150.0,437436
106018424,125.0,448670
106018425,750.0,458169
106018426,360.0,453796
106018427,1000.0,447014
106018450,100.0,453635
106018451,750.0,458175
106021904,340.0,483537
106023112,115.0,483540
106023113,1000.0,483563
106024295,120.0,458106
106024310,350.0,437697
106024312,320.0,449365
106024314,1400.0,456087
106024326,320.0,456779
106024328,360.0,444742
106024363,175.0,445308
106024554,160.0,487632
106024555,160.0,487454
106024556,480.0,487652
106024557,160.0,487442
106024558,320.0,487440
106024580,160.0,487577
106024586,300.0,497450
106024587,300.0,493017
106024588,1200.0,491885
106024610,300.0,493016
106024611,300.0,497568
106025067,200.0,497449
106025069,280.0,497448
106025100,1040.0,499647
106025104,280.0,497490
106025115,1300.0,499676
106029860,3.0,458188
106029937,249.0,438471
106032506,350.0,483871
106032508,587.0,444932
106033827,750.0,456261
106036054,52.0,392245
106039702,11420.0,445671
106041103,48.0,445502
106041104,228.0,445699
106041555,75.0,385010
106041557,720.0,385500
106041558,720.0,385505
106042032,305.0,385523
106042033,180.0,430528
106042922,218.0,385511
106043417,228.0,445403
106043418,228.0,446732
106043419,228.0,446734
106043430,456.0,446765
106043431,528.0,444927
106046515,400.0,453536
106047915,200.0,445753
106047916,200.0,445487
106047933,528.0,446731
106049335,124.0,418541
106049336,16.0,406587
106049339,4.0,406585
106049380,4.0,406582
106049636,500.0,446889
106049637,680.0,458265
106049639,1964.0,458318
106052038,90.0,408324
106052039,17.0,439207
106054097,22000.0,439221
106055025,100.0,490260
106058386,350.0,406584
106058387,478.0,406586
106058442,110.0,449349
106059816,100.0,490203
106059817,300.0,490179
106059818,400.0,490157
106059819,170.0,490424
106061068,2015.0,413190
106061508,456.0,445611
106065365,700.0,458377
106065375,700.0,446946
106065376,250.0,458272
106065547,1000.0,446882
106065600,1000.0,446865
106065603,1000.0,446864
106067869,11400.0,479569
106071836,760.0,429195
106075653,49.0,445553
106077387,334.0,467106
106077389,500.0,467103
106078665,180.0,439260
106079775,300.0,458779
106080368,500.0,467117
106086855,200.0,493014
106086858,260.0,490198
106086859,260.0,487654
106086880,60.0,497484
106089181,1020.0,483560
106098695,258.0,499639
106100531,80.0,499636
1063040,2932.0,717638
1063041,2421.0,727624
1063042,1023.0,780540
1063291,108.0,773101
1063293,32.0,779979
1073354,810.0,746653
1073355,477.0,748221
1079339,80.0,752147
1079340,360.0,790457
1081052,120.0,759397
1089401,96.0,785495
1090339,120.0,783279
1100500,30.0,777018
1100642,8.0,651751
11275603,192.0,479926
11275604,1920.0,498596
11275840,1920.0,489832
11275845,768.0,481430
11275850,192.0,438636
11275855,192.0,494309
1136184,300.0,767041
1136185,1000.0,460122
1136835,108.0,779980
1136837,32.0,779977
1138859,80.0,748190
1138861,96.0,718256
1138863,96.0,735554
1138864,80.0,748160
1138865,96.0,718271
1138867,80.0,748194
1138869,96.0,735556
1138871,96.0,735544
1138872,96.0,718267
1138873,96.0,735540
1138874,64.0,718642
1138875,8.0,718421
1139552,48.0,639465
1139975,336.0,771516
1143045,122.0,773892
1147729,600.0,792917
1147957,300.0,709653
1148209,7.0,793332
1148369,1.0,780457
1148531,450.0,680801
1148532,450.0,701709
1148533,330.0,783289
1148538,120.0,783285
1148550,248.0,758039
1148593,108.0,508002
1148598,800.0,676432
1148738,30.0,769262
1148739,90.0,754459
1148740,78.0,754477
1148759,60.0,730505
1148769,10.0,786207
1148785,144.0,796223
1148787,432.0,674309
1148846,20.0,589482
1148856,36.0,658301
1148887,35.0,544262
1148899,144.0,719371
1148900,24.0,719357
1149109,62.0,715643
1149272,50.0,689939
1149358,2.0,780378
1149359,100.0,735303
1149539,480.0,612751
1149540,576.0,780311
1149555,40.0,470260
1149568,2000.0,735124
1149569,1500.0,755437
1149570,1500.0,772434
1149647,1570.0,716494
1149648,2000.0,708695
1149649,1000.0,720920
1149650,3000.0,390229
1149654,200.0,695433
1149655,200.0,708674
1149656,90.0,720898
1149657,60.0,720924
1149658,66.0,721988
1149659,90.0,776382
1149971,20.0,762664
1149972,20.0,669427
1151680,60.0,642935
1152809,24.0,773130
1153493,30.0,720885
1156499,1200.0,646766
1156500,1200.0,704454
1156501,1200.0,767666
1156506,180.0,725801
1156507,240.0,723717
1156509,50.0,767687
1156510,60.0,767675
1156511,660.0,780488
1156513,96.0,646800
1156514,720.0,767693
1156516,96.0,767663
1156527,310.0,704841
1156529,310.0,720483
1156537,128.0,757204
1156538,100.0,775319
1156541,60.0,698104
1156542,48.0,674222
1156543,48.0,513993
1156544,240.0,538896
1156545,120.0,674294
1156546,144.0,552561
1156547,60.0,553568
1156548,104.0,734233
1156549,102.0,704922
1156550,144.0,773400
1156551,48.0,748137
1156560,240.0,796222
1156568,5.0,620823
1156572,96.0,796257
1156573,23.0,683197
1156578,270.0,552313
1156579,540.0,552318
1156965,40.0,779569
1156966,40.0,796224
1157152,200.0,737225
1158352,16.0,628338
1158449,720.0,671091
1158484,7.0,791982
1158614,60.0,759427
1158615,150.0,777013
1158630,1050.0,713081
1158631,2100.0,713095
1158632,1050.0,713091
1159011,8.0,667632
1160463,31.0,641214
1160932,500.0,783267
1160933,768.0,765394
1162775,360.0,779642
1162776,223.0,719680
1162777,270.0,713978
1162778,300.0,698756
1163432,480.0,723776
1163434,96.0,775428
1163437,189.0,571044
1163542,9.0,714699
1163595,56.0,721150
1163599,120.0,660772
1164047,72.0,684573
1164048,72.0,690810
1164687,45.0,691148
1164688,45.0,758336
1164689,45.0,758228
1164699,72.0,779924
1164709,180.0,769273
1164710,200.0,778860
1164725,45.0,681059
1164742,80.0,742452
1164743,80.0,742454
1164744,80.0,777704
1164746,60.0,792924
1164747,40.0,777691
1164893,40.0,752978
1164894,40.0,732492
1165075,192.0,702566
1165186,36.0,758676
1165188,36.0,784045
1165195,480.0,736578
1165198,18.0,720811
1165201,18.0,719528
1165203,19.0,775309
1165205,20.0,715974
1165206,20.0,715981
1165208,20.0,775065
1165211,20.0,720816
1165213,20.0,464081
1165608,3.0,707218
1165609,13.0,779570
1165657,86.0,681460
1165677,24.0,780801
1165701,41.0,721941
1165768,516.0,774292
1165773,45.0,702467
1165824,150.0,775390
1165825,90.0,717376
1165829,60.0,769405
1165831,2.0,780368
1165837,81.0,744506
1165839,81.0,769775
1166044,60.0,774944
1166116,36.0,771443
1166161,168.0,783107
1166266,4.0,773402
1166269,50.0,776041
1166355,1728.0,702475
1166363,72.0,779147
1166429,6.0,663175
1166526,72.0,779902
1166528,36.0,760470
1166605,2.0,544603
1166642,79.0,675311
1166690,144.0,690441
1166691,101.0,653027
1166791,120.0,670567
1166792,160.0,670529
1166793,80.0,667037
1166794,180.0,678544
1166795,90.0,678775
1166830,120.0,681311
1166831,250.0,663605
1166832,250.0,733135
1166905,96.0,714419
1166906,157.0,767302
1166909,525.0,758496
1166910,475.0,755383
1166912,725.0,764046
1166944,225.0,754634
1166991,150.0,624345
1166992,120.0,715671
1166993,95.0,674373
1166994,103.0,664467
1166995,96.0,638706
1166996,144.0,754768
1166997,288.0,754786
1166998,144.0,569923
1166999,144.0,754785
1167000,42.0,530162
1167001,33.0,638636
1167002,33.0,637580
1167005,74.0,715669
1167006,8.0,764088
1167007,120.0,754824
1167009,49.0,624363
1167012,650.0,796126
1167013,450.0,796149
1167014,50.0,706410
1167066,170.0,792462
1167213,70.0,701790
1167258,192.0,584622
1167416,122.0,719541
1167457,25.0,760843
1167459,1000.0,781789
1167473,8.0,781415
1167592,1100.0,671177
1167593,400.0,671174
1167597,456.0,671101
1167599,1728.0,758562
1167600,312.0,785174
1167601,528.0,671093
1167608,240.0,784970
1167614,408.0,679773
1167713,20.0,763718
1167716,288.0,707586
1167717,120.0,760123
1167718,96.0,760214
1167719,64.0,707625
1167735,360.0,756321
1167736,144.0,773423
1167763,490.0,741525
1167849,450.0,700115
1167873,40.0,653115
1167874,30.0,653089
1167875,70.0,668621
1167876,70.0,668618
1167926,40.0,719804
1167933,200.0,703497
1167935,100.0,703494
1167937,1200.0,676784
1167978,40.0,718259
1167985,50.0,276106
1167995,75.0,581420
1169717,240.0,778212
1169718,192.0,791920
1169720,96.0,758500
1169732,704.0,790254
1169736,240.0,705801
1169741,48.0,758495
1169744,216.0,762897
1169752,128.0,791896
1169764,180.0,747284
1169765,60.0,666529
1169849,135.0,719193
1169852,400.0,764962
1169853,240.0,775383
1169944,60.0,611439
1169968,9.0,469259
1169971,15.0,539539
1169982,66.0,780436
1169983,50.0,739386
1170786,40.0,712151
1170964,28.0,628361
1171068,5.0,552043
1171112,60.0,792476
1171886,1728.0,702474
1171900,45.0,669330
1171904,30.0,644939
1172041,450.0,702477
1172187,630.0,552309
1172196,23.0,648320
1172362,450.0,701710
1172363,1050.0,766143
1172881,360.0,792912
1172935,250.0,796396
1173943,64.0,792856
1173945,2.0,777021
1174718,384.0,735304
1176339,352.0,695429
1176467,750.0,767679
1176471,540.0,775431
1176476,600.0,704455
1176479,279.0,773480
1176481,480.0,644969
1176489,960.0,702040
1176493,200.0,737233
1176494,720.0,704462
1178738,360.0,772433
1178901,150.0,594265
1179067,20.0,758556
1179324,1248.0,791247
1179625,60.0,780113
1179676,50.0,766489
1179705,96.0,785510
1179707,288.0,697177
1179790,467.0,665156
1179797,198.0,792913
1179869,108.0,720581
1179870,32.0,720548
1179887,108.0,765243
1179933,86.0,736364
1179941,600.0,553322
11800030,1680.0,475728
1182760,390.0,712022
1182761,250.0,760035
1182774,960.0,762014
1182776,1152.0,705084
1182778,576.0,774070
1182780,504.0,760117
1182782,576.0,774077
1182784,240.0,760173
1182794,3456.0,705262
1182796,2880.0,705260
1182798,1440.0,705155
1182800,864.0,705175
1183668,112.0,660771
1183704,864.0,551236
1183781,24.0,614066
1183837,21.0,730385
1183880,130.0,679082
1183944,15.0,753545
1184110,184.0,561858
1184113,80.0,676484
1184116,192.0,683651
1184138,720.0,551260
1184141,300.0,779641
1184145,80.0,742127
1184335,64.0,756405
1184353,480.0,783769
1184608,70.0,722113
1184925,96.0,745542
1185347,96.0,508148
1185348,108.0,571264
1185392,70.0,633144
1185400,64.0,766159
1185401,240.0,782672
1185402,64.0,766138
1185403,240.0,783286
1185404,330.0,783287
1185593,216.0,782668
1185594,320.0,711765
1185595,18.0,720320
1185598,700.0,796221
1185642,60.0,754207
1185958,21.0,666882
1185959,21.0,775840
1185972,672.0,752211
1186274,15.0,696147
1186310,34.0,713930
1186416,24.0,772152
1186418,24.0,732073
1186419,24.0,730767
1186435,288.0,758220
1186525,42.0,781046
1186545,4.0,785811
1186570,48.0,674893
1186593,75.0,764077
1186641,36.0,758649
1186644,39.0,711139
1186646,36.0,711158
1186685,720.0,707860
1186729,36.0,758652
1186737,32.0,773116
1186741,2.0,776462
1186759,108.0,779947
1186778,2.0,739452
1186779,1.0,782361
1187154,16.0,733385
1190309,108.0,773119
1190313,108.0,773126
1190314,72.0,779935
1190315,32.0,779975
1191199,34.0,690011
1191204,24.0,759651
1194211,216.0,733930
1195010,110.0,698746
1195015,240.0,766497
1195016,375.0,791389
1195799,24.0,719309
1195800,24.0,775066
1195802,24.0,775062
1195803,24.0,769094
1196305,24.0,769078
1196306,24.0,775048
1196349,40.0,681150
1196365,40.0,776305
1196369,128.0,715944
1196373,41.0,780387
1196440,40.0,782932
1196450,10.0,703184
1196451,7.0,699245
1196910,54.0,759815
1196911,1080.0,551289
1197248,480.0,717374
1198291,24.0,720596
1198323,96.0,779777
1199050,51.0,667150
1199207,14.0,701880
1199251,50.0,749044
1199302,20.0,719176
1199303,21.0,717752
1199305,32.0,661267
1199306,12.0,785339
1199309,48.0,768981
1199312,12.0,796406
1199330,44.0,762084
1199527,360.0,796595
1199529,480.0,721014
1199532,48.0,491575
1199533,43.0,674095
1199535,26.0,638201
1199596,300.0,714323
1199646,32.0,627176
1199730,4.0,768983
1199740,30.0,756340
1199752,360.0,756324
1199753,96.0,717195
1200142,30.0,748151
1200195,31.0,782670
1200317,21.0,782442
1200350,78.0,759393
1201091,801.0,682056
1203282,2000.0,495636
1204902,7.0,754269
1204903,20.0,619297
1205767,120.0,716626
1205768,160.0,788626
1205834,20.0,792989
1205989,132.0,658855
1206524,60.0,773394
1206530,288.0,779634
1206531,300.0,712070
1206545,35.0,723745
1206546,24.0,617794
1207010,6.0,709680
1207048,56.0,789531
1207274,84.0,773417
1207508,73.0,702507
1207517,8.0,780312
1207654,7.0,658485
1207738,1.0,435588
1207740,2.0,293026
12100488,8.0,454019
12100534,600.0,475454
12100772,600.0,474222
12100781,600.0,474149
12100782,600.0,444580
12100786,600.0,449143
12100787,600.0,464589
12103429,168.0,477061
12109924,400.0,456442
12125879,38.0,454733
12130892,256.0,494972
12131280,256.0,495789
12138008,2240.0,480473
12138993,1080.0,474708
12140216,1080.0,474124
12140426,630.0,480578
12141753,378.0,431703
12157957,192.0,451947
12163249,5040.0,497516
12186532,4875.0,425658
12186549,4875.0,451359
12186562,4875.0,472126
12186581,4095.0,451376
12202164,96.0,437173
1220221,150.0,723732
1220275,100.0,668617
1220348,60.0,711532
1220349,40.0,699099
1220364,2.0,758653
1220365,130.0,774955
1220367,161.0,717484
1220368,26.0,792838
1220385,80.0,776997
1220386,25.0,713968
1220403,190.0,758586
1220407,48.0,678633
1220408,34.0,674790
1220409,48.0,651134
1220410,24.0,689190
1220411,13.0,720622
1220412,78.0,796110
1220414,60.0,758548
1220424,576.0,793991
1220427,768.0,785173
12204358,3640.0,451311
1220436,240.0,671095
12205885,5208.0,488807
12205886,5208.0,496721
1221153,110.0,713902
1221159,2450.0,503501
12211653,1600.0,480206
1221192,6000.0,749092
12212560,600.0,486352
12213978,256.0,485129
12215694,1600.0,489986
1221641,40.0,652789
1221642,40.0,663519
1221643,36.0,700969
1221644,40.0,747432
1221645,29.0,715632
1221646,40.0,712739
1221647,40.0,728352
1221648,40.0,728353
1221649,40.0,712740
1221650,40.0,747434
1221651,20.0,651118
1221655,40.0,692849
1221656,32.0,719513
1221657,40.0,728355
1221658,30.0,762044
1221659,40.0,747431
1221660,40.0,692845
1221661,40.0,712743
1221662,40.0,728358
1221663,40.0,712746
1221664,40.0,728356
1221665,40.0,712742
1221687,420.0,462587
1221688,420.0,715848
1221690,640.0,452662
1221694,520.0,780589
1221695,1500.0,784271
1221696,520.0,780792
1221697,1060.0,781768
1221698,280.0,780778
1221699,480.0,780573
1221701,720.0,714233
1221702,432.0,717461
1221703,360.0,714185
1221705,140.0,691506
12217082,1920.0,495591
12217083,768.0,478575
12217085,1920.0,498472
12217086,192.0,478933
12217088,768.0,489767
12217089,256.0,475464
12217130,192.0,478542
1221846,13.0,711764
1221872,140.0,720488
1221873,80.0,790433
1221874,42.0,796072
1221919,32.0,644373
1221977,19.0,796074
1221992,708.0,784273
1222244,480.0,783106
12222739,126.0,452065
12224561,80.0,477956
12227490,630.0,436193
12231279,16.0,459932
12234379,1080.0,495574
12237816,600.0,474187
12237818,600.0,453426
12241930,256.0,475526
12242592,1200.0,458661
12242594,1200.0,492073
12254117,5040.0,486486
12254215,5040.0,494837
12256087,384.0,456343
12259923,504.0,450702
12272210,96.0,500720
12272211,96.0,493994
12272212,96.0,491348
12272215,96.0,497314
12272216,96.0,497085
12274478,12.0,484845
12275157,252.0,486978
12278098,96.0,492243
12278099,96.0,490870
12280976,672.0,483478
12280991,672.0,437902
12280993,672.0,421017
12280995,672.0,465532
12280997,672.0,483128
12281002,672.0,453881
12281083,672.0,486375
12281084,672.0,437995
12282435,5504.0,422026
12283085,192.0,500248
12284815,924.0,444383
12297325,96.0,491274
1230085,15.0,769158
1230086,30.0,764069
1230087,30.0,764060
1230140,50.0,779435
1230141,50.0,780798
1230205,192.0,786240
12303058,256.0,495056
12304690,320.0,492345
1230622,24.0,756619
1230803,24.0,762678
1230804,24.0,721185
1230805,24.0,755515
12308149,1600.0,476251
12309128,1080.0,491830
12310942,288.0,490108
1231204,50.0,721772
1231362,420.0,721331
1231645,112.0,651706
1231653,112.0,653401
1231703,48.0,758195
1231980,24.0,770128
12319884,1600.0,458534
1231999,72.0,762049
12320143,768.0,421107
12320144,1600.0,455312
12320200,256.0,436068
12322984,1200.0,479816
12323129,4368.0,434276
1232710,9.0,777016
1232727,32.0,773454
12332752,600.0,499241
12332865,168.0,488631
12332866,600.0,500792
1233744,72.0,782093
1233746,288.0,642336
12340014,252.0,451696
12340016,180.0,445196
12341453,570.0,486820
12341595,1080.0,432163
12348202,1080.0,498298
12348203,1080.0,500741
12350028,360.0,496367
1235245,24.0,767233
1235246,30.0,720497
1235439,30.0,773301
1235440,30.0,773208
1235441,30.0,761661
1235442,30.0,778907
1235443,30.0,753839
1235444,30.0,793322
1235447,30.0,778949
1235491,36.0,782675
1235502,28.0,774159
12355185,96.0,497227
12355187,96.0,488696
12355258,216.0,458994
12355936,320.0,451608
12355943,320.0,482747
1235644,30.0,750665
1235653,30.0,769074
1235656,30.0,734392
1235657,30.0,762522
1235658,30.0,775034
1235663,30.0,775068
1235664,30.0,762689
1235666,30.0,750663
1235667,30.0,769134
1235674,30.0,762453
1235711,2.0,763695
1235712,3.0,794656
12357124,3456.0,472051
1235714,30.0,761715
1235828,120.0,738511
1235829,120.0,712797
1235830,120.0,758506
1235831,36.0,758492
1235832,120.0,758505
1235833,36.0,758454
1235834,120.0,748799
1235836,400.0,712574
12358388,2304.0,488683
12358410,2304.0,488689
12358411,2304.0,499275
12358413,2304.0,499117
1235861,30.0,778910
1235862,30.0,771898
12359142,320.0,481687
12359144,320.0,488541
1236145,30.0,738094
1236152,24.0,770190
1236165,24.0,734472
1236166,24.0,782042
1236167,24.0,770147
1236168,28.0,770116
1236194,24.0,730736
1236219,18.0,770952
1236220,39.0,746959
1236221,30.0,774155
1236253,54.0,752235
1236254,200.0,782174
1236256,64.0,742938
1236257,64.0,782175
1236276,30.0,762251
1236455,24.0,746742
1236493,18.0,771089
12365155,15680.0,388232
1236519,30.0,778953
1236570,30.0,762362
1236571,30.0,752268
1236574,75.0,718424
1236588,250.0,711667
1236594,41.0,720441
1236597,288.0,794616
12366946,24.0,491443
12366948,24.0,491465
12366971,27.0,491590
12366972,24.0,498927
12366981,27.0,491615
12367238,36.0,491585
12367260,24.0,498710
12367290,27.0,497206
12367419,432.0,461986
1236744,30.0,775244
1236776,56.0,688350
1236781,24.0,768272
1236782,56.0,733470
1236793,71.0,789307
1236794,28.0,771530
1236795,108.0,771531
1236796,36.0,781106
1236799,108.0,771430
1236800,28.0,771513
1236802,216.0,708756
1236804,216.0,708757
1236808,162.0,771435
1236809,48.0,771467
1236810,108.0,771438
1236812,108.0,788322
1236813,36.0,639445
1236814,28.0,771428
1236815,28.0,771525
1236820,24.0,771492
1236824,28.0,639467
1236825,28.0,771464
1236827,162.0,708743
1236829,28.0,771465
1236830,108.0,771432
1236831,24.0,771522
1236832,162.0,673631
12368814,768.0,489799
1236938,1.0,782740
12369707,216.0,487401
12369874,672.0,418288
1236990,18.0,795747
1236991,9.0,795743
1236992,10.0,779398
1237064,72.0,742954
1237065,96.0,782181
1237092,288.0,779950
1237094,75.0,752952
1237099,63.0,766463
12371413,630.0,480518
1237221,323.0,782636
1237247,24.0,779288
1237305,32.0,773830
1237459765300,5.0,727356
1237459773300,10.0,683113
1237580,6.0,659038
1237583537330,48.0,658215
1237583538330,48.0,658200
1237583539330,48.0,658226
1237583540330,48.0,658219
1237583541330,48.0,658231
1237638,8.0,748792
12376600,864.0,435563
1237681,30.0,734091
1237682,30.0,767019
1237683,30.0,770396
1237849,24.0,765645
1237850,24.0,765613
1238011,480.0,717385
1238026,16.0,791958
1238027,7.0,719493
1238032,96.0,739459
1238034,24.0,782677
1238035,12.0,782680
1238037,280.0,696730
1238038,30.0,759429
1238039,55.0,716608
1238040,12.0,712069
1238041,24.0,773393
1238042,12.0,785723
1238044,30.0,779635
1238045,16.0,770481
1238046,120.0,788604
1238047,30.0,764957
1238049,20.0,770623
1238050,120.0,779622
1238051,70.0,735311
1238055,46.0,533239
1238056,320.0,735294
1238057,11.0,716553
1238058,30.0,779618
1238060,135.0,784056
1238061,110.0,788610
1238063,90.0,716502
12380832,432.0,455325
1238127,30.0,752025
1238132,36.0,770208
1238133,36.0,774505
1238134,36.0,774539
12382160,252.0,457660
1238220,24.0,770593
12383264,1080.0,476439
12383272,1080.0,481741
1238414,384.0,752205
1238484556200,54.0,681187
1238485539200,8.0,715831
1238485540200,29.0,709763
1238485541200,54.0,706193
1238485542200,14.0,733630
1238485543200,53.0,711798
1238485545200,22.0,707033
1238485561200,49.0,714055
1238485571200,32.0,712513
1238486541200,40.0,681205
1238486543200,35.0,719267
1238486561200,38.0,705238
1238486571200,21.0,717767
12385039,96.0,497186
12385073,96.0,497183
12385104,432.0,463696
1238511,24.0,771734
1238512,24.0,733459
1238513,56.0,771718
1238514,24.0,771752
1238515,56.0,771723
1238519,32.0,739889
1238520,32.0,748383
1238521,32.0,730868
1238522,32.0,712498
1238523,32.0,732899
1238527,16.0,779632
1238536,348.0,710066
1238538,84.0,710024
1238539,120.0,709969
1238546,72.0,725649
12385509,1200.0,492162
1238565,72.0,761543
1238566,72.0,782183
1238567,72.0,778618
1238568,96.0,742941
1238582,39.0,748256
1238583,30.0,774151
1238585,18.0,771087
1238586,128.0,774161
1238599,264.0,716231
1238600,366.0,712162
1238601,360.0,747661
1238652,60.0,689815
1238657,50.0,750596
1238673,168.0,712272
1238674,168.0,712259
1238695,40.0,771905
1238704,75.0,774127
1238708,42.0,758187
1238715,312.0,690460
1238795,240.0,752532
1238796,46.0,780819
1238818,29.0,719635
1238824,50.0,648146
1238869,56.0,638879
1238870,50.0,779273
1238871,50.0,780869
1238873,36.0,735938
1238875,32.0,735882
1238876,32.0,747237
1238877,36.0,735877
1238878,36.0,747266
1238879,36.0,747278
1238880,28.0,747281
1238881,28.0,747273
1238882,28.0,736000
1238883,28.0,747276
1238884,21.0,747256
1238885,36.0,735950
1238886,36.0,747258
1238887,50.0,718185
1238889,8.0,789368
1238890,126.0,789421
1238892,28.0,747242
1238893,32.0,718184
1238906,126.0,611712
12390953,432.0,473537
12391123,320.0,481685
12391124,320.0,489640
12391347,192.0,492240
12391348,192.0,490898
12392132,36.0,500641
12392238,24.0,491431
12393716,432.0,493437
12393877,1056.0,476441
12395730,432.0,479561
12395754,432.0,477744
12395756,432.0,472610
12396384,1116.0,463909
12396485,432.0,469401
12400132,432.0,481796
1240202,39.0,719233
12402475,9.0,494186
1240254,88.0,782633
1240255,80.0,781730
1240256,68.0,779389
1240261,184.0,691095
1240263,184.0,718590
1240264,72.0,753214
1240266,184.0,790136
1240268,184.0,718552
1240381,288.0,715835
1240421,2.0,621803
12404873,924.0,466817
1240511,315.0,788618
1240572,8.0,774130
12406126,20.0,422726
1240775,37.0,769151
1240778,53.0,754249
1240784,35.0,779232
1240785,33.0,779235
12409592,672.0,419438
1240978,108.0,771528
1240991,72.0,712065
1240992,36.0,759462
12410402,448.0,440372
12410631,1080.0,412574
1241070,108.0,794377
1241072,2.0,780376
12411206,32.0,436281
1241187,296.0,795058
1241206,420.0,760501
12413510,432.0,439715
12414746,36.0,483460
12414753,2.0,458353
12414785,168.0,462421
12414822,3.0,456473
12415275,768.0,426811
12415389,400.0,462423
12415412,360.0,476487
12415414,360.0,477069
12415416,120.0,476473
1241553,66.0,781139
1241564,96.0,717370
1241565,96.0,747738
1241566,36.0,771775
1241567,96.0,747704
1241568,96.0,730043
12416923,11664.0,465563
12416994,1008.0,405981
1241742,75.0,714691
1241743,132.0,790286
1241744,75.0,776908
1241745,132.0,796692
12417457,11664.0,465585
1241747,75.0,744577
12419611,1.0,456634
12422409,432.0,486829
12423720,432.0,463760
1242420,28.0,758553
12424899,432.0,492521
1242544,96.0,701701
1242545,96.0,760488
1242546,96.0,779693
1242547,96.0,779841
1242548,96.0,779840
1242552,27.0,760509
1242554,27.0,780428
1242556,24.0,779696
1242557,24.0,760491
1242558,24.0,750012
1242563,24.0,760529
1242565,24.0,779716
1242566,36.0,779715
1242567,36.0,779771
1242568,96.0,779776
1242576,36.0,760526
1242577,36.0,418345
1242585,32.0,760495
1242586,96.0,760486
1242617,1728.0,717284
1242618,1728.0,787311
1242620,288.0,763251
1242707,570.0,779712
12428436,4.0,443797
12429359,492.0,489535
12429610,504.0,494696
12431372,192.0,495075
1243232,162.0,708754
1243233,108.0,781493
1243234,162.0,708755
1243290,30.0,771892
1243305,30.0,736320
1243332,96.0,713039
1243333,27.0,779754
1243334,24.0,779749
1243335,96.0,750065
1243336,96.0,779719
1243339,2304.0,760499
1243352,400.0,788622
1243353,800.0,601926
12433607,1242.0,479346
1243395,672.0,768890
1243396,672.0,768886
1243397,672.0,687101
1243537,288.0,704378
1243540,75.0,752964
1243552,35.0,758986
1243553,34.0,753351
1243557,1152.0,718617
1243560,288.0,775529
1243584,216.0,673623
1243593,56.0,794868
1243638,55.0,779031
1243639,84.0,782776
1243641,56.0,691930
12436731,432.0,487573
1243689,30.0,774350
1243690,30.0,724439
1243691,30.0,774471
1243692,108.0,766724
1243693,108.0,774339
1243694,102.0,779043
1243699,180.0,743832
1243700,480.0,699760
1243702,340.0,743837
1243703,340.0,743820
1243705,429.0,719363
1243706,480.0,743809
1243707,480.0,699781
1243708,140.0,743843
1243709,105.0,777453
1243710,140.0,699768
1243711,320.0,743838
1243713,320.0,699761
1243716,320.0,699736
1243717,210.0,782682
1243718,160.0,780424
1243719,230.0,779422
1243721,320.0,743825
1243722,320.0,667141
1243723,360.0,699776
1243724,560.0,743818
1243725,1620.0,639036
1243726,1620.0,699720
12437327,2400.0,474244
12437338,2400.0,488617
1243766,64.0,663376
1243767,64.0,784750
1243768,64.0,784799
1243777,120.0,788613
1243785,288.0,771762
1243805,48.0,732728
1243806,160.0,732672
1243807,48.0,711051
1243808,160.0,711058
1243809,27.0,768404
1243810,27.0,782379
1243811,27.0,776572
1243812,27.0,776478
1243813,27.0,768398
1243814,27.0,768377
1243815,44.0,776622
1243817,360.0,718566
1243818,360.0,751188
1243823,117.0,770331
1243853,1360.0,759318
12438536,558.0,443326
1243855,2080.0,718517
1243857,1080.0,779269
1243859,2400.0,790179
1244007,64.0,718595
1244009,64.0,718602
1244011,10.0,754791
1244013,10.0,754793
1244015,10.0,754788
1244036,96.0,795623
1244048,96.0,779706
1244052,96.0,779729
1244053,32.0,779842
1244054,96.0,779746
1244058,56.0,794909
1244060,120.0,794817
1244064,570.0,779846
1244069,300.0,780292
1244070,300.0,780291
1244071,300.0,780295
1244072,300.0,780293
1244073,300.0,744645
1244074,300.0,744668
1244075,300.0,744666
1244076,300.0,780298
1244094,24.0,720930
1244176,16.0,734189
1244177,30.0,781749
1244178,34.0,716334
1244181,35.0,716339
1244183,30.0,781734
1244190,30.0,753447
1244193,30.0,640353
1244196,30.0,775502
1244197,100.0,753349
1244199,30.0,781724
1244200,43.0,716232
1244202,30.0,754746
1244206,18.0,715475
1244207,31.0,640366
1244210,17.0,794143
1244214,32.0,640478
1244217,54.0,792977
1244220,12.0,758160
12442350,480.0,466084
12442398,552.0,466081
12442552,120.0,464784
12442606,384.0,447843
1244268,50.0,793591
12442986,216.0,501509
12442987,180.0,446184
1244303,48.0,782255
1244322,1.0,779707
1244358,24.0,775558
1244359,24.0,756923
1244360,24.0,775546
1244361,24.0,756969
1244362,24.0,708737
1244364,24.0,775553
1244365,36.0,775548
1244366,90.0,708677
1244367,90.0,775575
1244368,90.0,681870
1244369,90.0,791417
1244370,90.0,681884
1244399,72.0,765245
1244400,72.0,786957
1244402,72.0,765197
1244409,72.0,779986
1244448,192.0,717348
1244450,192.0,717364
1244451,36.0,729901
1244452,192.0,704337
1244453,36.0,747765
1244455,36.0,747736
1244456,48.0,694672
1244458,96.0,777061
1244460,192.0,704240
1244461,36.0,747699
1244462,192.0,704244
1244463,36.0,747732
12446001,15.0,431475
1244642,288.0,781741
1244643,288.0,693924
1244644,288.0,751172
1244645,288.0,693885
1244646,288.0,693907
1244653,576.0,771279
1244654,576.0,722041
1244728,40.0,785802
1244730,108.0,774405
1244783,22.0,777156
1244784,24.0,795741
1244785,20.0,795509
1244786,13.0,722013
1244813,120.0,758883
1244831,576.0,788602
12448350,420.0,500164
12449229,9.0,462257
1244934,36.0,684323
12449346,420.0,500179
12449347,420.0,499519
12449351,420.0,499554
12449364,420.0,499424
12449366,420.0,500155
12449380,420.0,497189
1244943,72.0,639466
12449486,570.0,499467
12449503,1080.0,486452
12449553,570.0,478140
12449574,528.0,459112
12449580,2160.0,436359
12449581,384.0,441211
12449643,384.0,477983
12449654,528.0,498696
12449655,1080.0,499039
12449661,570.0,499466
12449716,420.0,500200
12449717,420.0,499737
1244980,75.0,743275
1244981,4.0,734238
1244982,4.0,766656
12449833,6.0,471999
12450221,90.0,499817
12450225,420.0,497325
12450230,90.0,498021
1245035,12.0,755962
1245037,14.0,717516
1245040,48.0,773397
12451558,448.0,477187
12451707,570.0,483104
1245192,8.0,782658
1245231,60.0,782654
1245232,97.0,686628
12452733,3.0,480605
12452784,18.0,444777
12452900,1116.0,463792
1245346,48.0,781960
12454165,2.0,488914
1245481,48.0,779607
1245482,36.0,758645
12455068,40.0,466202
12455217,180.0,447503
1245586,60.0,777819
1245588,10.0,741621
1245594,40.0,760447
1245596,40.0,760449
1245597,30.0,711550
12460018,240.0,496035
12460914,780.0,479245
1246104,3000.0,503517
12461342,44.0,496029
12461343,108.0,495907
12461667,2352.0,483875
12461676,2688.0,450819
12461684,2352.0,452267
12461701,2352.0,417634
12461702,2352.0,469333
1246278,12.0,790752
12463968,1024.0,473927
1246448,12.0,794542
1246450,6.0,776276
1246451,12.0,705056
1246452,8.0,772277
12465490,22.0,496264
12465540,4.0,494757
12465715,606.0,472773
12466185,240.0,496057
12467633,4.0,495088
1246795,72.0,705085
1246814,36.0,775930
12468821,1980.0,457934
12468836,162.0,456396
12468850,119.0,454682
12470926,3240.0,498502
12471096,3.0,449915
12471098,3.0,477443
12471103,4.0,461549
12471126,2592.0,463855
1247223,360.0,794825
12472370,2.0,461514
1247311,70.0,794888
1247312,420.0,760505
1247314,416.0,763704
12473504,2.0,460543
12474552,3240.0,495773
12474842,1152.0,492913
12475568,9.0,493606
12475811,9.0,457194
1247730,72.0,763266
1247732,36.0,778598
12477703,110.0,363350
12477860,188.0,479230
12479049,2000.0,495545
12480790,1920.0,428663
12480801,192.0,493888
12480802,256.0,474906
12481596,4.0,483069
12483234,160.0,490877
12483246,160.0,492231
12483247,80.0,490917
12483249,80.0,490936
12483401,320.0,478691
12483408,80.0,499872
12483409,80.0,490941
12483412,80.0,490860
12483428,80.0,490871
12483702,432.0,493458
12484148,80.0,492205
12484150,64.0,490869
12484224,27.0,497315
12484771,432.0,413002
1248487,11.0,779184
12484878,27.0,490866
12484884,27.0,490841
12484892,27.0,497172
12484895,27.0,490855
1248492,2.0,702105
1248493,2.0,702509
1248494,6.0,766141
1248495,5.0,588542
12484950,160.0,492184
1248496,6.0,776884
1248497,5.0,778717
1248498,5.0,694737
1248499,4.0,779377
1248500,5.0,528813
1248501,1.0,378218
1248502,2.0,785407
1248503,4.0,780470
1248504,5.0,653381
1248505,5.0,766158
1248506,4.0,772632
1248507,5.0,449771
1248508,3.0,361806
1248509,1.0,291976
1248510,7.0,777382
1248511,4.0,700925
1248512,3.0,748922
1248513,2.0,773993
1248514,3.0,361767
1248515,5.0,720234
1248516,6.0,720261
1248518,8.0,671432
1248519,1.0,287605
1248520,1.0,287619
1248521,1.0,287627
1248523,2.0,361644
1248524,3.0,287398
1248528,7.0,655314
1248530,7.0,691503
1248531,4.0,307194
1248533,7.0,426465
12486229,3900.0,497627
1248771,8.0,700880
1248772,8.0,648054
1248773,20.0,658468
1248774,12.0,774927
1248790,9.0,779482
1248801,36.0,758687
1248804,36.0,758690
1248806,36.0,673588
1248842,336.0,521192
12488746,960.0,466136
1248921,10.0,779587
1249055,36.0,756959
1249057,36.0,775543
1249058,90.0,775574
1249061,120.0,708704
1249081,72.0,771795
1249082,144.0,704233
1249083,144.0,747706
1249092,4.0,734203
1249093,5.0,705982
1249094,6.0,796268
1249095,5.0,706260
1249189,28.0,771952
1249190,30.0,753300
12492671,2.0,492330
12492881,420.0,497907
1249314,104.0,780947
1249315,84.0,722173
1249316,144.0,777530
1249319,128.0,768995
1249320,144.0,777552
12493202,420.0,497202
1249323,32.0,768037
1249324,132.0,782688
1249325,32.0,777556
1249326,32.0,777518
1249327,25.0,674637
1249328,144.0,793514
1249329,32.0,777492
1249330,144.0,777522
1249331,32.0,777514
1249332,124.0,782673
1249345,84.0,784055
12494181,16.0,483355
12494355,2.0,482783
1249470,304.0,779720
1249471,570.0,779713
1249558,32.0,645354
1249564,32.0,777561
1249568,32.0,767979
1249574,2.0,740238
1249580,32.0,695348
1249581,144.0,777500
1249651,40.0,674664
1249653,66.0,695418
1249654,144.0,777507
1249656,44.0,770455
1249657,144.0,793539
1249659,44.0,740693
1249663,44.0,796941
1249664,32.0,656682
1249666,44.0,796615
1249667,32.0,656019
1249669,44.0,768030
1249671,120.0,770491
1249673,44.0,768171
1249674,144.0,794673
1249676,66.0,781638
12496961,320.0,473083
1249700,200.0,760485
12497164,1344.0,467132
12497212,672.0,424591
12497481,1344.0,430644
1249749,76.0,784729
1249750,30.0,784725
1249752,30.0,784794
1249753,76.0,766952
1249754,30.0,766951
1249756,76.0,784708
1249757,76.0,784800
1249758,30.0,784795
1249759,30.0,784775
1249761,30.0,637880
1249763,30.0,784845
1249765,76.0,784710
1249767,30.0,637770
1249769,30.0,637796
1249770,76.0,784724
1249771,30.0,784862
1249772,76.0,766955
1249774,30.0,682681
1249776,30.0,682850
1249777,76.0,663385
1249778,30.0,682808
1249779,30.0,784843
1249780,76.0,766906
1249781,30.0,784719
1249784,76.0,784715
1249785,76.0,784809
1249787,30.0,663464
1249793,60.0,779640
1249809,184.0,761979
1249810,120.0,775520
1249811,100.0,709396
1249812,184.0,790110
1249827,24.0,757069
1249828,120.0,718935
1249834,4.0,780534
1249835410410,8.0,525554
1249835415410,4.0,780386
1249835420410,3.0,780394
1249836410515,8.0,772108
1249836415515,4.0,780411
1249836420515,3.0,780509
1249837405105,12.0,793597
1249837410105,8.0,780357
1249837415105,5.0,780375
1249838405510,12.0,780519
1249838410510,8.0,780401
1249838415510,5.0,693251
1249840,68.0,716524
1249841,12.0,741118
1249842,44.0,784112
1249843,64.0,784105
1249844,20.0,780535
1249846,96.0,780577
1249847,32.0,793070
1249848,64.0,787499
1249849,64.0,793856
1249850,56.0,793855
1249866,12.0,766928
1249870,32.0,781641
1249871,144.0,777527
1249872,144.0,777516
1249873,32.0,754095
1249875,36.0,747713
1249890,30.0,738840
1249896,100.0,790129
1249952,32.0,779717
12499528,2016.0,465725
1249953,32.0,713051
1249954,96.0,779742
1249961,7.0,691562
1249962,6.0,666836
1249963,8.0,608337
12499689,160.0,492338
1249986,360.0,718570
12499860,64.0,494406
1250013,50.0,697534
1250014,15.0,771249
1250016,60.0,794687
1250017,40.0,773893
12500245,25.0,456793
1250039,36.0,712416
1250042,2.0,620060
1250065,10.0,725878
12500962,1344.0,377076
1250100,26.0,687783
1250143,90.0,697542
1250144,114.0,796079
1250150,18.0,619788
12501619,2160.0,491673
1250162,4.0,792876
12501630,2160.0,484654
12501641,2160.0,495884
12501642,2160.0,491675
12501673,27.0,490865
12501678,1944.0,443637
12501679,1944.0,495882
12501682,1944.0,453560
12501683,1944.0,495781
12501686,1944.0,453658
12501691,1944.0,430133
1250178,624.0,774268
1250179,120.0,675804
12501830,2160.0,458085
12501885,1944.0,473806
1250189,20.0,712153
1250190,18.0,782518
1250199,1.0,704541
1250200,240.0,769241
1250225,28.0,712928
12502587,1848.0,492922
12502588,1848.0,500280
12502596,1848.0,498111
12502632,1024.0,489094
12502641,1024.0,497270
1250290,50.0,781633
12502939,1.0,454692
1250295,177.0,713961
1250296,73.0,789709
1250297,46.0,624362
1250304,912.0,780335
12503789,1050.0,482578
1250389,48.0,553637
1250392,20.0,756085
1250394,36.0,716620
1250395,450.0,669136
1250401,2.0,698767
1250403,1200.0,723789
12504291,4.0,428997
1250432,180.0,447248
12504330,192.0,453425
1250442,23.0,782651
1250452,35.0,666448
1250453,11.0,702429
12504589,320.0,470757
1250460,60.0,704948
1250493,31.0,770494
1250494,9.0,720347
1250511,8.0,431792
1250525,48.0,616981
1250526,96.0,661044
12505393,2688.0,490770
1250543,18.0,664669
1250549,132.0,675313
12505596,288.0,486390
1250565,36.0,782735
1250568,5.0,786831
12505708,2.0,494069
12505740,96.0,495970
1250589,24.0,694478
1250590,15.0,727189
12505952,288.0,500646
12506129,1860.0,464786
12506130,7000.0,486750
1250617,84.0,688042
1250618,384.0,783427
12506217,288.0,486593
1250622,50.0,677108
12506220,288.0,500732
1250623,48.0,600848
1250624,120.0,769247
12506243,2.0,492708
12506413,288.0,496429
12506422,288.0,496384
1250674,2.0,778167
1250696,120.0,701714
1250697,120.0,783283
1250698,120.0,783277
1250723,408.0,719171
1250726,600.0,676429
1250742,180.0,762115
1250743,156.0,784170
12507696,720.0,495648
1250782,450.0,680798
12507915,288.0,496379
12507931,288.0,496537
12507937,288.0,495995
12507949,288.0,496452
12508072,8840.0,495769
12508073,4860.0,496399
1250817,11.0,779581
1250819,66.0,773771
1250844,36.0,751081
12508584,288.0,496526
1250859,80.0,575796
1250860,80.0,576627
12508644,768.0,426701
1250894,12.0,777010
1250926,39.0,780543
1251001,360.0,741797
1251010,703.0,641212
1251064536200,50.0,719167
1251064537200,48.0,670279
1251064538200,48.0,665948
1251064539200,48.0,665978
1251064540200,48.0,665634
1251064541200,48.0,665686
1251064542200,56.0,683276
1251064543200,48.0,668462
1251064544200,48.0,668450
1251064545200,48.0,665577
1251064546200,48.0,668460
1251064547200,22.0,702570
1251066,132.0,658840
12510848,20.0,459042
1251088568200,480.0,644400
1251117,350.0,775595
1251118,360.0,775285
1251119,184.0,782699
1251120,75.0,711196
12511220,288.0,496492
12512108,2240.0,493685
12512347,192.0,498777
1251257,189.0,642539
1251258,10.0,775533
12512917,936.0,448171
12513017,200.0,500953
12513023,8.0,464255
12513027,14.0,429083
1251305,4.0,687146
1251307,84.0,774756
12513735,288.0,455449
12513750,324.0,466774
1251403,32.0,783328
1251404,60.0,783281
1251405,20.0,766181
1251406,60.0,717944
1251407,12.0,783305
1251408,40.0,783280
1251423,1032.0,780891
1251424,1260.0,784270
1251426,138.0,754464
1251427,94.0,419234
1251429,720.0,712315
1251433,44.0,492526
1251434,72.0,744183
12514803,360.0,451938
12514814,360.0,451636
1251500,269.0,796956
1251522,9.0,587643
1251540,800.0,715852
12515604,90.0,501105
1251594,60.0,736473
1251599537675,37.0,641592
1251599538675,60.0,694727
1251599539675,72.0,274616
1251599540675,69.0,599625
1251599542675,80.0,274647
1251599543675,48.0,700850
1251601,240.0,644347
1251607,720.0,644396
1251622535998,93.0,476281
1251623536145,60.0,476274
1251623542145,69.0,476266
1251624536330,44.0,476287
1251624541330,76.0,476541
1251633,11.0,706745
1251634,40.0,648792
1251635,40.0,697192
1251660,96.0,796239
1251665,4.0,602997
1251666,4.0,730237
1251674,16.0,544592
1251675,3.0,292522
1251703,5.0,785689
1251705,18.0,720610
1251710,30.0,740639
1251711,30.0,668766
1251743,19.0,545639
12517541,112.0,460081
12517542,112.0,440717
1251761,40.0,778594
1251762,40.0,742906
1251764,50.0,759395
1251765,10.0,736998
1251766,20.0,736993
1251769,32.0,773873
1251782,40.0,687908
1251840,144.0,774332
1251842,26.0,770495
1251843,60.0,722728
1251853,40.0,753691
12520752,12.0,484961
12521310,432.0,487532
12522309,2.0,496026
12524888,378.0,412979
12524904,32.0,494198
12524925,96.0,495965
12524952,32.0,496154
12526136,288.0,479976
12526369,8.0,456518
12527143,432.0,426366
12527148,6.0,458331
12528236,432.0,470596
12528836,432.0,501168
12528911,576.0,494761
12528940,432.0,493494
12528992,288.0,479792
12529103,432.0,490592
12531311,960.0,468391
12531324,960.0,470729
12531375,960.0,451896
12531571,630.0,435173
12531802,2240.0,440316
12531817,2400.0,430035
12531832,2400.0,460639
12531839,3168.0,486083
12531841,2400.0,453178
12531843,3168.0,486272
12531844,3168.0,486173
12531846,3168.0,486351
12533523,560.0,487589
12533837,108.0,446913
12533856,108.0,426184
12534787,60.0,454026
12534883,4.0,494910
12534946,378.0,435913
12534948,378.0,493914
12535307,6720.0,466887
12535322,480.0,488033
12535332,480.0,499974
12535582,6048.0,430426
12537321,4.0,494710
12537541,576.0,452440
12537581,3192.0,496068
12537692,420.0,435340
12537693,588.0,454042
12537951,1080.0,480590
12538069,1080.0,479080
12538088,540.0,476358
12538159,10.0,494241
12538562,64.0,488810
12538563,90.0,494386
12538568,420.0,488803
12538604,420.0,486630
12538611,420.0,500198
12538621,420.0,496373
12538734,420.0,325289
12539026,32.0,491508
12539460,2.0,496072
12540161,1920.0,461780
12542326,2400.0,487060
12542336,2400.0,486085
12542537,324.0,489265
12548606,1968.0,474451
12548935,270.0,482997
12549537,324.0,453086
12549977,20.0,460601
12550532,3.0,487500
12550615,600.0,451097
12550823,420.0,500388
12550859,16.0,462139
12551088,2.0,465691
12551121,1152.0,494899
12552406,2640.0,476621
12552655,432.0,475335
12552710,600.0,464748
12552807,16.0,501014
12552929,360.0,491325
12552931,512.0,467141
12553248,7896.0,473394
12553556,600.0,428313
12553847,768.0,483039
12553912,2.0,496075
12553921,6.0,492918
12554278,2160.0,491611
12554310,2160.0,496066
12554320,2160.0,479177
12554330,1432.0,430056
12554401,2160.0,484652
12554402,2160.0,479125
12554915,9024.0,455917
12556826,144.0,501008
12557095,420.0,497220
12558599,8.0,494144
12558623,3.0,496059
12559876,4.0,490756
12559923,600.0,428968
12559930,600.0,464734
12559932,600.0,489586
12559933,600.0,419266
12559941,600.0,461285
12559942,600.0,429853
12559943,600.0,436507
12560013,324.0,468582
12560058,4.0,490977
12560077,270.0,493818
12560331,324.0,449299
12560426,320.0,437883
12560556,256.0,430601
12560571,12.0,429792
12560572,256.0,429731
12560754,768.0,427187
12560777,42.0,489883
12561345,288.0,453354
12561585,126.0,485473
12562112,168.0,483590
12562269,432.0,462147
12562574,432.0,456222
12562598,432.0,493506
12562734,432.0,391669
12562744,432.0,424644
12563265,288.0,455620
12563276,576.0,494916
12565409,2496.0,382156
12565417,9672.0,444006
12565452,1680.0,330245
12565655,264.0,431846
12565685,198.0,480992
12566146,375.0,436085
12566153,126.0,425583
12566179,375.0,489734
12566633,375.0,476191
12566786,4.0,492709
12567119,675.0,427685
12567131,375.0,436163
12567505,112.0,454063
12567507,2.0,495663
12567538,384.0,456572
12567556,2.0,497192
12567606,48.0,456386
12567846,11664.0,485789
12568205,2880.0,499351
12568728,4800.0,491901
12569001,324.0,485546
12569529,288.0,495230
12569792,2.0,447332
12571485,504.0,452484
12571488,504.0,459502
12572098,324.0,483048
12572340,300.0,430204
12572614,1152.0,488709
12572635,1152.0,488773
12572837,2400.0,480373
12572838,2400.0,450945
12573005,648.0,447032
12573022,648.0,432788
12573039,648.0,438617
12573059,648.0,430290
12573072,648.0,480697
12573074,648.0,471790
12573183,1500.0,454059
12573286,512.0,463911
12573366,4480.0,488007
12573417,768.0,479546
12573441,42.0,490473
12573491,1200.0,479638
12573538,5760.0,463885
12573784,5760.0,479587
12574823,720.0,497571
12574954,320.0,482707
12575214,2160.0,419149
12575216,1944.0,471480
12575222,2160.0,463209
12575223,2160.0,473807
12575225,1944.0,489021
12575242,2160.0,479115
12575243,2160.0,435917
12575244,2160.0,496185
12575245,2160.0,484606
12575434,1944.0,424680
12575436,1944.0,428376
12575437,3024.0,489031
12575464,96.0,497301
12575485,1944.0,443667
12575490,360.0,495388
12575533,320.0,484549
12575545,320.0,484134
12575702,231.0,456555
12575742,204.0,378300
12575759,385.0,471807
12575787,1944.0,496151
12575805,2640.0,439446
12575813,2100.0,495780
12575820,960.0,496614
12575823,2400.0,479550
12575834,924.0,492407
12575905,960.0,480381
12575909,385.0,473439
12575916,2400.0,496609
12575928,2100.0,485566
12575933,2640.0,491652
12576054,512.0,430093
12576070,192.0,450680
12576075,3920.0,497500
12576089,3920.0,497535
12576166,450.0,468961
12576285,2160.0,453552
12576317,1944.0,488993
12576318,2160.0,489016
12576367,240.0,470754
12576372,324.0,458732
12576384,324.0,479446
12576449,1008.0,496456
12576457,1008.0,498505
12576697,480.0,497779
12577320,384.0,497072
12578024,960.0,431120
12578249,570.0,500968
12578501,7776.0,425086
12578673,768.0,465493
12578675,768.0,436687
12578680,768.0,429324
12578939,30.0,483303
12578969,12.0,483410
12578972,48.0,494184
12578975,16.0,483611
12578992,16.0,483416
12579045,2304.0,488599
12579050,2304.0,488808
12579118,1728.0,480446
12579145,1728.0,486039
12579152,1728.0,444607
12579155,1728.0,486047
12579511,2976.0,435140
12579748,270.0,458680
12580345,450.0,491463
12580363,700.0,498120
12580628,270.0,492094
12580992,192.0,499775
12581037,432.0,439604
12581355,3.0,447377
12581481,2240.0,428871
12581756,480.0,495795
12583100,1440.0,449617
12583144,576.0,456658
12583476,45.0,498058
12583508,2783.0,488799
12583513,45.0,491532
12583522,480.0,498258
12583534,2783.0,491485
12583536,960.0,498266
12583622,128.0,491434
12583641,32.0,498749
12583673,231.0,437982
12583811,1024.0,487597
12583841,231.0,494869
12583866,288.0,498079
12583885,288.0,498074
12583897,231.0,495595
12584141,400.0,488771
12584146,400.0,499705
12584897,231.0,479418
12584990,231.0,475381
12585009,198.0,490800
12585018,1728.0,467263
12585023,231.0,485587
12585024,198.0,467733
12585030,231.0,491641
12585058,128.0,491605
12585081,231.0,482392
12585155,4940.0,380985
12585197,60.0,492473
12585208,8.0,463812
12585224,4940.0,486713
12585242,12.0,456484
12585346,231.0,444719
12585388,9520.0,486768
12585389,8840.0,473767
12585415,231.0,481288
12585714,378.0,393349
12585737,378.0,490798
12585744,378.0,494904
12587005,1440.0,490808
12587126,4.0,497517
12587133,4.0,488270
12587152,4.0,488172
12587728,324.0,489459
12587745,324.0,482110
12588072,600.0,428955
12588234,1440.0,359117
12588403,47.0,456527
12589484,42.0,431601
12589505,36.0,490854
12589691,4200.0,465983
12590063,2560.0,455869
12590192,160.0,362834
12590288,2376.0,459542
12590298,2376.0,459525
12590445,532.0,475008
12591144,560.0,492753
12591152,560.0,497347
12591917,930.0,478606
12591923,930.0,482118
12592091,231.0,479367
12593358,576.0,486588
12593933,3420.0,477486
12593942,3420.0,443953
12593957,3420.0,481581
12594134,252.0,489450
12594532,320.0,457989
12594687,360.0,472893
12595307,2160.0,479188
12595433,320.0,495539
12596146,9.0,445871
12596148,15.0,441938
12596582,510.0,458761
12596591,231.0,457104
12596761,1200.0,482996
12597038,2080.0,333979
12597052,7104.0,450596
12597314,2340.0,440531
12597330,3300.0,484394
12597388,880.0,443653
12597737,288.0,499370
12597747,400.0,452012
12597940,288.0,486493
12598694,440.0,451920
12599069,192.0,497608
12599281,672.0,500782
12599317,9504.0,457900
12599705,960.0,501025
12599708,924.0,462076
12599787,672.0,493549
12599788,672.0,498568
12599789,672.0,481446
12599798,672.0,500221
12599804,672.0,476449
12599813,672.0,480753
12599821,672.0,487961
1260000,30.0,721392
12600251,840.0,425932
12600757,288.0,417960
12601086,216.0,489430
12601178,9672.0,493094
12601234,880.0,497680
12601341,348.0,497350
12601447,924.0,492403
12601456,924.0,450946
12601499,9.0,445886
12601516,420.0,496560
12601524,924.0,446451
12601531,540.0,439994
12601540,84.0,441843
12601544,288.0,442474
12601693,420.0,496357
12601707,2160.0,479203
1260194,20.0,782427
12602062,2400.0,446590
12602070,2400.0,438524
12602528,570.0,494201
1260257,96.0,667787
12602695,768.0,495473
12602718,768.0,499029
12602720,768.0,472476
12602931,432.0,479381
12603001,864.0,496437
1260303,15.0,702284
12603086,1296.0,496423
12603108,2.0,484338
12603176,864.0,497536
1260355,1068.0,695217
12603882,924.0,493948
12604058,924.0,477303
12604185,144.0,420418
1260422,135.0,604997
1260423,70.0,589265
1260425,32.0,738644
12604295,2688.0,448165
12604297,2688.0,475148
12604302,2688.0,486227
12604319,190.0,478625
12604334,480.0,476258
12604340,384.0,476308
1260443,1.0,687406
12604629,5504.0,478763
12604852,168.0,465310
12604854,5208.0,496633
12604872,4464.0,497514
12604880,360.0,492745
12604947,924.0,492434
12605150,570.0,484307
12605163,1116.0,493824
12605476,768.0,449864
12605758,432.0,463974
1260589,600.0,748556
1260590,600.0,680358
1260591,126.0,711531
1260605,600.0,680336
1260606,600.0,704934
12606230,44.0,500750
1260625,219.0,773333
1260637,756.0,758708
12606486,192.0,501152
1260651,42.0,629363
12606572,600.0,488680
12606652,5504.0,448744
12606722,192.0,500633
12606833,240.0,500059
12606989,96.0,499939
12607000,621.0,441340
12607034,483.0,475280
12607080,621.0,499698
12607274,621.0,485492
12607287,621.0,393384
12607288,96.0,491501
12607295,621.0,493615
12607373,483.0,486814
12607408,108.0,497503
12607441,108.0,497526
12607481,108.0,498914
12607499,621.0,443766
12607707,621.0,460273
12607711,621.0,460349
12607732,72.0,501078
12607867,96.0,501148
12607894,576.0,494730
12608128,560.0,494712
12608252,64.0,492202
12608550,560.0,485890
12608617,64.0,497293
12608629,192.0,486938
12608739,432.0,409254
12608746,3456.0,485608
12608878,44.0,492773
12608970,3456.0,491955
1260907,48.0,664578
1260921,115.0,720506
1260922,65.0,734899
1260923,130.0,709016
1260924,100.0,693521
1260925,60.0,721340
1260927,36.0,742433
12609562,672.0,498351
1260986,130.0,751162
12609957,664.0,456466
12610008,448.0,432079
12610031,1680.0,481744
12610327,4875.0,434080
12610396,36.0,487862
12610500,9.0,484097
12610508,112.0,485867
12610544,5616.0,465993
12610728,640.0,488610
12610729,640.0,499777
12610760,640.0,488651
12610788,320.0,488743
12610872,9.0,490708
12610939,9.0,492991
12610957,3.0,460215
12610964,9.0,478676
12611037,9520.0,486756
12611048,2200.0,499043
12611061,8840.0,495778
12611276,90.0,456414
12611475,5376.0,492019
12611480,2240.0,481994
12611585,3.0,497537
12611619,3.0,499243
12611671,9.0,487488
12611844,5022.0,417620
12611884,5022.0,458925
12611965,900.0,499102
12611976,900.0,495901
12611991,900.0,498115
12612225,180.0,496293
12612240,900.0,498155
12612245,224.0,495633
12612456,8.0,486200
12612464,12.0,456715
12612541,240.0,442015
12612545,4.0,458851
12612844,24.0,499261
12612852,24.0,495660
12612959,240.0,494229
1261296,30.0,729289
12612964,108.0,492675
12612992,320.0,499962
1261307,85.0,719663
12613210,4.0,494525
12613454,220.0,384203
12613553,2640.0,366703
1261366,240.0,785202
1261368,187.0,709095
1261369,205.0,708773
12613998,621.0,486743
12614530,1680.0,472100
1261455,500.0,795505
1261466,432.0,720665
12614674,4.0,494840
1261477,240.0,707872
12614856,4.0,488142
12615084,4.0,339175
12615138,72.0,500369
12615207,1008.0,500682
12615810,27.0,491087
12616003,72.0,491574
1261630,90.0,671106
1261635,396.0,792915
12616452,400.0,488083
1261656,54.0,720848
12616763,2.0,492919
12616771,2604.0,425098
12617102,1840.0,393689
12617132,864.0,496426
12617159,5460.0,486721
12617205,1064.0,433384
12617303,648.0,476848
12617305,924.0,482626
12617333,648.0,463848
12617335,648.0,485481
12617353,648.0,475114
12617357,288.0,488768
12617409,70.0,483529
12617768,4368.0,497312
12617848,4368.0,487593
12617858,4368.0,498331
12617875,4368.0,498853
12617880,4368.0,488363
12617890,4368.0,490175
12618814,600.0,499561
1261883,18.0,765011
1261884,30.0,767784
12618916,3.0,498878
1261929,70.0,549969
12619637,560.0,496665
12619663,560.0,499798
12619855,72.0,499339
12619984,172.0,496677
1262033,250.0,742288
1262034,300.0,670108
1262035,180.0,670168
1262036,80.0,670154
12620503,7200.0,458858
12620841,512.0,456578
1262090,24.0,760799
12621004,420.0,438527
1262102,12.0,394888
12621043,408.0,375227
1262108,12.0,669776
1262112,8.0,775892
1262113,25.0,515233
1262129,24.0,781871
1262130,24.0,699485
1262133,540.0,671099
1262136,144.0,671109
1262140,12.0,362154
1262143,24.0,754062
1262181,400.0,703631
1262185,45.0,791751
1262187,30.0,775978
1262192,480.0,796197
1262193,120.0,720882
1262207,12.0,778201
12622241,252.0,454933
1262242,12.0,789335
1262272,192.0,720199
1262273,43.0,788881
12622852,384.0,408736
12622855,648.0,431128
12622857,648.0,428846
12622869,480.0,476371
12622879,320.0,495316
12622886,320.0,485717
12622887,320.0,490240
12622900,320.0,478811
12622904,320.0,447554
12623134,12.0,473950
12623135,8.0,473723
12623555,900.0,491546
12623569,2016.0,460371
12623610,2016.0,384292
12623620,2016.0,479127
12623675,1092.0,477669
12623812,2240.0,389441
12623845,90.0,498326
12624175,648.0,496611
12624176,648.0,450646
12624210,648.0,475124
12624225,648.0,457610
1262425,10.0,694699
12625105,3584.0,408976
12625118,3584.0,418583
1262538536200,48.0,670849
1262538537200,48.0,727184
1262538538200,48.0,670974
1262538539200,48.0,670899
1262538540200,48.0,671004
1262538541200,48.0,670988
1262538542200,48.0,670935
1262538543200,48.0,670296
1262538544200,42.0,719494
1262538545200,40.0,719164
1262538546200,44.0,712182
1262538547200,10.0,704385
12625516,3420.0,477607
12625918,9672.0,493193
12626402,4096.0,439120
12626576,2080.0,448372
12626582,8640.0,414575
12627505,4.0,494556
12627533,630.0,464153
12627541,1080.0,478432
12627551,1080.0,493938
12627764,560.0,496553
12627830,4368.0,496497
12627943,5504.0,422857
12627953,2016.0,491114
12627998,8.0,493803
12628044,2.0,495724
12628052,20.0,486579
12628099,1200.0,483706
1262827,20.0,689115
12628324,2640.0,428474
1262838,45.0,629851
1262839,44.0,796039
1262861,36.0,722640
12628699,432.0,481601
12628765,231.0,425302
12628918,3.0,456691
1262917,216.0,658851
1262918,90.0,658822
1262925,18.0,507347
12629507,8.0,476870
12629508,8.0,474711
12629515,1024.0,488316
12629516,1024.0,488157
1262953,34.0,773142
12629558,828.0,456558
1262964,6.0,685890
12629642,960.0,465567
12629651,960.0,486041
12629891,100.0,496855
1262990,156.0,467529
12630080,1620.0,416927
12630264,2240.0,446477
12630286,437.0,498053
1263030,200.0,703621
1263031,100.0,703614
12630318,2016.0,461792
1263032,2000.0,715516
1263033,1000.0,781583
12630784,96.0,499346
12630794,8.0,474235
12630925,64.0,498519
1263211,2.0,716403
1263230,29.0,720955
1263249,5.0,497600
1263252537330,60.0,657717
1263252538330,60.0,657428
1263252539330,60.0,657450
1263252540330,60.0,657702
1263252541330,60.0,657439
1263252542330,60.0,657722
1263252543330,60.0,657728
1263252544330,60.0,657670
1263252545330,30.0,657751
1263270,8.0,663041
1263271,6.0,678281
1263272,6.0,772739
1263303,19.0,591631
1263309,360.0,733058
1263315,12.0,529059
1263326,45.0,652333
1263368,180.0,792919
1263369,4.0,700746
1263520,108.0,752689
12638486,840.0,488615
1264833,8.0,665774
12652347,6720.0,478025
1265262,108.0,757870
1265274,18.0,692258
1265329,4.0,687372
1265333,18.0,688089
1265348,220.0,742261
1265365,375.0,781521
1265366,875.0,781632
1265370,42.0,689369
1265371,100.0,707330
1265372,144.0,707368
1265373,384.0,707339
1265426,1224.0,633217
1265427,693.0,633241
1265433,432.0,633254
1265439,126.0,633273
1265461,18.0,637145
1265464,320.0,760700
1265465,320.0,760196
1265466,240.0,760237
1265467,120.0,707591
1265468,48.0,705146
1265469,90.0,707633
1265473,4.0,720194
1265477,8.0,696693
12659785,40.0,498516
1266302,6.0,445325
1266306,56.0,720658
1266307,16.0,781102
1266308,160.0,738943
1266310,36.0,776968
1266312,32.0,748072
1266313,32.0,776995
1266364,60.0,781657
1266366,474.0,721267
1266367,349.0,782681
1266417,34.0,692710
1266419,64.0,678683
1266420,64.0,679530
1266423,90.0,667731
1266425,72.0,678678
1266711,50.0,719857
1266712,50.0,702270
1266759,71.0,601885
1266774,288.0,714517
1266788,48.0,711508
1266793,36.0,672346
1266801,60.0,781671
1266824,108.0,780569
1266825,50.0,781647
1266830,80.0,747315
1266832,1000.0,781619
1266833,810.0,781620
1266839,12.0,692280
1266840,18.0,692267
1266841,12.0,692291
1266881,48.0,674129
1267001,24.0,760072
1267002,160.0,760021
1267003,160.0,707737
1267004,640.0,760873
1267016,90.0,701531
1267017,280.0,778202
1267029,312.0,782546
1267030,390.0,782678
1267035,540.0,715642
1267143,144.0,791912
1267146,108.0,771977
1267147,216.0,720642
1267154,40.0,720788
1267155,320.0,791515
1267160,60.0,781681
1267161,320.0,791502
1267162,50.0,692103
1267198,60.0,701361
1267199,80.0,701447
1267200,600.0,720344
1267201,600.0,720357
1267206,10.0,740548
1267209,204.0,679537
1267214,6.0,666169
1267227,4.0,700818
1267230,2.0,680391
1267279,288.0,720847
1267280,108.0,720695
1267282,600.0,720352
1267353,2.0,676421
1267364,60.0,719130
1267365,84.0,719116
1267366,384.0,719148
1267367,432.0,719107
1267378,58.0,717483
1267379,120.0,707352
1267384,75.0,707503
1267385,121.0,782661
1267391,312.0,707406
1267791,180.0,667020
1267803,4.0,704490
12680060,1.0,392413
1268014,225.0,699705
1268066,180.0,774399
1268067,48.0,720958
1268073,2.0,725328
1268074,4.0,763095
1268077,48.0,341037
1268078,80.0,751114
1268092,25.0,711351
1268101,2.0,473357
1268102,10.0,479868
1268103,90.0,749192
1268147,1080.0,784828
1268150,102.0,505761
1268164,140.0,720962
1268165,160.0,796196
1268166,184.0,779723
1268193,179.0,780594
1268196,42.0,794613
1268206,192.0,274855
1268207,192.0,407631
1268220,2.0,447618
1268224,1.0,526371
1268229,24.0,791246
1268237,9.0,274456
1268239,48.0,292386
1268297,12.0,691865
1268298,10.0,688739
1268348,850.0,667791
1268370,348.0,715628
1268382,21.0,594285
1268513,2000.0,776207
1268514,80.0,782532
1268515,3.0,789466
1268555,5.0,499418
1268556,3.0,641215
1268557,2.0,600749
1268574,4.0,754089
1268580,54.0,666219
1268581,21.0,368954
1268587,520.0,650595
12688227,840.0,426072
12688333,840.0,426065
1269125,3.0,361502
1269130,60.0,630143
1269131,200.0,690865
1269149,306.0,713935
1269173,60.0,624633
1269174,1000.0,766855
1269175,100.0,730474
1269219,80.0,791954
1269228,20.0,695435
1269229,20.0,275195
1269238,1500.0,429420
1269281,24.0,763741
1269284,60.0,683024
1269287,30.0,776974
1269289,12.0,641581
1269315,16.0,778895
1269316,24.0,720828
1269317,104.0,796210
1269318,16.0,720824
1269319,40.0,714650
1269320,20.0,701603
1269324,6.0,711130
1269325,30.0,650592
1269326,27.0,640232
1269327,18.0,650590
1269328,20.0,743636
1269329,22.0,794069
1269330,20.0,650607
1269333,290.0,671103
1269334,180.0,671107
1269385,192.0,791915
1269387,84.0,782562
1269388,100.0,766851
1269700,960.0,722579
1269701,64.0,492683
1269702,48.0,540035
1269703,70.0,721899
1269780,384.0,783766
1269781,80.0,764692
1269854,1.0,661812
1269948,108.0,785139
1269959,36.0,641361
1270004,12.0,334074
1270005,52.0,734783
1270044,18.0,725689
1270046,1.0,688115
1270047,1.0,654166
1270086,27.0,720988
1270413,312.0,707374
1270414,312.0,707415
1270415,228.0,707390
1270428,2.0,761484
1270455,10.0,456811
1270497,54.0,458542
1270499,54.0,669913
1270565,13.0,721647
1270567,27.0,713970
1270568,32.0,717473
1270635,37.0,712712
1270637,37.0,731063
1270638,55.0,678113
1270659,24.0,699264
1270673,12.0,277046
1270674,6.0,276144
1270706,200.0,758135
1270708,480.0,719102
1270712,140.0,729340
1270713,22.0,274567
1270715,26.0,476232
1270721,450.0,293758
1270722,648.0,794602
1270723,396.0,792920
1270724,10.0,719422
1270726,358.0,796495
1270731,4.0,767574
1270732,16.0,724509
1270806,357.0,469253
12731382,186.0,461491
12773983,5504.0,472541
1280007,60.0,776239
1280035,400.0,739296
1280054520200,144.0,400410
1280054521200,144.0,400892
1280054588200,216.0,400983
1280055520250,144.0,400394
1280077,840.0,715070
1280078,840.0,715024
12822632,320.0,468401
12854568,1008.0,492544
12868516,504.0,469077
12868517,162.0,469134
1290035974250,160.0,542722
1290035975250,140.0,544097
1290055,24.0,757003
1290057,108.0,720534
1290058,24.0,756999
1290066,32.0,773106
1290067,108.0,794346
1290068,24.0,720931
1290071,1.0,779221
1290072,13.0,746794
1290075,2.0,755275
1290087973392,14.0,541437
1290101,2400.0,776988
1290102,2400.0,751066
1290118974200,10.0,721056
1290118975200,9.0,775479
1290120,10.0,727771
1290121,8.0,541719
1290122,18.0,734183
1290128,464.0,503429
1290129,216.0,719017
1290158,480.0,773869
1290159,480.0,718845
1290160,480.0,791461
1290161,480.0,773865
1290162,480.0,773861
1290184,19.0,782696
1290187,30.0,741145
1290188,31.0,629849
12934760,4.0,495353
12935263,600.0,468559
12935265,600.0,468774
12935363,600.0,432659
12935445,600.0,437069
12935446,600.0,427891
12935449,600.0,495163
12935460,600.0,477666
12935488,600.0,477671
12939020,324.0,496531
12939256,600.0,432675
12939405,600.0,468824
12946744,4.0,493869
12996758,2.0,429188
12998078,1232.0,461003
13011675,2240.0,446540
13015087,600.0,463525
13015088,600.0,495378
13023206,3168.0,488613
13023208,3168.0,488745
13043734,96.0,500612
13046528,720.0,494355
13086499,231.0,493114
13086738,378.0,494197
13091067,2016.0,499612
13091430,840.0,433948
13106019,600.0,491029
13119314,5376.0,460560
13182968,1820.0,443318
13220424,320.0,492372
13233546,324.0,436695
13241648,448.0,464340
13328642,90.0,500643
13376068,6048.0,494114
13376403,6048.0,492971
13389141,320.0,417810
13396002,14400.0,499099
13429254,200.0,478607
13441401,253.0,498069
13442252,253.0,498766
13451892,288.0,472982
13465127,144.0,476476
13473759,240.0,473597
13473893,448.0,451013
13473894,448.0,479648
13474022,3680.0,456380
13508229,252.0,410896
13527085,252.0,433619
13577880,252.0,433421
13588795,750.0,461727
13597499,216.0,495090
13612054,9.0,473323
13612695,768.0,472216
13613193,5504.0,472430
13655660,16.0,499176
13664898,10.0,494423
13664962,18.0,499018
13669355,2.0,497960
13669365,3.0,480816
13678558,8.0,486219
13679580,3.0,458370
13700972,6.0,475808
13709803,2232.0,461783
13712796,2.0,494980
13712798,2.0,466995
13716821,3.0,470388
13737299,4.0,492980
13737356,4.0,473381
13737371,4.0,494336
13737444,4.0,495532
13753660,3.0,460470
13756860,924.0,492367
13781892,44.0,498107
13785355,8.0,439333
13785410,2016.0,493147
13785412,2016.0,499476
13785414,2016.0,487042
13812072,2.0,479657
13843389,576.0,500992
13854572,6.0,460389
13854573,8.0,494128
13871522,3420.0,491911
13875110,18.0,471075
13883117,4800.0,448392
13892955,570.0,488605
13892958,570.0,499036
13892977,570.0,488622
13892990,24.0,492187
13892992,24.0,495232
13914697,24.0,491413
13914912,32.0,495211
13914965,32.0,499041
13914981,32.0,495499
14056148,426.0,493809
14056212,600.0,496792
14056213,600.0,492254
14068500,3.0,489669
14073641,4.0,486670
14151566,432.0,497888
14171953,4.0,494953
14205156,1664.0,456367
14315402,96.0,466107
14323699,2400.0,469961
14442052,4.0,488345
14505397,324.0,421630
14505856,4.0,500399
14505940,4.0,500358
14507237,324.0,480851
14507847,192.0,487093
14507850,8.0,485132
14507861,2340.0,448769
14508051,324.0,453153
14509333,4.0,488925
14510896,3.0,489563
14512925,4.0,492249
1701103,288.0,436853
200000916,384.0,342009
200001023,72.0,781326
200001234,96.0,793804
200001438,96.0,762381
200001512,150.0,794114
200001521,55.0,775499
2000016,4.0,779683
2000017,6.0,456761
200001865,40.0,712243
200001896,90.0,694586
200002113,40.0,777484
200002143,50.0,775540
200002577,2880.0,771313
200003011,2400.0,748647
200003180,96.0,781352
200003191,55.0,697512
200003209,2592.0,780807
200003434,96.0,443860
2000038,10.0,755247
2000040,42.0,721342
200004122,90.0,687830
200004250,33.0,765853
2000043,30.0,774613
2000044,39.0,746969
200004484,2100.0,748668
2000046,39.0,746967
200004661,108.0,701489
2000047,39.0,680521
2000048,39.0,746961
2000049,39.0,747001
2000050,39.0,746993
2000051,54.0,671459
2000052,36.0,676612
2000053,36.0,676676
2000054,40.0,676734
2000055,40.0,676692
200005576,96.0,712327
200005601,1920.0,771305
200006088,33.0,740055
2000080,108.0,788321
2000082,32.0,758552
2000083,32.0,639483
2000097,480.0,708750
2000098,108.0,781494
2000099,48.0,639487
2000101,32.0,526442
2000104,21.0,765228
2000106,32.0,755200
2000108,30.0,694610
200012599,56.0,323176
2000127,504.0,680139
2000130949300,2.0,671434
2000130958300,3.0,642491
2000130962300,5.0,639718
2000183,34.0,693221
2000184,10.0,278740
2000185,130.0,469327
2000192,90.0,694639
2000193,90.0,694646
2000195,46.0,713965
200019627,30.0,770330
2000197,20.0,591342
2000202,1.0,285263
2000275,36.0,777007
2000278312888,120.0,794609
2000299,64.0,707410
2000300,160.0,707373
2000301,144.0,707297
2000302,210.0,707359
2000337237220,60.0,777009
2000362,32.0,748444
2000363,32.0,748475
2000364,80.0,660775
2000417,48.0,796524
2000423,105.0,781673
2000433,72.0,746814
2000434,72.0,782730
2000436,2304.0,611095
2000449247200,24.0,778233
2000449252200,64.0,796734
2000450,432.0,778192
2000451,53.0,702768
2000452,11.0,499972
2000453,36.0,591429
2000464,12.0,764945
2000467,18.0,773057
2000468,9.0,772981
2000474219888,24.0,780763
2000475217888,24.0,779127
2000487,3200.0,718289
2000494,600.0,696142
2000502,1800.0,718296
2000505,1200.0,718316
2000506,576.0,768269
2000507,576.0,783520
2000510,420.0,768258
2000511,420.0,783511
2000515,432.0,696163
2000516,160.0,768266
2000518,248.0,768268
2000556,384.0,768277
2000583551200,15.0,723471
2000583553200,49.0,707387
2000583556200,46.0,658286
2000584558200,43.0,700876
2000584561200,28.0,686567
2000586,30.0,761653
2000587,30.0,778916
2000588,30.0,775080
2000589,72.0,767311
2000590,72.0,767426
2000591,72.0,767349
2000592,72.0,767395
2000593203888,96.0,734365
2000593211888,72.0,755516
2000595203888,96.0,739775
2000595211888,72.0,741692
2000596203888,96.0,725088
2000596321888,240.0,725081
2000597,80.0,780479
2000602,40.0,720936
2000603,72.0,724726
2000614,3.0,373666
2000615,24.0,378212
2000616,24.0,736982
2000617,8.0,380482
2000618,24.0,378417
2000619,62.0,545025
2000620,20.0,390729
2000621,18.0,406217
2000630,24.0,372468
2000631,48.0,775780
2000633159200,20.0,687954
2000633501200,20.0,675976
2000633541200,35.0,707284
2000633543200,25.0,714141
2000633545200,13.0,707544
2000633571200,21.0,675927
2000633847200,4.0,707119
2000633849200,36.0,699269
2000634,15.0,730607
2000635,15.0,740103
2000636,15.0,711423
2000637,25.0,729641
2000638,20.0,666723
2000639,20.0,711418
2000640,20.0,691578
2000641,20.0,784453
2000642,18.0,688899
2000643,18.0,556485
2000683,6.0,364589
2000728,54.0,790240
2000729,37.0,715193
2000730,36.0,788333
2000734,624.0,721022
2000735,89.0,651807
2000736241888,141.0,621460
2000754,486.0,685857
2000777501280,144.0,400566
2000777520280,144.0,400887
2000777521280,144.0,400474
2000777570280,144.0,402072
2000793501115,216.0,400945
2000793520115,144.0,402108
2000793588115,216.0,402041
2000795888200,65.0,665581
2000796888200,100.0,663584
2000797888200,250.0,356354
2000798888115,125.0,740283
2000798888165,125.0,733118
2000798888200,125.0,478559
2000799888115,125.0,701419
2000799888165,125.0,701406
2000799888200,125.0,665599
2000800888115,165.0,701478
2000800888165,165.0,701400
2000800888200,165.0,663597
2000803,161.0,614342
2000804,70.0,548269
2000805,2.0,689157
200090643,72.0,712387
200090665,44.0,740029
200091309,44.0,773744
200091310,40.0,749924
2000955,48.0,641051
200097355,48.0,765756
200097386,35.0,773809
200097527,42.0,781414
200097620,48.0,725966
200097628,42.0,736775
200098321,48.0,739631
200098557,48.0,773826
200098652,44.0,712512
2000990,20.0,639577
200099601,48.0,777473
200099621,72.0,773859
200099650,40.0,765774
200099681,72.0,689310
200100949,44.0,721508
200100953,375.0,702865
200100974,44.0,773087
200100977,44.0,730923
200100993,44.0,709351
200100997,40.0,780942
200100999,374.0,703011
200101035,96.0,777773
200101078,44.0,769227
200101080,52.0,795144
200101082,40.0,712441
200103085,96.0,726929
200103090,120.0,751655
200103095,44.0,715953
200103097,96.0,737151
200103099,96.0,765794
200103120,96.0,728865
200103125,96.0,712408
200103137,96.0,721440
200103149,96.0,734636
200103154,375.0,702860
200103158,32.0,769341
200103160,375.0,723208
200103170,44.0,795107
200103197,40.0,769253
2001032,80.0,594813
200107077,44.0,744284
200107080,140.0,723522
200107091,44.0,702875
200107096,140.0,742106
200107111,375.0,737160
200107113,44.0,734663
200107115,44.0,777778
200107127,40.0,738442
200107133,96.0,744340
200107152,44.0,733445
200107153,750.0,751703
200107155,96.0,709295
200107158,120.0,725295
200108276,750.0,795124
200108277,44.0,765820
200108287,96.0,714314
200108311,44.0,740191
200108325,40.0,780940
200108333,44.0,717635
200108359,44.0,701219
200108367,44.0,714322
200108370,40.0,716127
200108394,96.0,742048
200109106,375.0,709266
200109115,375.0,733486
200109118,44.0,712666
200109124,44.0,773074
200109136,44.0,699543
200109141,96.0,751141
200109148,44.0,728914
200109158,132.0,725202
200109166,40.0,737237
200109173,32.0,781112
200109175,375.0,721382
200109189,96.0,715873
200109194,44.0,728887
200109209,96.0,721443
200109211,140.0,742122
200110295,44.0,760104
200110308,40.0,769351
200110313,44.0,717596
200110319,96.0,737153
200110320,96.0,751578
200110338,40.0,717599
200110349,120.0,738435
200110363,44.0,709307
200110367,96.0,754323
200110369,16.0,778622
200110372,44.0,704910
200110373,84.0,721374
200110375,30.0,749707
200110379,44.0,726976
200110380,96.0,712412
200110394,96.0,709294
200110411,96.0,715884
200110415,140.0,742110
2001162206888,108.0,778873
2001162218888,24.0,778726
2001164206888,108.0,778874
2001164218888,24.0,749639
2001166214888,32.0,692892
2001167202888,192.0,749561
2001168206888,108.0,749602
2001169202888,191.0,763687
2001169218888,24.0,713737
2001169335888,36.0,749613
2001170218888,24.0,749496
2001171206888,72.0,674106
2001171216888,24.0,778888
2001227242200,80.0,781877
2001227245125,36.0,781821
2001227245200,36.0,781970
2001228336200,1000.0,781934
2001229238125,168.0,782005
2001229238200,168.0,790252
2001230252125,60.0,478468
2001230252200,60.0,690867
2001231888125,300.0,449229
2001231888200,300.0,465009
2001232888125,471.0,661304
2001232888200,450.0,720963
2001257204888,52.0,716227
2001274,90.0,783117
2001275,153.0,779216
2001276,254.0,717477
2001280242120,54.0,782645
2001281,53.0,780967
2001287,4.0,734248
2001294,120.0,533756
2001327245280,24.0,382728
2001328,48.0,781937
2001417291115,144.0,774084
2001417291150,144.0,775584
2001417291200,144.0,741623
2001417748115,432.0,773944
2001417748150,432.0,775590
2001417748200,432.0,775591
2001417750115,216.0,703205
2001417750150,216.0,775599
2001417750200,216.0,703168
2001417754115,48.0,703328
2001417754150,48.0,774003
2001417754200,48.0,775608
2001418367200,2592.0,775663
2001418368115,1152.0,774019
2001418368150,1152.0,774090
2001418368200,1152.0,716706
2001418369115,360.0,775658
2001418369150,360.0,775746
2001418369200,360.0,775665
2001418938200,468.0,778720
2001427235888,120.0,721188
2001428245888,60.0,719345
2001430,369.0,669364
2001431,144.0,713333
2001432,384.0,713318
2001443,1.0,773918
2001444,15.0,750199
2001445,18.0,568169
2001446,23.0,492015
2001447,19.0,642499
2001448,26.0,594323
2001449,14.0,792986
2001450,18.0,681498
2001451,14.0,625818
2001452,16.0,736941
2001454,12.0,774687
2001456,2.0,762774
2001457,2.0,715829
2001458,2.0,736006
2001461,1.0,483899
200147096,256.0,690994
200147219,768.0,752415
200147643,512.0,771569
200147908,384.0,762957
200149361,256.0,681469
200149453,384.0,681615
200149494,320.0,667725
200149767,128.0,777772
200149865,384.0,674134
200150014,384.0,717956
200150020,128.0,777785
200150416,768.0,771554
200150951,128.0,771565
200151401,384.0,690452
200151403,230.0,674226
200151413,144.0,777709
200152115,768.0,674167
200152250,384.0,752396
200152310,256.0,698340
200152314,256.0,717888
200152323,256.0,771558
200152698,108.0,777758
200153153,384.0,674162
200153157,384.0,794376
200155158,224.0,794269
200155371,512.0,681641
200155374,384.0,772746
200155377,256.0,762710
200155398,24.0,668417
200155698,384.0,681598
200156114,768.0,777724
200158041,768.0,674187
200158216,512.0,777760
200158273,59.0,764960
200158926,128.0,717954
200159086,448.0,696324
200159088,336.0,674104
200159123,256.0,666126
200159843,512.0,771670
200159845,512.0,690484
200159930,197.0,719067
200159962,128.0,762958
200159964,512.0,778137
200159965,128.0,762693
200159998,256.0,771648
200160020,6.0,727775
200160024,512.0,690981
200160172,512.0,753694
200160181,128.0,762655
200160183,128.0,777784
200160213,288.0,690995
200160721,384.0,777739
200160752,144.0,762595
200160900,240.0,752295
200160903,128.0,718938
200161094,256.0,777672
200161111,144.0,762685
200161119,768.0,698338
200161287,96.0,777699
200161297,128.0,777771
200161426,384.0,794291
200161431,512.0,771594
200161433,144.0,708629
200161607,512.0,778139
200161609,512.0,752476
200161639,512.0,771680
200162378,384.0,794349
200162703,304.0,794369
200162705,240.0,709098
200162827,512.0,779191
200162869,512.0,690489
200162885,256.0,794267
200162899,128.0,752314
200162905,256.0,698427
200162933,256.0,681533
200163041,256.0,779194
200163067,512.0,771678
200163173,480.0,666115
200163224,108.0,794283
200163302,384.0,771544
200163354,144.0,771568
200163449,144.0,717955
200163472,144.0,762694
200163766,524.0,666233
200163770,384.0,752402
200163968,512.0,717963
200163978,128.0,771628
200164014,128.0,794359
200164018,320.0,667954
200164029,144.0,794333
200164689,128.0,643959
200165057,226.0,794313
200165175,256.0,708652
200165177,256.0,691012
200165644,512.0,772748
200165653,128.0,771613
200165690,256.0,690451
200165967,256.0,779198
200166357,768.0,681567
200166530,144.0,752445
200166726,768.0,752395
200166785,416.0,717918
200167757,288.0,762654
200167988,44.0,762541
200169031,100.0,699706
200169038,100.0,713499
200171828,44.0,772754
200178253,6.0,772696
200181430,8.0,323128
200181451,48.0,787881
2001905,10.0,356407
2001906,1.0,755381
2001918,72.0,354127
2001919,66.0,354150
2001921,1.0,699433
2001922,1.0,699415
2001923,1.0,699387
2001926,8.0,715558
2001928,4.0,416116
2001945,24.0,736846
2001946,280.0,701535
200195150,100.0,771010
200196032,360.0,564720
2002000,80.0,764959
2002001,72.0,748171
200201070,216.0,679962
2002023537200,36.0,671977
2002023539200,36.0,672631
2002023541200,36.0,671906
2002023543200,36.0,672164
2002023545200,30.0,672645
2002023546200,30.0,690025
2002023845200,36.0,672206
2002023846200,36.0,672578
2002023847200,36.0,671981
2002023848200,36.0,672602
2002023849200,35.0,688070
2002024528140,70.0,669283
2002024529140,60.0,668674
2002024529200,120.0,669275
2002024530140,60.0,669282
2002024530200,120.0,669266
2002024531140,120.0,668748
2002024531200,120.0,669244
2002024532140,120.0,668746
2002024532200,120.0,668765
2002024533140,120.0,668762
2002024533200,120.0,669278
2002024535140,120.0,668764
2002024535200,120.0,669265
2002024844140,120.0,668759
2002024844200,120.0,669288
200202711,80.0,611914
200202713,480.0,564635
2002027219888,30.0,765540
200202818,80.0,615544
200203018,40.0,564744
2002032,6.0,405919
2002034,6.0,706425
2002035,6.0,706435
2002036,4.0,706575
2002039,10.0,706393
200204076,60.0,744439
2002044378888,384.0,778187
2002049200888,256.0,729674
2002050200888,256.0,729688
2002051200888,192.0,791767
2002051379888,120.0,794631
2002053200888,192.0,701595
2002054200888,192.0,794691
2002061242888,100.0,567313
2002064,25.0,687923
2002065,41.0,666702
2002066208888,96.0,762681
2002067208888,88.0,719203
2002068,21.0,595653
2002069,58.0,734966
200206937,100.0,611932
2002070,240.0,782859
200207691,120.0,715300
200208049,48.0,777173
200208083,48.0,611814
200208087,75.0,714439
200208223,100.0,771020
2002091,1560.0,686708
200209401,80.0,777195
200209493,60.0,725293
200209707,100.0,792323
2002104,54.0,780526
2002105,150.0,666226
2002107,144.0,666222
2002108,70.0,683022
2002109,108.0,793505
2002114,31.0,779119
2002115,60.0,772855
2002117,288.0,432060
2002120,3.0,658750
2002157,34.0,696709
2002161282888,108.0,485398
2002162,92.0,647731
2002164,179.0,686821
2002165149888,26.0,719166
2002165150888,15.0,752154
2002165383888,20.0,701883
2002167,27.0,627980
200219407,144.0,717600
2002208,8.0,786775
2002209200888,80.0,779045
2002211200888,50.0,717469
200221264,40.0,670400
2002213,11.0,777031
2002214,79.0,500429
2002215,120.0,422254
200221615,144.0,746157
200221721,44.0,568178
2002219,167.0,621036
2002220,191.0,703300
2002221,140.0,711803
2002222,140.0,614295
2002226,64.0,774949
2002227,19.0,699407
2002228,46.0,521296
2002229,46.0,521293
2002232,20.0,690634
2002233,12.0,690624
2002235,16.0,493244
2002237,12.0,504876
2002243,27.0,487270
2002247235888,204.0,635159
200226107,480.0,795560
2002273,458.0,624980
2002297,24.0,782667
2002299,68.0,718188
200232105,144.0,704525
2002332,120.0,779658
200234938,480.0,776253
200234944,192.0,776275
200234988,20.0,585814
2002364541200,19.0,658316
2002364543200,8.0,699289
2002364545200,31.0,717632
2002364846200,4.0,487320
2002364847200,38.0,642658
2002364848200,32.0,719530
2002364849200,16.0,712190
2002365539850,54.0,681536
2002365541850,55.0,546225
2002365543850,45.0,704361
2002365545850,56.0,618037
2002365546850,5.0,778985
2002365846850,18.0,781045
2002365847850,57.0,630616
2002365848850,49.0,607520
2002365849850,57.0,557190
2002368,6.0,673409
2002370,12.0,778984
2002384,4.0,598044
2002394,315.0,775087
2002395390888,45.0,780727
2002395772888,45.0,780686
2002396390888,45.0,705458
2002404,2400.0,599128
2002435200888,192.0,736824
2002435217888,21.0,748831
2002435338888,54.0,733178
2002438217888,19.0,708848
2002440211888,100.0,764679
2002446235888,60.0,778642
2002465,76.0,585643
2002466,30.0,618434
2002486,32.0,779639
200251147,40.0,450691
2002522,192.0,714704
2002555,140.0,630632
2002572,230.0,595467
2002574716200,24.0,783644
2002574717200,20.0,783642
2002574718200,12.0,686484
2002574719200,6.0,663151
2002574720200,7.0,720334
2002575716150,10.0,399375
2002575717150,18.0,521462
2002575718150,8.0,518390
2002575719150,6.0,707474
2002575720150,9.0,508552
2002578373200,8.0,796363
2002578411200,4.0,682192
2002578412200,24.0,718295
2002578413200,10.0,754327
2002578414200,11.0,696158
2002578415200,4.0,770501
2002580418200,4.0,549333
2002580420200,3.0,772559
2002598417150,34.0,784961
2002625,88.0,783503
2002627,16.0,754341
2002633747220,12.0,719729
2002633748220,18.0,719731
2002634300155,54.0,509165
2002634313155,31.0,498125
2002635717150,64.0,526262
2002635718150,96.0,502243
2002641419200,18.0,718291
2002641420200,6.0,718290
2002653,54.0,691317
2002654,60.0,552582
2002721213888,64.0,782169
200272132,44.0,648714
200272147,44.0,634829
200272149,770.0,776334
200272153,44.0,673108
200272170,24.0,676307
200272179,120.0,676174
200272181,120.0,725935
200272191,40.0,665475
200272215,44.0,736359
2002722338888,50.0,706022
200272234,120.0,726311
200272252,420.0,646022
200272258,44.0,645544
200272261,44.0,655601
200272266,44.0,648729
200272278,120.0,676582
200272282,44.0,725683
200272292,120.0,642526
200272314,120.0,683378
200272320,33.0,649690
200272325,24.0,669097
200272343,120.0,697125
200272361,44.0,638609
200273486,44.0,752471
200273498,420.0,642933
2002735217888,32.0,757332
200273543,120.0,646728
200273545,44.0,718995
200273547,120.0,776441
200273553,324.0,719305
2002736208888,72.0,679923
200276164,44.0,775454
200276173,480.0,645882
200276202,72.0,639419
200276221,44.0,655936
200276222,44.0,717971
200276232,63.0,720901
200276263,420.0,697448
200276265,44.0,726350
200276272,120.0,775630
200276275,770.0,697011
200276283,44.0,719060
200276306,210.0,666573
200276330,480.0,697351
200276336,420.0,647948
200276342,44.0,770695
200276345,44.0,713384
200276354,44.0,719064
200276356,324.0,676204
200276360,140.0,677135
200276378,45.0,725949
200276382,24.0,784712
200276388,770.0,646909
200276390,210.0,667085
200276400,480.0,776429
200276428,44.0,776434
200276440,120.0,676212
200276456,120.0,648703
200276458,420.0,646055
200276478,324.0,697224
200276501,120.0,697343
200276503,44.0,676818
200276527,420.0,646058
200276529,120.0,647071
200277217,48.0,736903
2002810,2.0,566167
2002811,1.0,587386
200281319,127.0,766222
2002818,270.0,782687
2002819,648.0,774275
2002820,40.0,621997
2002840539200,79.0,653599
2002840846200,56.0,607355
2002840847200,86.0,589332
200284845,6.0,741334
2002873,288.0,756954
2002874,288.0,736849
2002875,192.0,748230
2002877,288.0,708742
2002878,4.0,726653
2002899,160.0,540009
2002900,440.0,591646
2002901,96.0,546507
2002903,336.0,605110
2002906217888,24.0,721132
2002907,950.0,779049
2002908248888,48.0,590975
2002908252888,21.0,553849
2002912501200,2.0,749129
2002912539200,34.0,707128
2002912541200,8.0,707292
2002912543200,33.0,698988
2002912545200,42.0,699014
2002912548200,8.0,699268
2002912846200,48.0,686349
2002912847200,45.0,691840
2002912848200,15.0,707334
2002912849200,14.0,699372
200291672,120.0,676619
200291678,44.0,776337
200291682,120.0,736236
200291693,120.0,725793
200291695,324.0,697341
200291709,24.0,669027
200291711,120.0,697159
200291721,120.0,728645
200291727,120.0,719059
200291729,120.0,648122
200291812,24.0,669070
200291814,44.0,697164
200291824,480.0,697356
200291826,190.0,666390
200291834,44.0,638633
200291849,120.0,736247
200291854,210.0,672643
200291856,420.0,697090
200291860,120.0,672392
200291873,40.0,644411
200291910,120.0,639375
200291915,44.0,776430
200292425,44.0,629829
200292454,120.0,776131
200292464,44.0,776196
200292472,126.0,726658
200292493,44.0,644482
200292500,270.0,697348
200292529,120.0,648835
200292565,30.0,669590
200296178,420.0,718919
200296180,120.0,718869
200296182,44.0,649693
200296216,120.0,775751
200296219,44.0,655653
200296223,44.0,655598
200296224,44.0,644421
200296229,44.0,719050
200296249,120.0,677797
200296265,420.0,775472
200296272,44.0,643665
200296304,70.0,785263
200296327,120.0,643618
200296330,120.0,643635
200296334,44.0,776142
200296348,120.0,677662
200296364,480.0,784611
200296366,44.0,646053
200296386,120.0,736257
200296388,44.0,697344
200296390,120.0,646031
200296395,770.0,642548
200297383,120.0,697367
200297388,120.0,776345
200297393,120.0,647256
200297394,120.0,642912
200297405,44.0,697186
200297406,420.0,697136
200297408,44.0,708016
200297434,120.0,697352
200297452,420.0,646020
200297455,44.0,648910
200297460,324.0,677725
200297478,120.0,697366
200297485,420.0,645847
200297492,480.0,644999
200297513,324.0,725694
200297517,210.0,672646
200297523,24.0,668813
200297538,120.0,704605
200297540,770.0,704747
200297547,420.0,642562
200297555,44.0,645342
200297575,120.0,704751
200297597,120.0,642884
200297624,24.0,753046
200297627,120.0,718930
200297629,120.0,649724
200297630,120.0,775442
200297646,44.0,725285
200298506,420.0,775452
2003076235888,516.0,720945
2003079204888,108.0,771788
2003079214888,30.0,763318
2003080204888,108.0,747884
2003080214888,30.0,729892
2003081214888,27.0,747693
2003082204888,108.0,704237
2003082335888,21.0,735147
2003083204888,108.0,787086
2003083214888,30.0,740985
2003084214888,30.0,771772
2003085214888,30.0,747705
2003086214888,30.0,747753
2003087204888,108.0,787186
2003087214888,30.0,771802
2003088204888,108.0,771761
2003088214888,27.0,763261
2003089183165,42.0,701712
2003089252165,42.0,680775
2003090,3.0,667584
2003091,1440.0,551659
2003092,504.0,552859
200309961,12.0,741338
200310286,40.0,638616
200310305,480.0,672137
200310311,44.0,725094
200310316,120.0,648191
200310317,420.0,646661
200310348,420.0,642926
200310361,40.0,776442
200310372,480.0,725283
200310478,14.0,644630
2003105,80.0,509892
2003107202888,87.0,782690
2003107213888,27.0,666539
2003111,162.0,753350
200311142,120.0,661183
200311149,120.0,704764
200311150,44.0,709003
200311163,120.0,643427
200311164,120.0,649700
200311173,44.0,649771
200311185,120.0,724898
200311197,420.0,719057
2003112,18.0,478071
200311200,120.0,646710
200311222,44.0,642918
200311236,120.0,708929
2003113,36.0,569613
2003114,96.0,561400
200311656,120.0,725044
200311663,44.0,775407
200311673,324.0,784631
200311686,120.0,645913
200311709,44.0,724960
200311712,420.0,704869
200311717,44.0,629757
200311737,45.0,677705
200311752,44.0,719043
200311757,44.0,776445
200311778,420.0,704811
200311783,120.0,677642
200311786,770.0,704808
200311794,120.0,719042
200311796,120.0,718835
200311799,420.0,647102
200311802,120.0,649706
2003133,756.0,758726
2003136,36.0,739121
2003137,54.0,705636
2003147,124.0,707584
2003148,600.0,609739
2003149,96.0,610030
2003151,394.0,608594
2003158,2.0,704658
2003170717200,42.0,641237
2003184207888,72.0,794366
2003185202888,108.0,720556
2003185207888,72.0,765199
2003186207888,24.0,729803
2003187207888,72.0,786971
2003188204888,28.0,607897
2003193,132.0,783872
2003194311140,10.0,704576
2003195719110,820.0,558526
2003195719200,800.0,546711
2003195719515,619.0,700985
2003203,96.0,718318
2003204,16.0,718280
200321319,12.0,741175
200322512,1250.0,655172
2003232537115,21.0,715630
2003232539115,48.0,659409
2003232541115,38.0,691538
2003232543115,48.0,659398
2003232546115,18.0,713919
2003232547115,16.0,698831
2003232845115,22.0,713925
2003232846115,48.0,659098
2003232847115,44.0,719163
2003232848115,48.0,659383
2003232849115,46.0,712578
2003242749115,1380.0,714154
2003242756115,1680.0,714163
2003242762115,580.0,715672
2003243,2.0,689137
2003244,1.0,687325
2003245,60.0,595736
200324567,1000.0,456994
2003246888115,342.0,676758
2003246888200,360.0,676762
2003247749107,540.0,761931
2003247756107,540.0,661998
2003247762107,360.0,661925
2003250,47.0,604119
2003273,108.0,703546
2003274184150,312.0,616074
2003274184165,312.0,616052
2003274185150,115.0,704802
2003274185165,180.0,616182
2003274186150,120.0,616224
2003274186165,116.0,696827
2003275187115,216.0,717480
2003275188115,120.0,616196
2003276,228.0,616189
2003277,312.0,616194
2003278404888,600.0,713044
2003301772120,975.0,765436
2003301772145,660.0,695231
2003301772280,750.0,554815
2003302,645.0,671328
2003303212888,42.0,558200
2003313748200,36.0,760091
2003314753165,160.0,760052
2003316202888,108.0,765205
2003320539110,96.0,748208
2003320541110,96.0,748206
2003320543110,96.0,748201
2003320545110,96.0,748189
2003320546110,96.0,748207
2003320547110,16.0,718448
2003320846110,88.0,770382
2003320847110,96.0,748184
2003320848110,96.0,748202
2003320849110,96.0,718276
2003323202888,108.0,773132
2003325190150,1680.0,757895
2003327247888,60.0,723375
200334992,10.0,323348
200335017,320.0,655860
200335021,264.0,742902
200338690,480.0,783491
200342092,224.0,773201
2003470,37.0,716306
2003471,55.0,682440
2003473,72.0,762910
2003475,80.0,723409
200347807,3.0,322910
2003479,4.0,733261
2003480,2.0,712114
2003481,2.0,735797
2003482,6.0,722629
2003483,6.0,712968
2003484,5.0,712967
2003485,5.0,712965
2003486,2.0,793510
2003496888140,1000.0,692325
2003496888330,1000.0,692377
2003503,229.0,715637
2003505,336.0,784846
2003506,8.0,793938
2003511,6.0,756455
2003512,4.0,706568
2003513,47.0,712187
2003524204888,120.0,784042
2003525,12.0,769544
2003528,216.0,681323
2003529,144.0,767497
2003530,68.0,700984
2003531,48.0,767493
2003532,18.0,680984
2003534888115,39.0,780517
2003543245888,131.0,792859
200355123,24.0,662884
2003554,70.0,689562
2003555201888,36.0,790206
2003557405150,192.0,781639
2003557405165,192.0,781515
2003557405255,192.0,781626
200355742,252.0,788226
2003557748150,96.0,781628
2003557748165,96.0,781505
2003557748255,96.0,781500
2003564,14.0,736424
2003567778888,90.0,698732
2003569235888,312.0,704366
2003571,30.0,687136
2003593214888,36.0,740357
2003594214888,24.0,719170
2003595214888,24.0,728262
2003596214888,39.0,711202
2003597214888,33.0,699630
2003599214888,36.0,740439
2003600214888,18.0,716801
2003604,12.0,695199
2003605,1.0,687943
2003606,12.0,700049
2003631769330,17.0,715634
2003631771330,54.0,712516
2003635,36.0,710443
2003636217888,64.0,766244
2003637,75.0,720309
2003641,4.0,726693
2003642,4.0,700409
2003645,276.0,720223
2003647,672.0,720207
2003648,210.0,720201
2003671180888,480.0,719576
2003672240888,108.0,719564
2003673235888,612.0,750194
2003673242888,108.0,719571
2003674235888,480.0,719605
2003674242888,108.0,690282
2003676,36.0,675215
2003678,64.0,675203
2003681,95.0,765992
2003682,72.0,767595
2003683,56.0,756152
2003685,104.0,698828
2003686,140.0,673967
2003687,56.0,780425
2003688,64.0,674000
2003691,190.0,783535
2003692,128.0,673891
2003693,96.0,673894
200369541,480.0,783477
2003701,144.0,780929
2003704338888,3.0,769809
2003705312888,300.0,721353
2003708,6.0,731618
2003709,7.0,720752
2003710,1.0,773755
2003713229888,800.0,710631
2003714229888,800.0,711003
2003716,1.0,710735
2003717,1050.0,741001
2003723240888,192.0,768138
2003723241888,144.0,768122
2003724249888,24.0,786188
2003725241888,144.0,786189
2003725248888,24.0,719378
2003725249888,24.0,768134
2003726241888,104.0,779050
2003726249888,24.0,768103
2003727241888,144.0,768113
2003727249888,24.0,757966
2003728242888,144.0,730957
2003728245888,60.0,768117
2003732725888,240.0,749856
2003733716888,240.0,750206
2003734716888,240.0,749758
2003735,1.0,688275
2003736204888,76.0,766945
2003736214888,30.0,766956
2003737204888,76.0,766948
2003737214888,30.0,734759
2003753,5.0,684528
2003754,4.0,718946
2005071225888,864.0,783451
2005071867888,2160.0,765346
2005072225888,756.0,765301
2005072867888,2160.0,765351
2005073225888,756.0,765323
2005073867888,2160.0,765352
2005074,1230.0,769815
2005075,1230.0,769816
2005076,1230.0,769811
2005077,1230.0,769822
2005080,6.0,737785
2005090202888,144.0,754172
2005090214888,32.0,768009
2005091202888,144.0,768060
2005091214888,32.0,768025
2005124204888,108.0,747871
2005124214888,30.0,763277
2005125204888,108.0,747890
2005125335888,40.0,763243
2005148,9.0,788119
2005149235888,372.0,776896
2005161,320.0,793455
2005163258888,864.0,778237
2005164258888,864.0,778222
2005170428888,112.0,737951
2005198217888,23.0,735997
2005199202888,450.0,769258
200521266,90.0,794877
200521306,48.0,774139
2005242235165,288.0,765559
2005282,264.0,774186
2005284,40.0,795200
2005285,12.0,759846
2005287,256.0,760239
2005297,400.0,739277
2005326230888,1008.0,767567
200535655,104.0,794924
2005378,2.0,746532
2005382202888,144.0,753258
2005382209888,56.0,753172
2005382224888,540.0,753231
2005383202888,144.0,749342
2005383209888,56.0,749401
2005383224888,520.0,764659
2005384202888,144.0,753175
2005384209888,56.0,753432
2005384224888,520.0,770333
2005393,528.0,795538
2005394,480.0,795543
2005395,480.0,795547
2005396,144.0,795532
2005397,60.0,795519
2005401,100.0,784039
2005402242888,120.0,781344
2005402245888,80.0,781348
2005402249888,36.0,781345
2005404,3.0,761902
2005407,1.0,760340
2005408,4.0,769770
2005411,50.0,776232
2005428,48.0,793523
2005452382888,72.0,793834
2005457,2.0,772787
200545851,75.0,794804
200551574,12.0,379472
200598455,18.0,731223
200598457,18.0,686665
200598461,72.0,737504
200602801,44.0,762150
200602802,44.0,743899
200609325,44.0,323449
200619841,18.0,686574
200619850,72.0,762311
200622529,44.0,762348
200628744,2376.0,697392
200628780,1.0,481217
200628787,18.0,686604
200628790,2.0,513943
200628793,11.0,755429
200628799,18.0,686650
200628804,120.0,728186
200630121,72.0,762317
200630123,44.0,648488
200637895,40.0,753623
200642851,80.0,710290
200657679,80.0,766328
200658945,81.0,721678
200664524,40.0,744682
200669701,60.0,524739
200670151,37.0,791372
200674143,40.0,764727
200675107-1,25.0,740452
200675107-2,75.0,698952
200687918,30.0,739734
200754734,10.0,467873
200759516,44.0,687003
200759523,7.0,439578
200775672,33.0,775491
200777867,44.0,783393
200779171,120.0,725085
200779173,120.0,725031
200779176,120.0,704744
200779178,17.0,738320
200779179,44.0,707237
200779180,120.0,724958
200779181,480.0,680465
200779184,44.0,739965
200779185,120.0,707205
200779187,44.0,707182
200779188,120.0,776360
200779191,480.0,680268
200779192,44.0,713752
200779195,44.0,725188
200779197,120.0,726316
200779199,44.0,725000
200779202,20.0,714079
200779203,120.0,647967
200781365,120.0,707121
200781383,24.0,714078
200781404,24.0,713999
200781405,24.0,714029
200782742,24.0,674651
200782743,100.0,758510
200782744,4200.0,370071
200782745,2450.0,568895
200782747,5625.0,559376
200782748,5400.0,620551
200782749,4200.0,559350
200782750,2625.0,653417
200782751,10500.0,682630
200782753,800.0,322920
200783457,830.0,766427
200783462,840.0,730107
200783469,700.0,730076
200783470,2520.0,766432
200783479,1120.0,730254
200783480,350.0,733419
200785735,34.0,478721
200787128,44.0,737573
200787129,44.0,752860
200787131,40.0,753661
200788251,44.0,750219
200788255,44.0,732863
200788257,40.0,749377
200788259,40.0,753696
200788263,33.0,764706
200788583,40.0,762975
200788801,120.0,736732
200788809,40.0,763009
200788894,120.0,737511
200788912,44.0,762967
200790870,24.0,712984
200790967,44.0,738424
200790969,96.0,705527
200790970,44.0,699709
200790972,44.0,738426
200790977,96.0,715876
200790979,44.0,721451
200792123,108.0,327481
200794525,5400.0,653376
200794526,3600.0,653460
200794527,2800.0,653490
200794850,1248.0,701287
200795148,480.0,756246
200795795,60.0,787333
200796502,144.0,741344
200796669,12.0,741194
200796686,12.0,741220
200797342,12.0,522671
200799482,6.0,721529
200799575,12.0,647307
200799578,12.0,528977
200800384,30.0,713137
200803483,15.0,683885
200803800,8.0,779281
200804626,50.0,661484
200804630,88.0,745836
200804631,11.0,783282
200805440,96.0,702833
200805453,44.0,715964
200805522,28.0,754298
200806573,180.0,322974
200807026,108.0,666229
200807540,112.0,775354
200825807,11.0,631780
200828968,45.0,732112
200836579,3.0,781403
200837035,36.0,783252
200837037,144.0,745808
200837544,36.0,782549
200837547,40.0,789915
200838751,270.0,770732
200838753,44.0,707130
200838754,80.0,776129
200838755,420.0,707114
200838757,126.0,736169
200838765,44.0,737558
200838768,120.0,709154
200838769,80.0,709088
200838770,420.0,708925
200838771,270.0,708872
200838772,126.0,708892
200838773,120.0,726947
200839001,24.0,713987
200839004,24.0,714013
200839123,200.0,780783
200839137,4.0,672214
200839459,108.0,770925
200839460,360.0,747846
200839559,120.0,681838
200839619,40.0,782570
200839765,16.0,380367
200839926,60.0,674916
200839927,60.0,772429
200840865,160.0,774168
200840867,120.0,703810
200840910,72.0,725348
200840924,20.0,778963
200840927,720.0,777799
200841040,40.0,638286
200841048,40.0,568311
200841049,64.0,608435
200841052,64.0,568393
200841053,35.0,752286
200841062,120.0,776426
200841066,120.0,648829
200841068,48.0,660269
200847333,1320.0,628019
200862957,20.0,794821
200862961,20.0,794810
200863251,10.0,441279
200863293,72.0,699218
200863294,72.0,699292
200863295,45.0,782058
200863296,48.0,781313
200863297,24.0,763517
200864514,30.0,781152
200864561,30.0,781996
200866374,360.0,793365
200866376,36.0,793422
200866377,32.0,793380
200866380,96.0,793346
200866381,96.0,774200
200866383,33.0,633710
200866384,360.0,633628
200866386,96.0,774220
200866401,44.0,719279
200866403,44.0,773828
200866935,120.0,762477
200866937,120.0,715995
200869220,360.0,567983
200869221,360.0,568592
200869222,360.0,567719
200869223,384.0,568830
200869225,360.0,567773
200869229,360.0,568150
200869230,360.0,567733
200869231,360.0,567786
200869233,360.0,567721
200869234,360.0,568430
200869235,360.0,568612
200869236,384.0,568427
200869237,360.0,568185
200869238,360.0,568070
200869239,360.0,568671
200869240,360.0,567896
200869242,360.0,568572
200869243,642.0,567984
200869244,360.0,568751
200869245,360.0,568584
200869246,360.0,567878
200869998,56.0,655647
200869999,56.0,518315
200870000,13.0,753376
200870001,98.0,761725
200870002,66.0,761767
200870003,36.0,516106
200870004,36.0,753315
200870005,125.0,760703
200870006,120.0,761782
200870007,120.0,761842
200870009,39.0,761773
200870075,32.0,742664
200870417,180.0,750105
200871477,20.0,445334
200871483,300.0,770252
200871508,30.0,744034
200871660,20.0,711502
200871747,8.0,691173
200871811,16.0,736936
200871812,12.0,658533
200871813,16.0,740854
200871814,16.0,665506
200871815,16.0,665681
200874271,300.0,748846
200874687,24.0,744032
200878486,225.0,702599
200879703,400.0,779619
200880521,108.0,673050
200880522,360.0,673063
200883895,196.0,779158
200883896,100.0,718560
200883897,128.0,736430
200883903,144.0,795662
200883906,144.0,763646
200884993,30.0,772944
200885002,50.0,795648
200887981,14.0,756061
200887986,44.0,716028
200890162,40.0,764211
200890163,44.0,764202
200890167,44.0,775878
200890168,44.0,713753
200891643,512.0,772318
200891646,512.0,717919
200891653,128.0,771603
200891654,384.0,708591
200891655,128.0,708586
200895174,44.0,751178
200895175,44.0,751706
200895176,96.0,780936
200895177,96.0,777742
200895178,375.0,784825
200895181,96.0,754351
200895182,375.0,754308
200895183,96.0,742045
200895184,96.0,760054
200895185,96.0,725292
200895187,375.0,733446
200895189,44.0,730846
200895190,96.0,760099
200895191,375.0,754340
200895192,375.0,769191
200895193,44.0,702877
200895194,375.0,793133
200895195,44.0,751269
200895196,96.0,702863
200895198,375.0,705526
200895199,96.0,702838
200895200,44.0,715947
200895201,44.0,762584
200895472,96.0,705608
200895473,96.0,762559
200895474,44.0,721494
200895476,96.0,705601
200895477,375.0,769182
200895479,44.0,702904
200895480,44.0,781105
200895481,44.0,723197
200895482,375.0,721378
200895483,96.0,702824
200895564,96.0,777752
200895565,375.0,707302
200895836,4.0,718009
200895838,60.0,767671
200895861,49.0,629908
200896121,60.0,751400
200896122,144.0,750356
200896124,120.0,750345
200896125,32.0,751415
200896568,576.0,717143
200896570,360.0,739086
200897073,5.0,746771
200897075,10.0,678472
200897191,576.0,673540
200897192,360.0,727908
200897193,108.0,672934
200897194,108.0,718262
200897754,30.0,723550
200897755,25.0,781168
200897757,48.0,781169
200902291,27.0,744103
200909183,18.0,741245
200911129,1.0,728734
200911133,1.0,728712
200911137,1.0,689832
200911138,1.0,728729
200911139,1.0,689891
200911140,1.0,695785
200911141,1.0,728747
200911142,1.0,728752
200911143,1.0,728714
200911146,1.0,689868
200911147,1.0,699512
200911148,1.0,695558
200911149,1.0,695400
200911150,1.0,728755
200911151,1.0,695395
200911152,1.0,688136
200911153,1.0,695787
200911154,1.0,688102
200911155,1.0,695546
200911157,1.0,688061
200911158,1.0,728853
200911159,1.0,695522
200911160,1.0,728732
200911161,1.0,728737
200911162,1.0,695792
200919905,480.0,726968
200919906,480.0,770113
200919907,120.0,708918
200919908,120.0,784992
200919909,120.0,776336
200919910,480.0,709026
200919911,120.0,708966
200919912,120.0,775744
200919918,44.0,770722
200919920,420.0,716808
200919923,44.0,737565
200919926,44.0,736827
200920264,6.0,737691
200920265,3.0,737720
200920268,4.0,737709
200920434,2.0,719886
200920435,2.0,677868
200920436,1.0,673585
200920437,1.0,699182
200920439,1.0,719907
200920441,1.0,677908
200920442,4.0,677788
200920444,2.0,719884
200920805,750.0,723087
200920813,4.0,772940
200922666,6.0,741351
200922671,24.0,751130
200922689,15.0,741340
200944142,18.0,735126
200944284,300.0,768560
200944285,336.0,768568
200944286,336.0,768628
200944287,360.0,768625
200944288,360.0,768590
200944289,360.0,768626
200948896,50.0,795738
200948905,100.0,795541
44044186,42000.0,277012
44044195,42000.0,446373
44398726,252.0,459882
5110361,5040.0,494737
6126314,1596.0,449132
6126514,1596.0,454929
6126614,1596.0,473457
6220014,1596.0,461416
6220214,1596.0,489750
6220314,1596.0,460625
6220414,1596.0,489773
6220514,1596.0,496977
6220714,1596.0,485217
6220914,1596.0,495938
6221014,1596.0,478301
6221114,1596.0,496979
6221314,1596.0,485263
6221414,1596.0,485261
6222014,1596.0,410042
6222314,252.0,358252
6222914,1596.0,482896
6223114,1596.0,468308
6223314,1596.0,473451
6223514,1596.0,495856
6224014,1596.0,495834
6230514,540.0,495934
6230714,540.0,443496
6232914,540.0,495820
6233114,540.0,495839
6280014,140.0,418647
6280512,1134.0,478314
6280712,1134.0,485207
6282914,945.0,495866
6283114,945.0,478359
6620914,1596.0,495865
6621014,1596.0,440659
6621214,1596.0,413546
6621314,1596.0,413543
6621614,1596.0,448531
700062105,30.0,756863
700062117,19.0,714278
700062119,24.0,714285
700062127,30.0,714283
700062136,50.0,703242
700062148,120.0,774711
700062153,48.0,783705
700062188,45.0,741652
700062244,49.0,766082
700062323,80.0,790441
700062328,30.0,766076
700064150,360.0,778259
700064614,238.0,356596
700064713,150.0,691566
700066548,400.0,778269
700067317,400.0,778252
700067685,96.0,659657
700072184,11.0,725920
700072185,30.0,782877
700072186,44.0,649500
700072195,44.0,763138
700072197,44.0,772767
700072199,24.0,762462
700072779,90.0,787898
700072921,138.0,760131
700073029,186.0,400933
700073045,5.0,680011
700073121,198.0,442506
700073161,72.0,736126
700073166,18.0,524237
700073182,96.0,442361
700073195,23.0,744643
700083019,522.0,776959
700083123,696.0,718580
700083520,56.0,716012
700083631,120.0,698083
700083653,22.0,773914
700083694,4.0,776631
700083889,522.0,776951
700096519,24.0,724468
700096753,24.0,724475
700097401,108.0,738991
700097420,360.0,719848
700097456,360.0,738913
700097502,108.0,675257
700098302,350.0,725918
700099898,16.0,329586
700101024,167.0,386832
700102810,68.0,327433
700104671,80.0,347303
700108072-2,4.0,394949
700108091,5.0,577428
700108116,12.0,784382
700108188,12.0,688067
700108205-1,60.0,734316
700108205-2,120.0,734313
700109728,30.0,780633
700110936,200.0,769452
700110937,200.0,778679
700120544,20.0,706228
700120944,80.0,762887
700131658,24.0,757929
700131659,20.0,775246
700131678,20.0,344606
700131684,50.0,704195
700131719,100.0,758060
700131724,50.0,693933
700131726,100.0,782589
700131733,48.0,758088
700132601,144.0,622169
700134697,9.0,769552
700136245,120.0,648802
700136285,240.0,778418
700136297,60.0,778185
700136444,96.0,778648
700136830,48.0,648773
700137416,24.0,769502
700137632,60.0,769517
700139847,42.0,760378
700140590,96.0,725831
700141542,1800.0,763025
700141544,1800.0,763026
700141545,3600.0,793727
700141549,1800.0,691002
700141550,1800.0,793803
700141554,2700.0,771069
700141555,1200.0,762757
700141556,4000.0,771013
700141557,1920.0,778402
700141558,1920.0,778708
700141561,2400.0,794264
700141564,900.0,762653
700141565,900.0,681702
700141569,1800.0,793694
700141575,1500.0,771029
700141577,800.0,719421
700141578,500.0,673771
700141580,1600.0,699305
700141582,900.0,778512
700141583,720.0,771021
700141584,450.0,771044
700141590,800.0,793742
700141824,200.0,722317
700141827,40.0,505479
700142645,900.0,727078
700143027,720.0,681685
700143299,84.0,778678
700143654,1520.0,778165
700144495,48.0,760547
700144755,200.0,716662
700144998,330.0,741634
700144999,130.0,749541
700145000,330.0,756731
700145001,330.0,731568
700145009,120.0,756782
700145010,372.0,756745
700145011,320.0,749597
700145012,120.0,765792
700145050,128.0,756733
700145056,64.0,703782
700145060,64.0,693652
700145117,140.0,707508
700145177,56.0,769183
700145178,54.0,769206
700145179,36.0,404887
700145182,72.0,761514
700150016,960.0,771518
700150032,198.0,777870
700150081,2520.0,716224
700150125,1080.0,716217
700150141,288.0,640906
700150161,540.0,785141
700150169,1080.0,707178
700150172,1080.0,771455
700150202,100.0,789820
700150336,384.0,768373
700150372,112.0,775349
700150373,112.0,752707
700150374,56.0,703025
700151595,90.0,689711
700151963,10.0,591108
700154106,4.0,644788
700154220,400.0,787482
700154710,40.0,670220
700154711,30.0,657528
700154714,100.0,643775
700156204,96.0,775570
700156315,96.0,767460
700156322,60.0,714739
700156422,138.0,783350
700156456,44.0,775268
700156475,120.0,714076
700156564,24.0,678421
700156668,44.0,714072
700156707,120.0,767442
700156716,24.0,346742
700156823,120.0,782817
700156826,120.0,745828
700156840,120.0,745696
700156974,44.0,745880
700157013,44.0,767437
700157172,48.0,783139
700157238,75.0,686919
700157266,44.0,775514
700157290,72.0,768149
700157354,11.0,695783
700157377,24.0,695650
700157390,44.0,767462
700157405,120.0,757917
700157419,72.0,695611
700157487,120.0,767477
700157494,69.0,695357
700157561,44.0,767479
700157655,44.0,452273
700157733,44.0,714096
700157762,69.0,695780
700157837,69.0,774886
700157863,44.0,775322
700157884,69.0,695610
700157895,24.0,678565
700157965,24.0,767904
700157975,22.0,793542
700158032,414.0,793269
700158096,24.0,775974
700158123,44.0,767449
700158127,69.0,793544
700158199,96.0,775617
700158246,24.0,767895
700158256,44.0,793241
700158260,120.0,767478
700158261,138.0,767398
700158264,48.0,768057
700158297,540.0,460208
700158393,96.0,350989
700160161,14.0,739170
700160163,22.0,748525
700160177,112.0,775315
700160196,6.0,690388
700160244,39.0,778494
700160265,48.0,769242
700160311,220.0,766637
700160462,21.0,776741
700160469,6.0,776752
700160473,42.0,776812
700160572,44.0,772800
700160692,120.0,714071
700160693,44.0,757968
700160853,1.0,356612
700160861,1200.0,687390
700160863,2500.0,714748
700160876,160.0,769100
700160877,120.0,768943
700160879,1400.0,579743
700160935,840.0,711648
700161021,730.0,788021
700161022,280.0,768949
700161023,180.0,768950
700161051,192.0,721923
700161056,64.0,765990
700161058,64.0,756703
700161062,176.0,765850
700161067,132.0,763481
700161290,10.0,599162
700161292,10.0,681197
700161293,10.0,559602
700161305,10.0,746787
700161306,20.0,778520
700161309,10.0,681087
700161314,30.0,636798
700161421,1200.0,773698
700161422,480.0,773707
700161423,240.0,773687
700161485,40.0,756521
700161486,40.0,739514
700161487,25.0,441136
700161488,30.0,768500
700161489,36.0,707336
700161492,36.0,537505
700161521,36.0,777192
700161605,56.0,735003
700161607,1800.0,785556
700161620,100.0,610459
700161625,20.0,688555
700161628,32.0,730054
700161687,108.0,776246
700161689,30.0,693477
700161698,44.0,711662
700161923,1600.0,710243
700161924,400.0,793734
700161925,720.0,762965
700161926,720.0,727038
700161949,16.0,373247
700162250,360.0,673055
700162279,24.0,695819
700162281,44.0,704983
700162287,44.0,767342
700162314,8.0,768166
700162384,80.0,786280
700162443,20.0,790863
700162460,125.0,782482
700162519,44.0,714075
700162589,32.0,648635
700162591,50.0,670251
700162593,1.0,623229
700162594,1.0,532354
700162839,4.0,616020
700162840,8.0,792976
700162846,21.0,764535
700162891,32.0,777193
700162893,12.0,777201
700163122,90.0,713482
700163123,138.0,756747
700163124,78.0,782487
700163125,94.0,765993
700163429,142.0,316329
700163430,168.0,316544
700163433,114.0,350973
700164629,9.0,735779
700164696,11.0,693729
700164705,350.0,766672
700164707,450.0,758014
700164720,12.0,783993
700164954-2,8.0,404202
700164997,48.0,342795
700165244,100.0,538481
700166020,30.0,550538
700166094,5.0,522429
700166100,96.0,742062
700167535,52.0,374107
700167727,40.0,701838
700168526,125.0,397959
700168527,125.0,776361
700168528,60.0,776162
700168530,1.0,720521
700168539,10.0,792209
700168572,1020.0,771441
700168757,20.0,699988
700168758,10.0,673994
700168819,280.0,768957
700168820,280.0,746454
700168880,108.0,770117
700170081,64.0,703839
700170535,108.0,673569
700170570,24.0,343786
700170722,36.0,708597
700170795,12.0,785241
700170822,24.0,496906
700170827,6.0,590809
700170834,36.0,344484
700170974,42.0,764900
700170975,42.0,719545
700170996,56.0,779313
700171015,36.0,689820
700171066,78.0,316457
700171157-1,10.0,448990
700171157-2,13.0,413492
700171161,60.0,511673
700171206,240.0,476082
700171223,100.0,708413
700171355,54.0,781753
700171356,30.0,685443
700171459,64.0,714987
700171463,48.0,523743
700171596,8.0,354766
700171660,72.0,756842
700171661,80.0,766129
700171719,414.0,775580
700171720,44.0,767455
700171721,120.0,767453
700171801,20.0,747064
700172002,48.0,745109
700172023,1.0,325751
700172082,850.0,707290
700172120,44.0,694928
700172217,48.0,755176
700172219,48.0,746439
700172221,48.0,790213
700172222,960.0,699256
700172703,12.0,528925
700172704,12.0,499234
700172708,6.0,499750
700172713,48.0,732763
700172796,12.0,340698
700172895,105.0,345496
700173258,12.0,736527
700173265,27.0,741228
700173291,96.0,345321
700173309,60.0,757508
700173310,28.0,722065
700173311,36.0,757489
700173315,18.0,313760
700173361,30.0,690299
700173363,30.0,786216
700173397,40.0,310669
700173398,16.0,341211
700173399,60.0,309925
700173516,36.0,729368
700174001,10.0,673989
700174118,600.0,354485
700174121,6.0,779538
700174126,120.0,723007
700174127,56.0,706884
700174155,168.0,346990
700174158,41.0,327468
700174169,130.0,714905
700174273,57.0,314165
700174275,120.0,760965
700174278,480.0,778179
700174279,180.0,680216
700174280,12.0,769928
700174281,192.0,671770
700174282,108.0,794202
700174306,100.0,766430
700174307,150.0,704003
700174308,75.0,704222
700174316,2.0,702697
700174327,240.0,769647
700174386,11.0,723082
700174392,22.0,783046
700174396,11.0,695286
700174402,48.0,746050
700174403,44.0,745829
700174501,48.0,314168
700174506,7.0,786187
700174511,4.0,777295
700174512,4.0,777236
700174547,87.0,351623
700174581,56.0,764895
700174597,78.0,766075
700174598,50.0,756834
700174839,480.0,354472
700175037,8.0,792221
700175039,360.0,744097
700175040,275.0,709469
700175041,312.0,711594
700175042,240.0,744348
700175043,130.0,744057
700175044,384.0,779710
700175045,128.0,744219
700175048,70.0,744467
700175061,210.0,709662
700175062,125.0,711566
700175063,210.0,709659
700175064,175.0,744231
700175073,160.0,744096
700175076,384.0,744182
700175083,150.0,779489
700175086,78.0,779491
700175087,78.0,779697
700175138,44.0,351618
700175177,42.0,347202
700175178,100.0,327790
700175196,2.0,623081
700175202,240.0,735069
700175203,144.0,633211
700175204,96.0,713694
700175205,90.0,596352
700175207,216.0,632758
700175208,72.0,653095
700175209,42.0,633240
700175212,28.0,646152
700175235,18.0,701053
700175348,59.0,774764
700175401,100.0,716671
700175404,3.0,755199
700175410,120.0,746627
700175412,84.0,792797
700175413,120.0,785693
700175422,80.0,746770
700175449,18.0,727097
700175468,54.0,721361
700175470,18.0,708498
700175472,10.0,735687
700175483,4.0,768139
700175494,24.0,345746
700175504,15.0,771574
700175511,50.0,688033
700175525,13.0,771567
700175526,250.0,746281
700175542,50.0,770956
700175543,72.0,770967
700175568,96.0,736825
700175569,16.0,328735
700175606,2.0,686637
700175609,12.0,708635
700175615,1200.0,727086
700175634,225.0,793784
700175636,390.0,778698
700175637,180.0,778553
700175638,300.0,778545
700175639,200.0,767748
700175641,500.0,762956
700175642,840.0,681739
700175643,700.0,778493
700175645,40.0,762890
700175708,25.0,345773
700175714,15.0,345988
700176314,66.0,775464
700176340,50.0,779479
700176341,50.0,779699
700176351,40.0,689041
700176394,20.0,707536
700176483,20.0,597875
700176489,22.0,460140
700176498,10.0,446969
700176499,12.0,687205
700176503,720.0,778245
700176504,364.0,778469
700176532,8.0,340680
700176550,64.0,407869
700176551,42.0,387656
700176553,32.0,673455
700176554,42.0,719674
700176557,96.0,780137
700176558,54.0,673465
700176568,44.0,745726
700176569,120.0,793068
700176571,44.0,775398
700176572,47.0,793564
700176574,11.0,767673
700176578,33.0,783101
700176580,120.0,793454
700176582,22.0,783235
700176583,33.0,746043
700176588,24.0,695715
700177048,32.0,774235
700177049,20.0,765858
700177050,12.0,774175
700177051,60.0,756830
700177052,60.0,741613
700177053,40.0,789745
700177054,60.0,765789
700177393,12.0,697294
700177433,2450.0,316540
700177553,11.0,351490
700177554,15.0,345379
700177626,12.0,749482
700177627,20.0,694411
700177952,18.0,342220
700178870,4.0,749157
700178872,3.0,781392
700178875,13.0,314170
700178877,96.0,795612
700179336,6.0,741309
700179346,6.0,683294
700179347,108.0,683858
700179349,24.0,777903
700179352,24.0,668165
700179358,66.0,691778
700179359,66.0,509650
700179364,37.0,346805
700179365,52.0,355440
700179366,50.0,349046
700179370,2450.0,344694
700179376,2000.0,536130
700179377,1500.0,340942
700179631,24.0,676431
700179685,60.0,786192
700179691,28.0,752470
700179718,130.0,555972
700181957,19.0,773162
700193825,15.0,791715
700195024,50.0,742334
700195025,105.0,772322
700199956,208.0,408085
700208368,96.0,739102
700208386,96.0,665710
700215088,48.0,771136
700215105,7.0,516319
700215143,40.0,778144
700215144,64.0,771189
700215146,48.0,771188
700215151,8.0,703774
700215152,12.0,622416
700215156,5.0,356561
700215161,12.0,778235
700215162,18.0,757913
700215172,64.0,703837
700215210,35.0,771182
700215211,35.0,778157
700215214,35.0,631905
700296711,42.0,683716
700296762,20.0,787899
700302856,20.0,740877
700302857,20.0,599515
700303104,80.0,708615
700305864,6.0,309987
700306475,60.0,614369
700306479,128.0,612164
700306499,192.0,657202
700307272,24.0,772406
700307273,24.0,764503
700307292,32.0,629877
700307304,60.0,772430
700307309,24.0,720178
700307314,75.0,719711
700307315,75.0,772444
700307316,45.0,719917
700307324,20.0,780012
700307325,24.0,764442
700307328,20.0,772404
700307332,104.0,764463
700307334,48.0,701562
700307335,300.0,781241
700307366,30.0,772424
700307377,21.0,748114
700307381,42.0,780011
700307394,24.0,788652
700307396,60.0,748131
700307397,24.0,772200
700307398,480.0,795411
700307410,68.0,780016
700307476,60.0,772448
700307477,30.0,764481
700307491,48.0,772440
700307510,24.0,674901
700307511,85.0,666734
700307514,45.0,683480
700310923,224.0,766378
700310936,184.0,730145
700310942,210.0,730140
700310944,1050.0,504984
700310953,280.0,730239
700310957,432.0,730232
700310959,182.0,766437
700310967,194.0,766448
700310968,200.0,517238
700310973,400.0,729981
700310975,182.0,730096
700310993,224.0,505119
700310995,210.0,766393
700311001,192.0,766410
700311004,864.0,766396
700311010,1056.0,505472
700311018,480.0,505450
700311020,210.0,766449
700311021,192.0,766454
700311024,182.0,517210
700311031,576.0,766399
700314349,28.0,328089
700314352,60.0,774716
700315489,24.0,779954
700315491,3.0,729493
700315499,36.0,721237
700315500,36.0,792944
700316537,1152.0,768301
700316538,1152.0,791345
700316623,1200.0,780152
700317071,108.0,672966
700319818,48.0,721364
700319825,2.0,356581
700319826,6.0,424895
700319827,10.0,314162
700320165,40.0,568294
700320174,40.0,638267
700320204,36.0,775053
700320408,45.0,715350
700321040,100.0,780234
700321765,280.0,564059
700321870,120.0,715345
700322520,47.0,351527
700323353,24.0,351522
700323364,96.0,619644
700323374,96.0,625935
700323376,112.0,704339
700326032,42.0,561491
700326033,42.0,779326
700326034,42.0,641742
700326035,56.0,765098
700326036,56.0,765152
700326037,42.0,764940
700326038,42.0,502667
700326039,42.0,641073
700326040,42.0,764875
700326041,42.0,641862
700326073,66.0,695894
700327313,160.0,782472
700327315,40.0,344692
700327319,160.0,629921
700328969,42.0,344681
700328983,112.0,600599
700329375,100.0,773313
700329461,1152.0,716472
700329472,12.0,734132
700329487,288.0,720318
700329525,33.0,716010
700329528,72.0,712268
700329529,120.0,712393
700329544,44.0,688850
700329566,240.0,713305
700329574,450.0,720437
700329575,450.0,716205
700329579,36.0,702020
700329581,450.0,762482
700329582,72.0,784581
700329603,456.0,701423
700329630,336.0,769447
700329651,33.0,777546
700329717,1248.0,719278
700329744,40.0,715986
700329745,96.0,769029
700329771,1248.0,715977
700329772,240.0,632372
700329773,624.0,783597
700329774,660.0,701289
700329777,1248.0,773896
700329789,624.0,636485
700329800,1248.0,712241
700329830,624.0,778869
700329834,1248.0,778048
700329835,33.0,765676
700329930,44.0,773774
700329932,96.0,731984
700329994,80.0,721579
700330176-1,6.0,725435
700330176-2,6.0,767562
700334116,8.0,655351
700334455,12.0,409120
700334990,672.0,590252
700334991,468.0,629853
700334993,240.0,582898
700334999,120.0,408618
700335000,624.0,716525
700335006,624.0,716508
700336334,100.0,523643
700336490,24.0,533400
700338415,66.0,766444
700338421,44.0,631616
700338422,48.0,631639
700338849,14.0,385396
700338850,14.0,672605
700338893,1.0,680069
700338894,1.0,680054
700338926,51.0,744050
90049044,1.0,464495
90049079,1.0,449323
90049081,1.0,448781
90049084,1.0,464534
90049088,1.0,466082
90068573,1.0,449056
90073745,1.0,477279
90074956,1.0,449465
90076436,1.0,473475
90076457,1.0,449162
90076735,1.0,477156
90077490,1.0,449176
90080832,1.0,449159
90083237,1.0,477197
90102931,1.0,451019
90103654,1.0,448429
90104195,1.0,449295
90105846,1.0,449092
90108045,1.0,449278
N022.26,98.0,486066
N026.25,28.0,486024
N084.22,2719.0,440219
N092.20,280.0,440146
N114.25,6.0,457328
N146.25,60.0,458332
N149.20,20.0,440299
N163.25,18.0,485905
N165.25,64.0,492426
N203.23,10.0,446521
N205.24,2.0,447137
N248.19,100.0,440103
N277.23,10.0,486151
N307.24,106.0,486179
N331.23,1.0,447159
N340.25,5.0,459871
N381.25,146.0,457330
N497.08,392.0,486150
S001.01,75.0,440216
S001.22,2.0,440098
S001.23,84.0,486148
S001.25,23.0,459876
S001.26,96.0,490135
S002.24,4.0,476852
S003.25,40.0,486027
S004.22,161.0,440286
S004.25,218.0,485959
S005.25,49.0,486176
S006.25,68.0,486177
S007.23,50.0,441905
S010.25,39.0,486159
S011.23,7.0,446576
S011.25,40.0,458277
S012.23,166.0,485904
S013.24,68.0,485897
S013.25,25.0,485976
S014.23,80.0,439511
S014.24,68.0,486156
S015.22,9.0,476987
S015.23,233.0,486081
S016.21,200.0,437998
S017.25,75.0,458325
S018.23,432.0,447143
S019.23,72.0,441888
S022.24,32.0,465517
S025.24,10.0,486028
S027.23,1210.0,486149
S028.23,1065.0,486153
S032.23,684.0,440152
S038.23,280.0,439637
S042.23,12.0,441891
S048.23,57.0,441846
S051.23,75.0,441883
S052.23,37.0,447150
S057.23,40.0,439478
S065.23,387.0,486076
